date, pm25, pm10, o3, so2
2023/11/8, 25, 21, , 
2023/11/9, 32, 19, , 
2023/11/10, 26, 13, , 
2023/11/11, 31, 11, , 
2023/11/12, 23, 10, , 
2023/11/13, 26, 15, , 
2023/11/14, 27, 17, , 
2023/11/15, 29, 21, , 
2023/11/16, 36, , , 
2023/10/2, 39, 24, , 
2023/10/3, 46, 25, , 
2023/10/4, 41, 28, , 
2023/10/5, 48, 32, , 
2023/10/6, 51, 23, , 
2023/10/7, 36, 23, , 
2023/10/8, 34, 27, , 
2023/10/9, 43, 24, , 
2023/10/10, 43, 33, , 
2023/10/11, 55, 36, , 
2023/10/12, 47, 40, , 
2023/10/13, 54, 39, , 
2023/10/14, 52, 34, , 
2023/10/15, 50, 31, , 
2023/10/16, 44, 28, , 
2023/10/17, 34, 33, , 
2023/10/18, 38, 29, , 
2023/10/19, 37, 39, , 
2023/10/20, 52, 53, , 
2023/10/21, 67, 31, , 
2023/10/22, 44, 29, , 
2023/10/23, 44, 16, , 
2023/10/24, 35, , , 
2023/7/2, 138, 27, , 
2023/7/3, 69, 36, , 
2023/7/4, 77, 43, , 
2023/7/5, 88, 56, , 
2023/7/6, 106, 49, , 
2023/7/7, 92, 32, , 
2023/7/8, 73, 16, , 
2023/7/9, 47, 14, , 
2023/7/10, 36, 46, , 
2023/7/11, 96, 58, , 
2023/7/12, 131, 23, , 
2023/7/13, 56, 37, , 
2023/7/14, 86, 56, , 
2023/7/15, 122, 47, , 
2023/7/16, 101, 26, , 
2023/7/17, 73, 67, , 
2023/7/18, 140, 74, , 
2023/7/19, 155, 70, , 
2023/7/20, 136, 44, , 
2023/7/21, 95, 12, , 
2023/7/22, 45, 23, , 
2023/7/23, 52, 31, , 
2023/7/24, 78, 65, , 
2023/7/25, 134, 32, , 
2023/7/26, 89, 26, , 
2023/7/27, 72, 32, , 
2023/7/28, 85, 62, , 
2023/7/29, 132, 84, , 
2023/7/30, 162, 65, , 
2023/7/31, 140, 46, , 
2023/8/1, 106, 21, , 
2023/8/2, 52, 23, , 
2023/8/3, 52, 28, , 
2023/8/4, 67, 43, , 
2023/8/5, 95, 51, , 
2023/8/6, 116, 36, , 
2023/8/7, 89, 54, , 
2023/8/8, 110, 62, , 
2023/8/9, 133, 56, , 
2023/8/10, 123, 21, , 
2023/8/11, 62, 25, , 
2023/8/12, 61, 22, , 
2023/8/13, 57, 33, , 
2023/8/14, 80, 53, , 
2023/8/15, 113, 28, , 
2023/8/16, 68, 23, , 
2023/8/17, 57, 14, , 
2023/8/18, 33, 37, , 
2023/8/19, 80, 17, , 
2023/8/20, 53, 7, , 
2023/8/21, 27, 8, , 
2023/8/22, 28, 6, , 
2023/8/23, 29, 38, , 
2023/8/24, 53, 27, , 
2023/8/25, 62, 30, , 
2023/8/26, 64, 21, , 
2023/8/27, 57, 51, , 
2023/8/28, 113, 41, , 
2023/8/29, 95, 35, , 
2023/8/30, 80, 17, , 
2023/8/31, 30, 24, , 
2023/9/1, 56, 37, , 
2023/9/2, 79, 25, , 
2023/9/3, 75, 14, , 
2023/9/4, 50, 21, , 
2023/9/5, 59, 46, , 
2023/9/6, 107, 17, , 
2023/9/7, 53, 28, , 
2023/9/8, 53, 29, , 
2023/9/9, 57, 23, , 
2023/9/10, 57, 17, , 
2023/9/11, 52, 14, , 
2023/9/12, 27, 22, , 
2023/9/13, 44, 44, , 
2023/9/14, 81, 40, , 
2023/9/15, 85, 19, , 
2023/9/16, 44, 17, , 
2023/9/17, 43, 15, , 
2023/9/18, 31, 19, , 
2023/9/19, 50, 25, , 
2023/9/20, 58, 38, , 
2023/9/21, 77, 25, , 
2023/9/22, 48, 34, , 
2023/9/23, 56, 20, , 
2023/9/24, 45, 19, , 
2023/9/25, 39, 23, , 
2023/9/26, 46, 15, , 
2023/9/27, 28, 21, , 
2023/9/28, 46, 18, , 
2023/9/29, 37, 36, , 
2023/9/30, 60, 39, , 
2023/10/1, 59, 19, , 
2023/4/2, 65, 33, , 
2023/4/3, 46, 41, , 
2023/4/4, 48, 52, , 
2023/4/5, 61, 43, , 
2023/4/6, 41, 47, , 
2023/4/7, 54, 34, , 
2023/4/8, 52, 42, , 
2023/4/9, 55, 46, , 
2023/4/10, 65, 58, , 
2023/4/11, 66, 35, , 
2023/4/12, 37, 34, , 
2023/4/13, 32, 24, , 
2023/4/14, 28, 39, , 
2023/4/15, 68, 46, , 
2023/4/16, 81, 41, , 
2023/4/17, 67, 39, , 
2023/4/18, 51, 45, , 
2023/4/19, 59, 70, , 
2023/4/20, 108, 56, , 
2023/4/21, 59, 26, , 
2023/4/22, 33, 31, , 
2023/4/23, 64, 46, , 
2023/4/24, 93, 36, , 
2023/4/25, 70, 52, , 
2023/4/26, 109, 91, , 
2023/4/27, 164, 70, , 
2023/4/28, 122, 56, , 
2023/4/29, 64, 10, , 
2023/4/30, 15, 12, , 
2023/5/1, 21, 19, , 
2023/5/2, 45, 25, , 
2023/5/3, 65, 37, , 
2023/5/4, 87, 35, , 
2023/5/5, 91, 54, , 
2023/5/6, 122, 58, , 
2023/5/7, 131, 37, , 
2023/5/8, 98, 57, , 
2023/5/9, 127, 67, , 
2023/5/10, 139, 67, , 
2023/5/11, 132, 65, , 
2023/5/12, 135, 50, , 
2023/5/13, 100, 44, , 
2023/5/14, 87, 56, , 
2023/5/15, 105, 47, , 
2023/5/16, 89, 42, , 
2023/5/17, 82, 40, , 
2023/5/18, 62, 35, , 
2023/5/19, 83, 54, , 
2023/5/20, 122, 52, , 
2023/5/21, 110, 34, , 
2023/5/22, 81, 32, , 
2023/5/23, 39, 17, , 
2023/5/24, 40, 35, , 
2023/5/25, 66, 62, , 
2023/5/26, 127, 43, , 
2023/5/27, 89, 32, , 
2023/5/28, 80, 65, , 
2023/5/29, 156, 55, , 
2023/5/30, 143, 85, , 
2023/5/31, 174, 36, , 
2023/6/1, 129, 35, , 
2023/6/2, 88, 30, , 
2023/6/3, 67, 29, , 
2023/6/4, 63, 19, , 
2023/6/5, 53, 47, , 
2023/6/6, 106, 71, , 
2023/6/7, 154, 65, , 
2023/6/8, 129, 36, , 
2023/6/9, 75, 36, , 
2023/6/10, 66, 24, , 
2023/6/11, 59, 26, , 
2023/6/12, 69, 42, , 
2023/6/13, 107, 56, , 
2023/6/14, 134, 87, , 
2023/6/15, 167, 88, , 
2023/6/16, 167, 38, , 
2023/6/17, 94, 28, , 
2023/6/18, 80, 57, , 
2023/6/19, 133, 77, , 
2023/6/20, 148, 68, , 
2023/6/21, 148, 49, , 
2023/6/22, 112, 13, , 
2023/6/23, 38, 8, , 
2023/6/24, 17, 10, , 
2023/6/25, 30, 14, , 
2023/6/26, 34, 31, , 
2023/6/27, 79, 24, , 
2023/6/28, 52, 37, , 
2023/6/29, 80, 57, , 
2023/6/30, 120, 71, , 
2023/7/1, 144, 64, , 
2023/1/3, 37, 27, 32, 1
2023/1/4, 36, 33, 41, 1
2023/1/5, 42, 27, 30, 1
2023/1/6, 48, 27, 31, 1
2023/1/7, 52, 27, 33, 1
2023/1/8, 49, 24, 32, 1
2023/1/9, 38, 21, 26, 1
2023/1/10, 35, 24, 32, 1
2023/1/11, 43, 34, 34, 1
2023/1/12, 47, 35, 37, 1
2023/1/13, 45, 40, 39, 1
2023/1/14, 31, 30, 28, 2
2023/1/15, 10, 32, 40, 1
2023/1/16, 5, 53, 33, 1
2023/1/17, 26, 35, 29, 1
2023/1/18, 47, 41, 39, 1
2023/1/19, 47, 34, 26, 1
2023/1/20, 41, 27, 37, 1
2023/1/21, 35, 32, 43, 1
2023/1/22, 46, 29, 34, 1
2023/1/23, 34, 35, 35, 1
2023/1/24, 39, 21, 31, 1
2023/1/25, 25, 25, 40, 1
2023/1/26, 31, 27, 34, 1
2023/1/27, 33, 31, 38, 1
2023/1/28, 36, 33, 42, 1
2023/1/29, 46, 35, 40, 1
2023/1/30, 45, 27, 39, 1
2023/1/31, 28, 33, 34, 1
2023/2/1, 43, 36, 42, 1
2023/2/2, 42, 50, 47, 1
2023/2/3, 67, 57, 47, 1
2023/2/4, 76, 36, 34, 1
2023/2/5, 50, 92, 47, 1
2023/2/6, 157, 83, 81, 1
2023/2/7, 144, 107, 72, 1
2023/2/8, 189, 127, 100, 2
2023/2/9, 209, 114, 88, 2
2023/2/10, 197, 94, 57, 2
2023/2/11, 165, 71, 66, 2
2023/2/12, 142, 63, 48, 2
2023/2/13, 114, 26, 7, 2
2023/2/14, 36, 37, , 
2023/2/15, 42, 36, , 
2023/2/16, 44, 34, , 
2023/2/17, 45, 45, , 
2023/2/18, 58, 50, , 
2023/2/19, 60, 37, , 
2023/2/20, 56, 53, , 
2023/2/21, 92, 57, , 
2023/2/22, 99, 45, , 
2023/2/23, 63, 44, , 
2023/2/24, 64, 40, , 
2023/2/25, 51, 27, , 
2023/2/26, 41, 31, , 
2023/2/27, 39, 38, , 
2023/2/28, 51, 45, , 
2023/3/1, 51, 38, , 
2023/3/2, 34, 34, , 
2023/3/3, 30, 46, , 
2023/3/4, 44, 36, , 
2023/3/5, 37, 44, , 
2023/3/6, 66, 37, , 
2023/3/7, 43, 24, , 
2023/3/8, 20, 17, , 
2023/3/9, 18, 33, , 
2023/3/10, 25, 68, , 
2023/3/11, 34, 24, , 
2023/3/12, 15, 20, , 
2023/3/13, 12, 26, , 
2023/3/14, 19, 26, , 
2023/3/15, 19, 26, , 
2023/3/16, 22, 35, , 
2023/3/17, 28, 26, , 
2023/3/18, 18, 29, , 
2023/3/19, 24, 21, , 
2023/3/20, 16, 33, , 
2023/3/21, 29, 47, , 
2023/3/22, 49, 63, , 
2023/3/23, 64, 59, , 
2023/3/24, 87, 60, , 
2023/3/25, 82, 52, , 
2023/3/26, 78, 53, , 
2023/3/27, 83, 47, , 
2023/3/28, 68, 33, , 
2023/3/29, 39, 28, , 
2023/3/30, 28, 39, , 
2023/3/31, 42, 46, , 
2023/4/1, 54, 52, , 
2022/10/2, 54, 25, 29, 6
2022/10/3, 45, 19, 11, 2
2022/10/4, 38, 27, 14, 2
2022/10/5, 49, 29, 26, 1
2022/10/6, 46, 26, 27, 1
2022/10/7, 38, 25, 23, 7
2022/10/8, 41, 16, 22, 1
2022/10/9, 33, 20, 22, 8
2022/10/10, 45, 24, 23, 1
2022/10/11, 43, 34, 26, 2
2022/10/12, 48, 30, 24, 1
2022/10/13, 46, 35, 30, 4
2022/10/14, 41, 36, 29, 10
2022/10/15, 47, 42, 39, 1
2022/10/16, 62, 32, 34, 4
2022/10/17, 41, 24, 20, 9
2022/10/18, 25, 15, 26, 1
2022/10/19, 13, 25, 24, 1
2022/10/20, 36, 30, 32, 
2022/10/21, 49, 22, 27, 1
2022/10/22, 26, 30, 38, 1
2022/10/23, 39, 22, 33, 2
2022/10/24, 31, 27, 34, 3
2022/10/25, 39, 29, 21, 1
2022/10/26, 24, 23, 31, 8
2022/10/27, 25, 27, 34, 5
2022/10/28, 32, 28, 28, 8
2022/10/29, 30, 31, 24, 5
2022/10/30, 28, 32, 26, 1
2022/10/31, 30, 55, 32, 10
2022/11/1, 50, 45, 42, 1
2022/11/2, 65, 38, 40, 6
2022/11/3, 54, 34, 32, 1
2022/11/4, 47, 30, 26, 1
2022/11/5, 42, 30, 32, 1
2022/11/6, 49, 27, 39, 1
2022/11/7, 46, 36, 39, 1
2022/11/8, 48, 28, 21, 1
2022/11/9, 37, 15, 20, 1
2022/11/10, 17, 14, 24, 1
2022/11/11, 24, 16, 20, 1
2022/11/12, 24, 10, 19, 1
2022/11/13, 16, 13, 24, 1
2022/11/14, 26, 14, 32, 1
2022/11/15, 26, 19, 30, 1
2022/11/16, 33, 24, 34, 1
2022/11/17, 38, 27, 39, 1
2022/11/18, 43, 30, 36, 1
2022/11/19, 29, 22, 30, 1
2022/11/20, 29, 19, 27, 3
2022/11/21, 26, 29, 32, 1
2022/11/22, 37, 37, 39, 1
2022/11/23, 43, 34, 31, 1
2022/11/24, 33, 28, 29, 2
2022/11/25, 35, 32, 41, 2
2022/11/26, 45, 36, 44, 1
2022/11/27, 50, 29, 26, 1
2022/11/28, 42, 24, 27, 1
2022/11/29, 40, 21, 24, 1
2022/11/30, 33, 22, 25, 1
2022/12/1, 32, 29, 34, 2
2022/12/2, 43, 37, 43, 1
2022/12/3, 45, 36, 43, 10
2022/12/4, 39, 18, 30, 22
2022/12/5, 28, 31, 36, 2
2022/12/6, 42, 26, 36, 1
2022/12/7, 29, 23, 42, 1
2022/12/8, 32, 18, 27, 1
2022/12/9, 31, 17, 23, 1
2022/12/10, 19, 24, 33, 1
2022/12/11, 31, 29, 34, 1
2022/12/12, 34, 29, 34, 1
2022/12/13, 36, 27, 42, 1
2022/12/14, 38, 31, 39, 1
2022/12/15, 41, 31, 41, 1
2022/12/16, 41, 39, 39, 1
2022/12/17, 50, 36, 28, 1
2022/12/18, 54, 26, 35, 1
2022/12/19, 39, 19, 27, 1
2022/12/20, 24, 16, 31, 1
2022/12/21, 28, 20, 33, 1
2022/12/22, 25, 23, 28, 2
2022/12/23, 25, 24, 26, 3
2022/12/24, 34, 28, 34, 2
2022/12/25, 39, 33, 33, 1
2022/12/26, 46, 24, 26, 1
2022/12/27, 40, 30, 36, 1
2022/12/28, 47, 34, 37, 1
2022/12/29, 50, 37, 43, 1
2022/12/30, 50, 42, 36, 1
2022/12/31, 65, 22, 18, 1
2023/1/1, 39, 18, 33, 3
2023/1/2, 38, 19, 29, 2
2022/7/2, 55, 24, 13, 4
2022/7/3, 87, 44, 7, 4
2022/7/4, 143, 44, 10, 4
2022/7/5, 137, 42, 11, 6
2022/7/6, 115, 20, 13, 10
2022/7/7, 71, 58, 10, 13
2022/7/8, 152, 36, 10, 5
2022/7/9, 106, 10, 17, 2
2022/7/10, 49, 16, 17, 4
2022/7/11, 69, 43, 13, 2
2022/7/12, 131, 143, 8, 5
2022/7/13, 139, 50, 14, 2
2022/7/14, 114, 15, 18, 5
2022/7/15, 54, 28, 8, 2
2022/7/16, 77, 35, 16, 2
2022/7/17, 86, 57, 8, 2
2022/7/18, 135, 22, 5, 4
2022/7/19, 59, 24, 5, 2
2022/7/20, 55, 30, 10, 6
2022/7/21, 76, 43, 6, 2
2022/7/22, 104, 60, 22, 6
2022/7/23, 110, 73, 10, 2
2022/7/24, 147, 33, 7, 2
2022/7/25, 82, 26, 9, 6
2022/7/26, 60, 34, 10, 5
2022/7/27, 68, 30, 8, 2
2022/7/28, 48, 30, 12, 3
2022/7/29, 68, 35, 6, 2
2022/7/30, 82, 48, 12, 2
2022/7/31, 107, 42, 18, 2
2022/8/1, 97, 53, 8, 2
2022/8/2, 108, 42, 12, 2
2022/8/3, 94, 68, 13, 2
2022/8/4, 146, 43, 19, 5
2022/8/5, 103, 63, 17, 7
2022/8/6, 133, 32, 16, 3
2022/8/7, 80, 17, 19, 7
2022/8/8, 45, 29, 11, 2
2022/8/9, 70, 30, 8, 3
2022/8/10, 64, 68, 21, 8
2022/8/11, 135, 45, 14, 4
2022/8/12, 95, 31, 20, 5
2022/8/13, 58, 40, 20, 5
2022/8/14, 82, 28, 18, 7
2022/8/15, 70, 21, 19, 3
2022/8/16, 45, 25, 13, 5
2022/8/17, 63, 22, 17, 3
2022/8/18, 48, 24, 17, 5
2022/8/19, 56, 33, 8, 6
2022/8/20, 71, 62, 9, 4
2022/8/21, 119, 51, 16, 6
2022/8/22, 107, 40, 7, 12
2022/8/23, 79, 28, 13, 8
2022/8/24, 69, 45, 4, 12
2022/8/25, 100, 47, 5, 2
2022/8/26, 100, 46, 6, 2
2022/8/27, 99, 44, 17, 3
2022/8/28, 91, 31, 14, 6
2022/8/29, 67, 51, 22, 8
2022/8/30, 103, 20, 12, 3
2022/8/31, 59, 26, 11, 1
2022/9/1, 66, 34, 17, 1
2022/9/2, 84, 42, 13, 
2022/9/3, 85, 48, 21, 
2022/9/4, 106, 40, 20, 1
2022/9/5, 81, 41, 23, 1
2022/9/6, 86, 20, 21, 1
2022/9/7, 72, 19, 19, 1
2022/9/8, 36, 14, 19, 1
2022/9/9, 37, 36, 16, 5
2022/9/10, 63, 24, 24, 1
2022/9/11, 51, 34, 17, 1
2022/9/12, 62, 32, 20, 5
2022/9/13, 77, 31, 23, 1
2022/9/14, 60, 43, 21, 6
2022/9/15, 81, 50, 3, 4
2022/9/16, 65, 25, , 1
2022/9/17, 56, 19, , 1
2022/9/18, 49, 13, , 6
2022/9/19, 41, 25, , 4
2022/9/20, 72, 21, , 1
2022/9/21, 53, 27, , 7
2022/9/22, 72, 21, , 10
2022/9/23, 48, 25, , 1
2022/9/24, 53, 29, , 5
2022/9/25, 65, 16, , 4
2022/9/26, 35, 19, 17, 4
2022/9/27, 43, 24, 38, 2
2022/9/28, 49, 35, 25, 4
2022/9/29, 58, 26, 12, 6
2022/9/30, 41, 32, 26, 2
2022/10/1, 53, 35, 30, 1
2022/4/2, 88, 45, 33, 1
2022/4/3, 81, 15, 17, 1
2022/4/4, 26, 27, 14, 2
2022/4/5, 44, 39, 23, 1
2022/4/6, 57, 45, 26, 2
2022/4/7, 60, 45, 26, 3
2022/4/8, 63, 27, 25, 1
2022/4/9, 36, 16, 13, 1
2022/4/10, 30, 19, 15, 1
2022/4/11, 33, 24, 15, 1
2022/4/12, 43, 35, 16, 1
2022/4/13, 48, 39, 17, 1
2022/4/14, 65, 51, 28, 1
2022/4/15, 66, 21, 16, 1
2022/4/16, 41, 33, 27, 1
2022/4/17, 67, 48, 29, 1
2022/4/18, 93, 39, 21, 1
2022/4/19, 81, 53, 25, 1
2022/4/20, 102, 22, 10, 1
2022/4/21, 45, 39, 3, 2
2022/4/22, 87, 29, 10, 1
2022/4/23, 65, 50, 8, 1
2022/4/24, 109, 22, 9, 1
2022/4/25, 47, 8, 9, 1
2022/4/26, 26, 7, 11, 1
2022/4/27, 19, 1, 3, 1
2022/4/28, 49, 17, 2, 2
2022/4/29, 48, 30, 4, 1
2022/4/30, 73, 32, 14, 1
2022/5/1, 78, 23, 10, 1
2022/5/2, 71, 32, 5, 1
2022/5/3, 91, 49, 10, 1
2022/5/4, 105, 65, 15, 2
2022/5/5, 138, 38, 9, 1
2022/5/6, 101, 45, 9, 1
2022/5/7, 112, 57, 11, 1
2022/5/8, 135, 39, 12, 1
2022/5/9, 104, 38, 13, 6
2022/5/10, 96, 39, 5, 3
2022/5/11, 96, 55, 4, 1
2022/5/12, 127, 76, 2, 1
2022/5/13, 160, 27, 2, 1
2022/5/14, 72, 32, 2, 1
2022/5/15, 78, 62, 14, 1
2022/5/16, 150, 45, 10, 1
2022/5/17, 115, 38, 8, 2
2022/5/18, 109, 40, 5, 2
2022/5/19, 108, 45, 15, 1
2022/5/20, 107, 34, 6, 2
2022/5/21, 82, 42, 7, 2
2022/5/22, 93, 61, 4, 3
2022/5/23, 141, 33, 5, 3
2022/5/24, 90, 28, 3, 2
2022/5/25, 65, 18, 2, 4
2022/5/26, 53, 21, 1, 1
2022/5/27, 62, 21, , 1
2022/5/28, 68, 28, , 1
2022/5/29, 83, 27, 5, 1
2022/5/30, 86, 64, 4, 5
2022/5/31, 153, 71, 10, 1
2022/6/1, 180, 88, 16, 1
2022/6/2, 188, 50, 12, 1
2022/6/3, 126, 30, 9, 4
2022/6/4, 81, 25, 10, 5
2022/6/5, 72, 40, 12, 2
2022/6/6, 96, 56, 10, 2
2022/6/7, 123, 43, 8, 2
2022/6/8, 87, 54, 9, 1
2022/6/9, 111, 23, 8, 2
2022/6/10, 64, 36, 3, 3
2022/6/11, 88, 70, 15, 2
2022/6/12, 154, 24, 8, 4
2022/6/13, 74, 31, 4, 5
2022/6/14, 92, 41, 12, 3
2022/6/15, 106, 48, 10, 1
2022/6/16, 115, 24, 4, 1
2022/6/17, 72, 37, 7, 1
2022/6/18, 97, 44, 5, 4
2022/6/19, 101, 40, 4, 2
2022/6/20, 113, 63, 5, 1
2022/6/21, 155, 49, 11, 1
2022/6/22, 128, 55, 8, 1
2022/6/23, 129, 19, 14, 2
2022/6/24, 65, 1, 5, 2
2022/6/25, 92, 2, 6, 2
2022/6/26, 76, 1, 12, 2
2022/6/27, 99, 1, 15, 2
2022/6/28, 107, 18, 8, 2
2022/6/29, 94, 85, 1, 3
2022/6/30, 124, 19, 5, 2
2022/7/1, 67, 14, 15, 2
2022/1/4, 15, 20, 18, 1
2022/1/5, 22, 31, 30, 1
2022/1/6, 33, 30, 26, 1
2022/1/7, 33, 34, 35, 1
2022/1/8, 38, 41, 20, 1
2022/1/9, 35, 16, 21, 1
2022/1/10, 21, 23, 25, 1
2022/1/11, 17, 28, 27, 1
2022/1/12, 31, 3, 24, 1
2022/1/13, 19, 35, 22, 1
2022/1/14, 43, 25, 29, 1
2022/1/15, 26, 26, 21, 1
2022/1/16, 36, 23, 13, 1
2022/1/17, 32, 18, 17, 1
2022/1/18, 29, 24, 22, 1
2022/1/19, 41, 26, 24, 1
2022/1/20, 45, 25, 25, 1
2022/1/21, 46, 24, 28, 1
2022/1/22, 24, 15, 19, 1
2022/1/23, 12, 18, 22, 1
2022/1/24, 9, 23, 24, 1
2022/1/25, 18, 29, 24, 1
2022/1/26, 28, 29, 24, 1
2022/1/27, 29, 25, 21, 1
2022/1/28, 28, 25, 22, 1
2022/1/29, 29, 29, 21, 1
2022/1/30, 54, 21, 25, 1
2022/1/31, 39, 29, 25, 1
2022/2/1, 41, 47, 21, 1
2022/2/2, 45, 28, 21, 1
2022/2/3, 30, 25, 19, 1
2022/2/4, 31, 24, 25, 1
2022/2/5, 32, 24, 25, 2
2022/2/6, 24, 35, 30, 1
2022/2/7, 44, 60, 24, 1
2022/2/8, 57, 36, 29, 1
2022/2/9, 45, 47, 31, 1
2022/2/10, 75, 35, 20, 1
2022/2/11, 55, 47, 34, 1
2022/2/12, 86, 68, 48, 1
2022/2/13, 119, 43, 27, 1
2022/2/14, 65, 42, 30, 1
2022/2/15, 64, 26, 24, 1
2022/2/16, 35, 31, 31, 1
2022/2/17, 40, 48, 38, 1
2022/2/18, 71, 52, 39, 1
2022/2/19, 99, 36, 36, 1
2022/2/20, 54, 19, 19, 1
2022/2/21, 23, 31, 30, 1
2022/2/22, 29, 28, 17, 1
2022/2/23, 24, 27, 13, 1
2022/2/24, 20, 21, 21, 3
2022/2/25, 31, 24, 30, 1
2022/2/26, 36, 16, 23, 1
2022/2/27, 14, 18, 18, 1
2022/2/28, 19, 35, 27, 1
2022/3/1, 34, 44, 27, 1
2022/3/2, 59, 23, 25, 1
2022/3/3, 23, 26, 23, 1
2022/3/4, 24, 25, 23, 1
2022/3/5, 34, 28, 25, 1
2022/3/6, 36, 22, 20, 1
2022/3/7, 28, 30, 22, 1
2022/3/8, 31, 29, 20, 1
2022/3/9, 35, 27, 18, 1
2022/3/10, 26, 33, 26, 1
2022/3/11, 37, 35, 31, 1
2022/3/12, 50, 34, 24, 1
2022/3/13, 53, 38, 33, 1
2022/3/14, 70, 45, 34, 2
2022/3/15, 72, 37, 25, 1
2022/3/16, 55, 27, 19, 1
2022/3/17, 48, 28, 17, 1
2022/3/18, 46, 37, 25, 2
2022/3/19, 58, 45, 31, 1
2022/3/20, 69, 38, 28, 1
2022/3/21, 75, 32, 18, 1
2022/3/22, 48, 24, 23, 1
2022/3/23, 27, 29, 17, 1
2022/3/24, 33, 26, 16, 1
2022/3/25, 39, 36, 30, 1
2022/3/26, 57, 27, 23, 1
2022/3/27, 39, 23, 20, 1
2022/3/28, 37, 29, 25, 1
2022/3/29, 46, 34, 18, 1
2022/3/30, 31, 28, 14, 1
2022/3/31, 43, 42, 25, 1
2022/4/1, 64, 51, 29, 1
2021/10/2, 35, 10, 22, 1
2021/10/3, 28, 14, 16, 1
2021/10/4, 44, 20, , 
2021/10/5, 49, 30, , 
2021/10/6, 65, 28, , 
2021/10/7, 55, 33, , 
2021/10/8, 52, 19, , 
2021/10/9, 41, 33, , 
2021/10/10, 60, 19, , 
2021/10/11, 41, 29, , 
2021/10/12, 55, 20, , 
2021/10/13, 45, 16, , 
2021/10/14, 35, 11, , 
2021/10/15, 32, 14, , 
2021/10/16, 41, 16, , 
2021/10/17, 38, 15, , 
2021/10/18, 34, 30, , 
2021/10/19, 39, 41, , 
2021/10/20, 48, 32, , 
2021/10/21, 46, 27, , 
2021/10/22, 56, 26, , 
2021/10/23, 40, 22, , 
2021/10/24, 39, 25, , 
2021/10/25, 33, 41, , 
2021/10/26, 30, 26, , 
2021/10/27, 33, 29, , 
2021/10/28, 39, 35, , 
2021/10/29, 46, 39, , 
2021/10/30, 48, 33, 29, 1
2021/10/31, 39, 38, 21, 1
2021/11/1, 47, 24, 21, 1
2021/11/2, 39, 30, 29, 1
2021/11/3, 38, 19, 18, 1
2021/11/4, 22, 38, 20, 1
2021/11/5, 35, 28, 28, 1
2021/11/6, 39, 33, 24, 1
2021/11/7, 39, 27, 27, 1
2021/11/8, 41, 28, 26, 1
2021/11/9, 30, 27, 22, 1
2021/11/10, 29, 16, 21, 1
2021/11/11, 27, 24, 27, 1
2021/11/12, 32, 21, 19, 1
2021/11/13, 18, 15, 21, 1
2021/11/14, 19, 19, 24, 1
2021/11/15, 30, 20, 21, 1
2021/11/16, 24, 31, 27, 1
2021/11/17, 36, 33, 31, 1
2021/11/18, 37, 31, 22, 1
2021/11/19, 30, 30, 26, 1
2021/11/20, 33, 25, 31, 1
2021/11/21, 39, 22, 31, 1
2021/11/22, 31, 29, 29, 1
2021/11/23, 25, 28, 22, 1
2021/11/24, 24, 16, 21, 1
2021/11/25, 16, 26, 31, 1
2021/11/26, 40, 31, 26, 1
2021/11/27, 38, 19, 19, 1
2021/11/28, 29, 26, 24, 1
2021/11/29, 33, 27, 29, 1
2021/11/30, 34, 21, 20, 1
2021/12/1, 26, 20, 23, 1
2021/12/2, 34, 32, 24, 1
2021/12/3, 40, 32, 24, 1
2021/12/4, 44, 27, 34, 1
2021/12/5, 40, 36, 36, 1
2021/12/6, 50, 32, 23, 1
2021/12/7, 45, 23, 20, 1
2021/12/8, 25, 23, 32, 1
2021/12/9, 38, 36, 27, 1
2021/12/10, 44, 22, 19, 1
2021/12/11, 33, 15, 14, 1
2021/12/12, 17, 14, 18, 1
2021/12/13, 25, 20, 24, 1
2021/12/14, 30, 27, 26, 1
2021/12/15, 37, 25, 31, 1
2021/12/16, 33, 28, 24, 1
2021/12/17, 30, 25, 27, 1
2021/12/18, 31, 27, 34, 1
2021/12/19, 36, 29, 34, 1
2021/12/20, 37, 35, 35, 1
2021/12/21, 45, 33, 32, 1
2021/12/22, 40, 46, 29, 1
2021/12/23, 59, 29, 24, 2
2021/12/24, 44, 33, 32, 1
2021/12/25, 45, 42, 36, 1
2021/12/26, 71, 44, 35, 1
2021/12/27, 83, 51, 33, 1
2021/12/28, 91, 37, 27, 1
2021/12/29, 60, 23, 12, 1
2021/12/30, 37, 26, 27, 1
2021/12/31, 30, 53, 28, 1
2022/1/1, 41, 17, 21, 1
2022/1/2, 16, 15, 18, 1
2022/1/3, 19, 17, 15, 1
2021/7/2, 219, 77, 10, 1
2021/7/3, 175, 50, 9, 1
2021/7/4, 125, 91, 16, 1
2021/7/5, 201, 78, 16, 1
2021/7/6, 181, 68, 12, 1
2021/7/7, 166, 48, 8, 1
2021/7/8, 144, 70, 14, 1
2021/7/9, 157, 62, 4, 1
2021/7/10, 155, 33, 8, 1
2021/7/11, 92, 30, 3, 1
2021/7/12, 89, 67, 11, 1
2021/7/13, 160, 53, 2, 1
2021/7/14, 141, 30, 2, 1
2021/7/15, 77, 38, 4, 1
2021/7/16, 97, 70, 13, 1
2021/7/17, 172, 33, 8, 1
2021/7/18, 105, 35, 9, 1
2021/7/19, 99, 78, 10, 1
2021/7/20, 184, 75, 12, 1
2021/7/21, 167, 88, 6, 1
2021/7/22, 187, 76, 18, 1
2021/7/23, 171, 48, 2, 1
2021/7/24, 123, 60, 9, 1
2021/7/25, 156, 42, 9, 1
2021/7/26, 124, 21, 10, 1
2021/7/27, 72, 33, 6, 1
2021/7/28, 84, 108, 9, 1
2021/7/29, 200, 100, 13, 1
2021/7/30, 184, 92, 13, 1
2021/7/31, 179, 84, 5, 1
2021/8/1, 187, 72, 10, 3
2021/8/2, 175, 81, 10, 1
2021/8/3, 187, 76, 9, 1
2021/8/4, 164, 76, 6, 1
2021/8/5, 167, 57, 9, 2
2021/8/6, 147, 79, 12, 1
2021/8/7, 180, 53, 12, 1
2021/8/8, 134, 39, 12, 1
2021/8/9, 103, 68, 8, 1
2021/8/10, 151, 73, 25, 1
2021/8/11, 168, 68, 13, 1
2021/8/12, 165, 103, 10, 1
2021/8/13, 215, 53, 12, 1
2021/8/14, 142, 64, 18, 1
2021/8/15, 160, 83, 12, 1
2021/8/16, 180, 40, 9, 1
2021/8/17, 105, 19, 11, 4
2021/8/18, 64, 18, 16, 9
2021/8/19, 63, 21, 16, 1
2021/8/20, 72, 41, 7, 2
2021/8/21, 108, 27, 16, 2
2021/8/22, 47, 19, 17, 3
2021/8/23, 53, 24, 7, 1
2021/8/24, 67, 31, 10, 1
2021/8/25, 87, 33, 15, 1
2021/8/26, 83, 33, 24, 1
2021/8/27, 81, 35, 9, 1
2021/8/28, 85, 38, 14, 1
2021/8/29, 94, 37, 17, 1
2021/8/30, 90, 21, 8, 1
2021/8/31, 56, 30, 17, 1
2021/9/1, 69, 35, 16, 1
2021/9/2, 83, 47, 20, 1
2021/9/3, 99, 19, 16, 1
2021/9/4, 55, 18, 21, 3
2021/9/5, 49, 23, 18, 1
2021/9/6, 62, 15, 14, 1
2021/9/7, 39, 32, 15, 1
2021/9/8, 80, 33, 17, 1
2021/9/9, 79, 32, 37, 1
2021/9/10, 76, 54, 25, 1
2021/9/11, 115, 26, 23, 1
2021/9/12, 53, 12, 20, 1
2021/9/13, 33, 18, 19, 1
2021/9/14, 57, 22, 18, 2
2021/9/15, 67, 24, 20, 1
2021/9/16, 65, 25, 22, 1
2021/9/17, 64, 29, 22, 1
2021/9/18, 77, 26, 18, 1
2021/9/19, 80, 23, 20, 1
2021/9/20, 67, 27, 20, 1
2021/9/21, 63, 34, 24, 1
2021/9/22, 70, 23, 25, 1
2021/9/23, 50, 28, 26, 1
2021/9/24, 60, 41, 35, 1
2021/9/25, 74, 17, 27, 1
2021/9/26, 45, 13, 17, 2
2021/9/27, 43, 25, 20, 1
2021/9/28, 53, 36, 31, 1
2021/9/29, 67, 27, 25, 4
2021/9/30, 54, 12, 25, 1
2021/10/1, 34, 14, 23, 1
2021/4/2, 100, 37, 22, 
2021/4/3, 82, 38, 23, 
2021/4/4, 78, 35, 13, 
2021/4/5, 63, 28, 18, 10
2021/4/6, 50, 28, 18, 1
2021/4/7, 46, 45, 21, 1
2021/4/8, 79, 34, 24, 
2021/4/9, 58, 31, 13, 1
2021/4/10, 52, 35, 16, 1
2021/4/11, 62, 34, 16, 1
2021/4/12, 63, 44, 19, 1
2021/4/13, 64, 50, 25, 3
2021/4/14, 67, 48, 26, 1
2021/4/15, 72, 49, 20, 1
2021/4/16, 78, 56, 21, 1
2021/4/17, 95, 44, 10, 1
2021/4/18, 71, 33, 21, 2
2021/4/19, 65, 46, 16, 1
2021/4/20, 85, 34, 15, 1
2021/4/21, 59, 27, 11, 3
2021/4/22, 41, 19, 7, 1
2021/4/23, 49, 36, 10, 1
2021/4/24, 88, 60, 13, 1
2021/4/25, 148, 52, 20, 6
2021/4/26, 135, 51, 16, 1
2021/4/27, 123, 66, 45, 4
2021/4/28, 149, 73, 31, 6
2021/4/29, 163, 60, 27, 9
2021/4/30, 143, 55, 19, 4
2021/5/1, 118, 40, 14, 5
2021/5/2, 88, 43, 15, 8
2021/5/3, 99, 28, 12, 3
2021/5/4, 70, 65, 12, 2
2021/5/5, 88, 78, 12, 2
2021/5/6, 160, 52, 19, 18
2021/5/7, 128, 52, 20, 1
2021/5/8, 120, 37, 16, 1
2021/5/9, 88, 37, 9, 1
2021/5/10, 93, 72, 13, 1
2021/5/11, 169, 85, 17, 3
2021/5/12, 189, 84, 19, 5
2021/5/13, 174, 83, 20, 14
2021/5/14, 183, 94, 16, 15
2021/5/15, 187, 69, 11, 2
2021/5/16, 167, 75, 17, 4
2021/5/17, 179, 67, 17, 1
2021/5/18, 165, 64, 12, 1
2021/5/19, 155, 51, 12, 4
2021/5/20, 132, 46, 2, 6
2021/5/21, 124, 33, 13, 8
2021/5/22, 101, 47, 11, 4
2021/5/23, 134, 25, 8, 26
2021/5/24, 74, 38, 11, 2
2021/5/25, 102, 41, 4, 13
2021/5/26, 106, 73, 5, 16
2021/5/27, 167, 74, 9, 14
2021/5/28, 165, 63, 6, 5
2021/5/29, 147, 31, 4, 12
2021/5/30, 78, 28, 11, 3
2021/5/31, 78, 57, 7, 2
2021/6/1, 137, 57, 1, 1
2021/6/2, 131, 42, 2, 1
2021/6/3, 109, 23, 5, 1
2021/6/4, 58, 21, 6, 1
2021/6/5, 55, 26, 5, 1
2021/6/6, 74, 33, 5, 1
2021/6/7, 98, 48, 13, 1
2021/6/8, 111, 71, 46, 4
2021/6/9, 157, 63, 1, 3
2021/6/10, 148, 38, 6, 3
2021/6/11, 91, 42, 4, 10
2021/6/12, 93, 60, 4, 1
2021/6/13, 145, 47, 7, 16
2021/6/14, 132, 24, 1, 1
2021/6/15, 74, 39, 3, 1
2021/6/16, 104, 65, 7, 1
2021/6/17, 155, 97, 8, 1
2021/6/18, 182, 82, 7, 1
2021/6/19, 175, 61, 8, 12
2021/6/20, 152, 77, 9, 1
2021/6/21, 186, 64, 12, 2
2021/6/22, 155, 62, 10, 1
2021/6/23, 147, 31, 7, 1
2021/6/24, 86, 46, 2, 1
2021/6/25, 119, 49, 11, 1
2021/6/26, 124, 51, 6, 1
2021/6/27, 127, 53, 8, 1
2021/6/28, 154, 68, 9, 1
2021/6/29, 180, 112, 4, 1
2021/6/30, 215, 115, 1, 1
2021/7/1, 214, 113, 6, 1
2021/1/5, 46, 39, 25, 
2021/1/6, 56, 57, 26, 
2021/1/7, 66, 34, 31, 
2021/1/8, 56, 35, 25, 
2021/1/9, 53, 30, 22, 
2021/1/10, 50, 21, 19, 
2021/1/11, 34, 20, 20, 
2021/1/12, 29, 28, 26, 
2021/1/13, 38, 34, 31, 
2021/1/14, 47, 60, 31, 
2021/1/15, 57, 33, 24, 
2021/1/16, 45, 31, 21, 
2021/1/17, 38, 28, 27, 
2021/1/18, 42, 38, 31, 
2021/1/19, 56, 44, 26, 
2021/1/20, 64, 39, 25, 
2021/1/21, 58, 33, 23, 
2021/1/22, 51, 32, 26, 
2021/1/23, 50, 31, 22, 1
2021/1/24, 47, 28, 24, 
2021/1/25, 46, 33, 28, 
2021/1/26, 51, 41, 47, 
2021/1/27, 63, 44, 51, 4
2021/1/28, 59, 40, 19, 
2021/1/29, 52, 28, 10, 
2021/1/30, 46, 15, 7, 
2021/1/31, 17, 11, 14, 
2021/2/1, 19, 14, 12, 
2021/2/2, 30, 17, 23, 
2021/2/3, 13, 23, 26, 
2021/2/4, 6, 27, 26, 2
2021/2/5, 8, 19, 26, 
2021/2/6, 23, 16, 12, 
2021/2/7, 27, 14, 26, 
2021/2/8, 23, 23, 26, 1
2021/2/9, 39, 28, 34, 
2021/2/10, 46, 24, 23, 
2021/2/11, 33, 30, 10, 
2021/2/12, 18, 25, 14, 
2021/2/13, 25, 23, 20, 
2021/2/14, 38, 20, 17, 
2021/2/15, 30, 22, 11, 1
2021/2/16, 30, 24, 12, 1
2021/2/17, 29, 24, 27, 
2021/2/18, 34, 22, 31, 1
2021/2/19, 29, 23, 29, 1
2021/2/20, 25, 26, 38, 
2021/2/21, 37, 25, 35, 
2021/2/22, 38, 28, 31, 
2021/2/23, 37, 36, 29, 
2021/2/24, 45, 41, 35, 
2021/2/25, 50, 34, 27, 
2021/2/26, 45, 32, 6, 1
2021/2/27, 42, 36, , 3
2021/2/28, 48, 36, , 
2021/3/1, 48, 36, 24, 
2021/3/2, 40, 32, 38, 
2021/3/3, 40, 36, 27, 
2021/3/4, 40, 43, 27, 1
2021/3/5, 47, 32, 17, 
2021/3/6, 33, 25, 19, 1
2021/3/7, 31, 30, 25, 1
2021/3/8, 40, 36, 22, 
2021/3/9, 49, 39, 25, 
2021/3/10, 52, 35, 19, 
2021/3/11, 50, 30, 13, 1
2021/3/12, 36, 27, 24, 1
2021/3/13, 36, 29, 20, 
2021/3/14, 37, 25, 16, 
2021/3/15, 30, 20, 8, 
2021/3/16, 27, 22, 15, 3
2021/3/17, 33, 31, 20, 
2021/3/18, 44, 28, 11, 
2021/3/19, 45, 25, 13, 
2021/3/20, 39, 23, 18, 2
2021/3/21, 35, 22, 17, 8
2021/3/22, 33, 31, 34, 4
2021/3/23, 38, 44, 28, 1
2021/3/24, 68, 44, 27, 
2021/3/25, 76, 37, 18, 
2021/3/26, 62, 41, 19, 2
2021/3/27, 62, 46, 26, 
2021/3/28, 71, 41, 28, 
2021/3/29, 64, 35, 17, 
2021/3/30, 58, 38, 22, 
2021/3/31, 59, 63, 25, 
2021/4/1, 116, 52, 22, 
2020/10/2, 61, 28, 23, 
2020/10/3, 67, 25, 25, 
2020/10/4, 61, 21, 23, 2
2020/10/5, 44, 29, 26, 4
2020/10/6, 54, 33, 27, 1
2020/10/7, 58, 32, 25, 
2020/10/8, 54, 36, 12, 13
2020/10/9, 57, 40, 13, 12
2020/10/10, 57, 39, 13, 1
2020/10/11, 52, 33, 8, 
2020/10/12, 47, 36, 10, 
2020/10/13, 59, 42, 14, 
2020/10/14, 58, 38, 28, 
2020/10/15, 52, 39, 33, 
2020/10/16, 58, 36, 18, 1
2020/10/17, 56, 26, 24, 1
2020/10/18, 58, 22, 24, 
2020/10/19, 57, 27, 25, 1
2020/10/20, 47, 38, 27, 1
2020/10/21, 44, 41, 27, 
2020/10/22, 53, 34, 32, 2
2020/10/23, 55, 39, 31, 
2020/10/24, 60, 35, 23, 
2020/10/25, 46, 20, 15, 
2020/10/26, 36, 22, 23, 1
2020/10/27, 40, 24, 14, 
2020/10/28, 39, 28, 21, 
2020/10/29, 39, 32, 25, 
2020/10/30, 49, 40, 31, 
2020/10/31, 64, 36, 29, 
2020/11/1, 62, 26, 22, 
2020/11/2, 55, 29, 26, 
2020/11/3, 49, 36, 31, 
2020/11/4, 58, 34, 23, 
2020/11/5, 55, 37, 24, 2
2020/11/6, 43, 39, 27, 
2020/11/7, 50, 36, 30, 
2020/11/8, 54, 34, 19, 
2020/11/9, 49, 37, 28, 
2020/11/10, 53, 38, 25, 
2020/11/11, 57, 28, 21, 
2020/11/12, 48, 32, 27, 
2020/11/13, 55, 37, 9, 
2020/11/14, 59, 28, 24, 
2020/11/15, 44, 24, 25, 
2020/11/16, 39, 30, 28, 
2020/11/17, 46, 32, 17, 
2020/11/18, 49, 31, 24, 
2020/11/19, 49, 29, 15, 
2020/11/20, 48, 30, 30, 
2020/11/21, 27, 25, 24, 6
2020/11/22, 29, 14, 27, 1
2020/11/23, 29, 25, 21, 
2020/11/24, 31, 27, 19, 
2020/11/25, 30, 32, 20, 1
2020/11/26, 31, 37, 22, 
2020/11/27, 36, 39, 44, 
2020/11/28, 45, 30, 22, 
2020/11/29, 38, 24, 16, 
2020/11/30, 34, 33, 37, 
2020/12/1, 39, 41, 21, 
2020/12/2, 50, 36, 50, 
2020/12/3, 48, 40, 22, 
2020/12/4, 43, 39, 30, 
2020/12/5, 44, 39, 26, 
2020/12/6, 51, 36, 31, 
2020/12/7, 56, 32, 26, 
2020/12/8, 52, 26, 28, 
2020/12/9, 40, 31, 32, 
2020/12/10, 44, 35, 18, 
2020/12/11, 52, 30, 24, 
2020/12/12, 43, 31, 24, 
2020/12/13, 36, 31, 24, 
2020/12/14, 30, 29, 19, 
2020/12/15, 29, 28, 23, 
2020/12/16, 35, 31, 35, 
2020/12/17, 43, 36, 30, 
2020/12/18, 42, 27, 18, 
2020/12/19, 41, 23, 21, 
2020/12/20, 43, 21, 24, 
2020/12/21, 43, 28, 37, 
2020/12/22, 41, 35, 42, 
2020/12/23, 48, 33, 27, 
2020/12/24, 44, 34, 28, 
2020/12/25, 46, 30, 28, 
2020/12/26, 43, 23, 23, 
2020/12/27, 38, 21, 20, 
2020/12/28, 35, 27, 27, 
2020/12/29, 36, 33, 27, 
2020/12/30, 35, 31, 23, 1
2020/12/31, 31, 32, 29, 
2021/1/1, 42, 31, 25, 
2021/1/2, 51, 30, 18, 
2021/1/3, 51, 27, 27, 
2021/1/4, 48, 32, 24, 
2020/7/2, 79, 28, 12, 15
2020/7/3, 52, 46, 15, 12
2020/7/4, 95, 26, 20, 2
2020/7/5, 75, 15, 22, 2
2020/7/6, 52, 30, 22, 1
2020/7/7, 50, 55, 17, 1
2020/7/8, 131, 31, 22, 4
2020/7/9, 84, 45, 14, 9
2020/7/10, 77, 57, 13, 5
2020/7/11, 130, 40, 12, 4
2020/7/12, 99, 68, 19, 19
2020/7/13, 98, 75, 19, 5
2020/7/14, 162, 44, 13, 10
2020/7/15, 89, 79, 21, 4
2020/7/16, 153, 62, 13, 14
2020/7/17, 135, 50, 13, 8
2020/7/18, 127, 24, 14, 9
2020/7/19, 62, 23, 19, 11
2020/7/20, 58, 33, 45, 5
2020/7/21, 48, 45, 20, 5
2020/7/22, 92, 52, 19, 3
2020/7/23, 83, 87, 18, 2
2020/7/24, 162, 80, 20, 5
2020/7/25, 158, 67, 11, 16
2020/7/26, 154, 60, 15, 19
2020/7/27, 139, 39, 19, 3
2020/7/28, 107, 44, 15, 8
2020/7/29, 54, 92, 20, 9
2020/7/30, 159, 84, 15, 11
2020/7/31, 168, 78, 13, 13
2020/8/1, 154, 83, 18, 2
2020/8/2, 168, 49, 21, 4
2020/8/3, 122, 23, 24, 10
2020/8/4, 65, 46, 19, 3
2020/8/5, 67, 51, 19, 9
2020/8/6, 125, 34, 16, 5
2020/8/7, 49, 56, 13, 4
2020/8/8, 94, 82, 22, 4
2020/8/9, 156, 61, 19, 4
2020/8/10, 155, 25, 23, 2
2020/8/11, 68, 21, 17, 2
2020/8/12, 42, 36, 10, 2
2020/8/13, 66, 67, 11, 2
2020/8/14, 150, 39, 18, 2
2020/8/15, 110, 18, 18, 2
2020/8/16, 55, 26, 17, 5
2020/8/17, 53, 41, 33, 2
2020/8/18, 80, 68, 11, 2
2020/8/19, 140, 61, 11, 2
2020/8/20, 148, 55, 15, 9
2020/8/21, 92, 74, 20, 15
2020/8/22, 155, 65, 25, 
2020/8/23, 156, 42, 19, 
2020/8/24, 96, 30, 17, 
2020/8/25, 68, 24, 16, 
2020/8/26, 57, 22, 31, 
2020/8/27, 61, 45, 16, 
2020/8/28, 88, 29, 16, 
2020/8/29, 59, 21, 20, 
2020/8/30, 64, 17, 14, 
2020/8/31, 43, 30, 18, 
2020/9/1, 62, 47, 14, 
2020/9/2, 81, 55, 21, 
2020/9/3, 116, 39, 22, 1
2020/9/4, 87, 35, 31, 3
2020/9/5, 82, 33, 17, 1
2020/9/6, 86, 26, 18, 2
2020/9/7, 79, 36, 17, 
2020/9/8, 101, 32, 9, 
2020/9/9, 87, 29, 19, 3
2020/9/10, 82, 30, 15, 
2020/9/11, 74, 25, 24, 
2020/9/12, 56, 24, 20, 
2020/9/13, 58, 18, 18, 
2020/9/14, 48, 29, 17, 
2020/9/15, 61, 37, 21, 
2020/9/16, 72, 38, 18, 2
2020/9/17, 76, 36, 20, 1
2020/9/18, 84, 24, 19, 
2020/9/19, 53, 26, 19, 
2020/9/20, 50, 30, 25, 
2020/9/21, 56, 38, 17, 1
2020/9/22, 72, 47, 21, 4
2020/9/23, 92, 49, 109, 
2020/9/24, 88, 52, 28, 
2020/9/25, 100, 32, 16, 
2020/9/26, 68, 21, 23, 
2020/9/27, 53, 27, 21, 
2020/9/28, 70, 41, 22, 
2020/9/29, 80, 30, 22, 
2020/9/30, 54, 37, 14, 1
2020/10/1, 52, 36, 19, 
2020/4/2, 64, 61, 31, 1
2020/4/3, 66, 64, 40, 1
2020/4/4, 68, 52, 27, 1
2020/4/5, 62, 38, 24, 1
2020/4/6, 42, 47, 24, 3
2020/4/7, 45, 69, 36, 1
2020/4/8, 81, 65, 53, 1
2020/4/9, 103, 51, 32, 1
2020/4/10, 63, 63, 31, 1
2020/4/11, 86, 58, 24, 2
2020/4/12, 112, 48, 27, 1
2020/4/13, 91, 51, 50, 2
2020/4/14, 72, 70, 37, 1
2020/4/15, 104, 70, 35, 1
2020/4/16, 114, 64, 36, 1
2020/4/17, 82, 74, 32, 2
2020/4/18, 97, 63, 24, 2
2020/4/19, 97, 36, 20, 1
2020/4/20, 43, 44, 40, 1
2020/4/21, 48, 57, 20, 2
2020/4/22, 60, 68, 31, 1
2020/4/23, 84, 54, 21, 1
2020/4/24, 78, 30, 14, 1
2020/4/25, 50, 21, 21, 2
2020/4/26, 50, 24, 17, 2
2020/4/27, 54, 26, 17, 11
2020/4/28, 49, 26, 35, 9
2020/4/29, 59, 30, 16, 1
2020/4/30, 56, 49, 20, 1
2020/5/1, 107, 57, 27, 2
2020/5/2, 144, 65, 23, 1
2020/5/3, 111, 59, 17, 1
2020/5/4, 148, 34, 30, 1
2020/5/5, 64, 44, 13, 3
2020/5/6, 75, 51, 14, 4
2020/5/7, 87, 73, 25, 2
2020/5/8, 136, 68, 30, 2
2020/5/9, 143, 56, 27, 2
2020/5/10, 103, 44, 20, 2
2020/5/11, 113, 34, 15, 2
2020/5/12, 55, 45, 10, 1
2020/5/13, 71, 78, 14, 1
2020/5/14, 148, 74, 24, 3
2020/5/15, 159, 60, 22, 13
2020/5/16, 136, 52, 14, 6
2020/5/17, 83, 57, 19, 2
2020/5/18, 136, 39, 12, 2
2020/5/19, 98, 37, 21, 1
2020/5/20, 79, 45, 11, 1
2020/5/21, 93, 53, 15, 3
2020/5/22, 133, 63, 12, 15
2020/5/23, 157, 70, 19, 4
2020/5/24, 152, 72, 18, 14
2020/5/25, 164, 41, 8, 2
2020/5/26, 83, 64, 20, 3
2020/5/27, 141, 42, 16, 2
2020/5/28, 93, 48, 5, 1
2020/5/29, 105, 41, 2, 2
2020/5/30, 120, 45, 4, 2
2020/5/31, 92, 65, 17, 3
2020/6/1, 157, 62, 19, 2
2020/6/2, 125, 74, 74, 2
2020/6/3, 161, 70, 11, 1
2020/6/4, 154, 77, 15, 1
2020/6/5, 157, 81, 16, 1
2020/6/6, 163, 81, 19, 1
2020/6/7, 166, 77, 20, 5
2020/6/8, 167, 79, 36, 11
2020/6/9, 164, 71, 16, 7
2020/6/10, 162, 69, 19, 2
2020/6/11, 151, 58, 18, 1
2020/6/12, 149, 36, 20, 2
2020/6/13, 77, 55, 14, 14
2020/6/14, 146, 45, 14, 1
2020/6/15, 100, 45, 15, 2
2020/6/16, 129, 37, 8, 2
2020/6/17, 73, 32, 13, 1
2020/6/18, 90, 25, 26, 4
2020/6/19, 69, 25, 17, 11
2020/6/20, 62, 24, 16, 16
2020/6/21, 79, 32, 16, 12
2020/6/22, 67, 35, 38, 6
2020/6/23, 104, 24, 21, 2
2020/6/24, 65, 19, 20, 2
2020/6/25, 74, 31, 14, 3
2020/6/26, 77, 41, 16, 3
2020/6/27, 111, 73, 10, 13
2020/6/28, 114, 64, 11, 4
2020/6/29, 170, 43, 19, 2
2020/6/30, 94, 37, 26, 14
2020/7/1, 62, 34, 21, 18
2020/1/2, 60, 40, 29, 1
2020/1/3, 51, 42, 39, 1
2020/1/4, 50, 39, 29, 1
2020/1/5, 44, 44, 22, 1
2020/1/6, 60, 31, 27, 1
2020/1/7, 46, 37, 23, 1
2020/1/8, 42, 28, 15, 1
2020/1/9, 32, 25, 39, 1
2020/1/10, 27, 30, 33, 1
2020/1/11, 32, 32, 39, 1
2020/1/12, 36, 37, 39, 1
2020/1/13, 45, 36, 49, 1
2020/1/14, 45, 48, 35, 1
2020/1/15, 48, 62, 24, 1
2020/1/16, 19, 56, 35, 1
2020/1/17, 9, 52, 39, 1
2020/1/18, 10, 44, 38, 1
2020/1/19, 42, 40, 26, 1
2020/1/20, 57, 38, 40, 1
2020/1/21, 54, 43, 37, 1
2020/1/22, 54, 42, 26, 1
2020/1/23, 55, 35, 23, 1
2020/1/24, 45, 41, 38, 1
2020/1/25, 48, 51, 39, 1
2020/1/26, 60, 102, 30, 1
2020/1/27, 61, 38, 32, 1
2020/1/28, 46, 45, 39, 1
2020/1/29, 55, 40, 24, 1
2020/1/30, 54, 41, 33, 1
2020/1/31, 52, 44, 40, 1
2020/2/1, 54, 46, 30, 1
2020/2/2, 56, 35, 27, 1
2020/2/3, 41, 30, 38, 1
2020/2/4, 24, 31, 23, 1
2020/2/5, 28, 32, 28, 1
2020/2/6, 26, 35, 26, 1
2020/2/7, 34, 37, 34, 1
2020/2/8, 33, 43, 41, 1
2020/2/9, 47, 43, 17, 1
2020/2/10, 53, 41, , 
2020/2/11, 55, 43, , 
2020/2/12, 61, 46, , 
2020/2/13, 62, 42, , 
2020/2/14, 54, 40, , 
2020/2/15, 36, 38, , 
2020/2/16, 45, 35, , 
2020/2/17, 43, 31, , 
2020/2/18, 31, 35, , 
2020/2/19, 28, 41, , 
2020/2/20, 40, 50, , 
2020/2/21, 47, 52, , 
2020/2/22, 58, 41, , 
2020/2/23, 51, 42, , 
2020/2/24, 49, 44, 19, 1
2020/2/25, 52, 86, 30, 1
2020/2/26, 54, 74, 40, 1
2020/2/27, 54, 54, 35, 1
2020/2/28, 59, 53, 48, 1
2020/2/29, 58, 51, 34, 1
2020/3/1, 60, 38, 22, 1
2020/3/2, 45, 32, 33, 1
2020/3/3, 35, 43, 56, 2
2020/3/4, 43, 51, 32, 1
2020/3/5, 53, 58, 38, 1
2020/3/6, 71, 53, 38, 1
2020/3/7, 62, 39, 30, 1
2020/3/8, 47, 40, 34, 1
2020/3/9, 40, 80, 61, 1
2020/3/10, 53, 56, 38, 3
2020/3/11, 53, 47, 27, 1
2020/3/12, 44, 39, 25, 1
2020/3/13, 32, 37, 20, 1
2020/3/14, 20, 39, 26, 1
2020/3/15, 30, 42, 28, 1
2020/3/16, 40, 43, 25, 1
2020/3/17, 44, 45, 28, 1
2020/3/18, 51, 46, 32, 1
2020/3/19, 50, 44, 34, 1
2020/3/20, 38, 50, 35, 1
2020/3/21, 51, 35, 22, 1
2020/3/22, 44, 30, 22, 1
2020/3/23, 38, 32, 24, 1
2020/3/24, 30, 45, 37, 1
2020/3/25, 31, 45, 24, 1
2020/3/26, 41, 42, 27, 1
2020/3/27, 47, 38, 14, 1
2020/3/28, 41, 42, 27, 1
2020/3/29, 59, 41, 16, 1
2020/3/30, 62, , , 
2019/10/2, 63, 31, 22, 1
2019/10/3, 61, 23, 21, 1
2019/10/4, 53, 26, 10, 1
2019/10/5, 50, 33, 8, 1
2019/10/6, 56, 29, 10, 5
2019/10/7, 58, 21, 10, 3
2019/10/8, 29, 34, 9, 7
2019/10/9, 31, 37, 7, 1
2019/10/10, 51, 43, 30, 1
2019/10/16, 44, 27, 17, 1
2019/10/17, 45, 28, 42, 1
2019/10/18, 42, 32, 29, 1
2019/10/19, 43, 30, 20, 1
2019/10/20, 47, 24, 24, 1
2019/10/21, 33, 32, 25, 2
2019/10/22, 25, 38, 24, 1
2019/10/23, 29, 36, 33, 1
2019/10/24, 54, 24, 27, 1
2019/10/25, 41, 30, 28, 6
2019/10/26, 33, 32, 27, 1
2019/10/27, 37, 18, 12, 1
2019/10/28, 24, 20, 43, 1
2019/10/29, 22, 22, 20, 3
2019/10/30, 18, 28, 27, 2
2019/10/31, 29, 27, 30, 1
2019/11/1, 39, 27, 22, 1
2019/11/2, 28, 25, 26, 2
2019/11/3, 22, 21, 28, 1
2019/11/4, 32, 24, 19, 2
2019/11/5, 28, 33, 25, 4
2019/11/6, 33, 47, 37, 4
2019/11/7, 54, 43, 30, 4
2019/11/8, 47, 42, 29, 2
2019/11/9, 38, 45, 32, 1
2019/11/10, 56, 38, 34, 1
2019/11/11, 47, 51, 24, 1
2019/11/12, 47, 31, 30, 11
2019/11/13, 42, 33, 30, 1
2019/11/14, 41, 38, 48, 1
2019/11/15, 43, 35, 26, 1
2019/11/16, 41, 26, 22, 1
2019/11/17, 34, 25, 27, 1
2019/11/18, 31, 39, 35, 2
2019/11/19, 40, 41, 66, 14
2019/11/20, 48, 43, 30, 1
2019/11/21, 43, 42, 30, 2
2019/11/22, 44, 42, 28, 2
2019/11/23, 51, 31, 15, 1
2019/11/24, 46, 22, 20, 1
2019/11/25, 32, 26, 17, 12
2019/11/26, 27, 32, 23, 5
2019/11/27, 28, 43, 27, 7
2019/11/28, 25, 40, 52, 3
2019/11/29, 36, 30, 26, 1
2019/11/30, 32, 34, 28, 6
2019/12/1, 35, 33, 32, 1
2019/12/2, 37, 39, 32, 7
2019/12/3, 43, 40, 33, 5
2019/12/4, 49, 40, 33, 2
2019/12/5, 50, 44, 32, 10
2019/12/6, 54, 38, 32, 1
2019/12/7, 43, 33, 28, 2
2019/12/8, 42, 31, 32, 1
2019/12/9, 41, 33, 29, 1
2019/12/10, 39, 31, 30, 1
2019/12/11, 34, 33, 29, 16
2019/12/12, 35, 42, 84, 1
2019/12/13, 34, 46, 35, 1
2019/12/14, 42, 31, 24, 2
2019/12/15, 38, 25, 26, 2
2019/12/16, 45, 32, 32, 2
2019/12/17, 30, 36, 33, 1
2019/12/18, 39, 38, 25, 1
2019/12/19, 46, 35, 20, 2
2019/12/20, 52, 28, 26, 8
2019/12/21, 35, 34, 33, 2
2019/12/22, 36, 33, 34, 1
2019/12/23, 36, 35, 33, 1
2019/12/24, 38, 33, 16, 1
2019/12/25, 35, 25, 25, 1
2019/12/26, 27, 29, 51, 2
2019/12/27, 35, 40, 40, 1
2019/12/28, 48, 38, 27, 6
2019/12/29, 49, 31, , 
2019/12/30, 42, , , 
2019/7/2, 117, 75, 10, 1
2019/7/3, 156, 71, 9, 1
2019/7/4, 131, 56, 5, 1
2019/7/5, 131, 43, 3, 1
2019/7/6, 76, 68, 10, 1
2019/7/7, 152, 75, 10, 1
2019/7/8, 130, 75, 8, 1
2019/7/9, 157, 90, 17, 1
2019/7/10, 165, 93, 6, 1
2019/7/11, 175, 56, 10, 1
2019/7/12, 150, 56, 13, 3
2019/7/13, 123, 67, 16, 5
2019/7/14, 146, 68, 17, 7
2019/7/15, 154, 41, 15, 6
2019/7/16, 89, 54, 19, 1
2019/7/17, 111, 58, 11, 1
2019/7/18, 140, 47, 9, 1
2019/7/19, 93, 73, 7, 12
2019/7/20, 154, 73, 8, 4
2019/7/21, 160, 42, 18, 1
2019/7/22, 103, 48, 37, 1
2019/7/23, 114, 43, 13, 1
2019/7/24, 75, 83, 12, 1
2019/7/25, 160, 62, 18, 1
2019/7/26, 144, 69, 18, 3
2019/7/27, 145, 68, 10, 9
2019/7/28, 124, 81, 11, 2
2019/7/29, 168, 51, 11, 6
2019/7/30, 111, 68, 13, 14
2019/7/31, 112, 82, 13, 2
2019/8/1, 160, 34, 19, 2
2019/8/2, 80, 33, 11, 
2019/8/3, 62, 55, 9, 
2019/8/4, 79, 82, 19, 2
2019/8/5, 162, 71, 29, 11
2019/8/6, 159, 45, 13, 2
2019/8/7, 101, 36, 11, 2
2019/8/8, 74, 42, 17, 1
2019/8/9, 85, 62, 21, 1
2019/8/10, 136, 64, 15, 12
2019/8/11, 152, 66, 21, 2
2019/8/12, 157, 59, 37, 2
2019/8/13, 144, 55, 8, 2
2019/8/14, 80, 78, 19, 2
2019/8/15, 156, 51, 14, 2
2019/8/16, 101, 35, 15, 2
2019/8/17, 90, 29, 18, 3
2019/8/18, 61, 32, 8, 2
2019/8/19, 61, 52, 9, 9
2019/8/20, 102, 46, 35, 14
2019/8/21, 100, 39, 9, 2
2019/8/22, 87, 41, 13, 16
2019/8/23, 75, 64, 19, 2
2019/8/24, 123, 52, 22, 2
2019/8/25, 113, 44, 19, 4
2019/8/26, 82, 59, 13, 16
2019/8/27, 116, 48, 13, 13
2019/8/28, 96, 46, 26, 2
2019/8/29, 94, 19, 12, 2
2019/8/30, 55, 28, 16, 5
2019/8/31, 56, 27, 16, 2
2019/9/1, 59, 25, 18, 2
2019/9/2, 52, 37, 16, 2
2019/9/3, 57, 68, 23, 1
2019/9/4, 121, 70, 40, 2
2019/9/5, 152, 45, 23, 2
2019/9/6, 80, 39, 11, 2
2019/9/7, 67, 32, 13, 1
2019/9/8, 80, 23, 18, 1
2019/9/9, 60, 27, 17, 1
2019/9/10, 54, 49, 19, 1
2019/9/11, 111, 33, 15, 1
2019/9/12, 74, 30, 23, 5
2019/9/13, 62, 40, 27, 1
2019/9/14, 69, 40, 15, 3
2019/9/15, 77, 26, 19, 1
2019/9/16, 64, 18, 67, 1
2019/9/17, 29, 34, 21, 1
2019/9/18, 48, 47, 23, 1
2019/9/19, 89, 20, 22, 1
2019/9/20, 42, 19, 22, 2
2019/9/21, 32, 22, 22, 6
2019/9/22, 39, 26, 32, 1
2019/9/23, 42, 33, 25, 1
2019/9/24, 55, 39, 36, 1
2019/9/25, 68, 36, 34, 1
2019/9/26, 61, 27, 14, 1
2019/9/27, 48, 24, 21, 1
2019/9/28, 44, 34, 31, 1
2019/9/29, 60, 31, 23, 1
2019/9/30, 59, 18, 15, 1
2019/10/1, 27, 22, 19, 1
2019/4/2, 63, 57, 33, 
2019/4/3, 94, 53, 22, 
2019/4/4, 78, 31, 61, 
2019/4/5, 44, 36, 22, 
2019/4/6, 41, 50, 35, 
2019/4/7, 63, 60, 40, 
2019/4/8, 93, 51, 26, 
2019/4/9, 88, 37, 19, 
2019/4/10, 57, 52, 27, 
2019/4/11, 76, 64, 35, 
2019/4/12, 108, 52, 12, 
2019/4/13, 92, 42, 15, 
2019/4/14, 79, 34, 15, 
2019/4/15, 63, 45, 15, 
2019/4/16, 50, 100, 42, 
2019/4/17, 87, 67, 29, 
2019/4/18, 92, 62, 22, 
2019/4/19, 91, 40, 11, 
2019/4/20, 68, 31, 27, 
2019/4/21, 57, 46, 23, 
2019/4/22, 79, 51, 23, 
2019/4/23, 86, 48, 19, 
2019/4/24, 92, 57, 21, 
2019/4/25, 105, 59, 15, 
2019/4/26, 127, 59, 22, 
2019/4/27, 114, 68, 30, 
2019/4/28, 127, 63, 26, 
2019/4/29, 138, 49, 24, 
2019/4/30, 65, 64, 17, 
2019/5/1, 64, 84, 22, 
2019/5/2, 148, 84, 7, 
2019/5/3, 119, 81, 1, 
2019/5/4, 154, 44, 3, 
2019/5/5, 96, 31, 6, 
2019/5/6, 74, 36, 29, 
2019/5/8, 63, 26, 4, 
2019/5/9, 63, 29, 17, 
2019/5/10, 67, 34, 12, 
2019/5/11, 65, 70, 18, 
2019/5/12, 139, 69, 14, 
2019/5/13, 155, 48, 11, 
2019/5/14, 103, 65, 16, 
2019/5/15, 133, 78, 22, 
2019/5/16, 158, 64, 20, 
2019/5/17, 123, 55, 13, 
2019/5/18, 127, 32, 8, 
2019/5/19, 76, 29, 8, 
2019/5/20, 59, 56, 9, 
2019/5/21, 112, 47, 12, 
2019/5/22, 93, 68, 16, 
2019/5/23, 152, 72, 16, 
2019/5/24, 156, 98, 20, 
2019/5/25, 168, 99, 14, 
2019/5/26, 182, 60, 15, 
2019/5/27, 138, 72, 13, 
2019/5/28, 132, 57, 15, 
2019/5/29, 105, 45, 29, 
2019/5/30, 87, 21, 9, 
2019/5/31, 64, 7, 15, 
2019/6/1, 61, 40, 5, 
2019/6/2, 64, 69, 13, 
2019/6/3, 130, 74, 6, 
2019/6/4, 148, 77, 22, 
2019/6/5, 153, 50, 7, 
2019/6/6, 111, 33, 13, 
2019/6/7, 70, 54, 11, 
2019/6/8, 116, 59, 7, 
2019/6/9, 74, 70, 10, 
2019/6/10, 161, 31, 5, 
2019/6/11, 80, 44, 6, 
2019/6/12, 92, 38, 19, 
2019/6/13, 96, 21, 14, 
2019/6/14, 56, 35, 9, 
2019/6/15, 79, 54, 14, 
2019/6/16, 119, 38, 15, 
2019/6/17, 91, 56, 20, 
2019/6/18, 130, 40, 13, 
2019/6/19, 97, 34, 5, 
2019/6/20, 79, 93, 9, 
2019/6/21, 148, 85, 11, 1
2019/6/22, 161, 100, 14, 4
2019/6/23, 165, 104, 8, 1
2019/6/24, 160, 94, 14, 1
2019/6/25, 181, 62, 13, 1
2019/6/26, 152, 60, 6, 1
2019/6/27, 154, 46, 5, 1
2019/6/28, 108, 47, 4, 1
2019/6/29, 98, 38, 11, 1
2019/6/30, 81, 49, 9, 1
2019/7/1, 96, 54, 6, 1
2019/1/2, 30, 48, 25, 
2019/1/3, 15, 51, 38, 
2019/1/4, 20, 41, 41, 
2019/1/5, 21, 39, 28, 
2019/1/6, 43, 30, 20, 
2019/1/7, 35, 29, 17, 
2019/1/8, 20, 21, 26, 
2019/1/9, 10, 22, 18, 
2019/1/10, 12, 23, 29, 
2019/1/11, 12, 28, 24, 
2019/1/12, 13, 23, 19, 
2019/1/13, 11, 23, 22, 
2019/1/14, 11, 26, 22, 
2019/1/15, 13, 32, 32, 
2019/1/16, 22, 39, 38, 
2019/1/17, 26, 35, 28, 
2019/1/18, 16, 43, 40, 
2019/1/19, 25, 43, 26, 
2019/1/20, 12, 31, 26, 
2019/1/21, 8, 29, 33, 
2019/1/22, 8, 37, 46, 
2019/1/23, 27, 38, 34, 
2019/1/24, 37, 40, 34, 
2019/1/25, 46, 46, 45, 
2019/1/26, 54, 43, 38, 
2019/1/27, 46, 42, 35, 
2019/1/28, 42, 41, 34, 
2019/1/29, 45, 43, 39, 
2019/1/30, 43, 39, 31, 
2019/1/31, 47, 45, 30, 
2019/2/1, 41, 51, 41, 
2019/2/2, 50, 49, 34, 
2019/2/3, 49, 42, 30, 
2019/2/4, 48, 43, 32, 
2019/2/5, 46, 48, 40, 
2019/2/6, 50, 56, 20, 
2019/2/7, 72, 51, 15, 
2019/2/8, 70, 49, 19, 
2019/2/9, 56, 49, 19, 
2019/2/10, 56, 44, 15, 
2019/2/11, 52, 34, 5, 
2019/2/12, 36, 34, 13, 
2019/2/13, 39, 33, 41, 
2019/2/14, 35, 45, 38, 
2019/2/15, 43, 56, 32, 
2019/2/16, 62, 40, 19, 
2019/2/17, 54, 40, 37, 
2019/2/18, 56, 48, 39, 
2019/2/19, 70, 41, 42, 
2019/2/20, 61, 29, 25, 
2019/2/21, 38, 23, 17, 
2019/2/22, 27, 27, 27, 
2019/2/23, 25, 33, 24, 
2019/2/24, 32, 28, 25, 
2019/2/25, 25, 32, 41, 
2019/2/26, 20, 41, 31, 
2019/2/27, 35, 53, 38, 
2019/2/28, 48, 48, 32, 
2019/3/1, 67, 39, 35, 
2019/3/2, 44, 39, 32, 
2019/3/3, 41, 81, 25, 
2019/3/4, 43, 49, 32, 
2019/3/5, 39, 38, 24, 
2019/3/6, 27, 41, 29, 
2019/3/7, 34, 201, 24, 
2019/3/8, 31, 52, 26, 
2019/3/9, 31, 50, 26, 
2019/3/10, 37, 60, 23, 
2019/3/11, 39, 48, 28, 
2019/3/12, 49, 46, 45, 
2019/3/13, 50, 45, 33, 
2019/3/14, 54, 42, 28, 
2019/3/15, 44, 38, 29, 
2019/3/16, 38, 41, 28, 
2019/3/17, 45, 34, 31, 
2019/3/18, 40, 43, 24, 
2019/3/19, 38, 53, 21, 
2019/3/20, 35, 52, 39, 
2019/3/21, 68, 60, 42, 
2019/3/22, 80, 50, 30, 
2019/3/23, 69, 58, 31, 
2019/3/24, 83, 46, 31, 
2019/3/25, 77, 44, 36, 
2019/3/26, 64, 42, 30, 
2019/3/27, 58, 41, 24, 
2019/3/28, 53, 40, 30, 
2019/3/29, 56, 51, 34, 
2019/3/30, 78, 72, 27, 
2019/3/31, 124, 52, 26, 
2019/4/1, 112, 43, 31, 
2018/10/2, 26, 29, 16, 
2018/10/3, 31, 25, 12, 
2018/10/4, 33, 31, 7, 
2018/10/5, 38, 35, 4, 
2018/10/6, 49, 35, 12, 
2018/10/7, 54, 37, 4, 
2018/10/8, 68, 17, 4, 
2018/10/9, 40, 17, 10, 
2018/10/10, 20, 31, 24, 
2018/10/11, 31, 41, 4, 
2018/10/12, 75, 28, 5, 
2018/10/13, 42, 30, 10, 
2018/10/14, 49, 35, 2, 
2018/10/15, 59, 22, , 
2018/10/16, 33, 19, 17, 
2018/10/17, 17, 17, 3, 
2018/10/18, 58, 17, 6, 
2018/10/19, 21, 22, 1, 
2018/10/20, 13, 25, , 
2018/10/21, 17, 26, , 
2018/10/22, 14, 31, 8, 
2018/10/23, 13, 46, 25, 
2018/10/24, 45, 21, 26, 
2018/10/25, 26, 19, 29, 
2018/10/26, 17, 27, 33, 
2018/10/27, 20, 29, 8, 
2018/10/28, 22, 25, , 
2018/10/29, 29, 16, 19, 
2018/10/30, 14, 15, 15, 
2018/10/31, 13, 17, 23, 
2018/11/1, 19, 27, 10, 
2018/11/2, 18, 25, 15, 
2018/11/3, 36, 19, 22, 
2018/11/4, 25, 13, 23, 
2018/11/5, 11, 25, 35, 
2018/11/6, 10, 25, 26, 
2018/11/7, 24, 35, 35, 
2018/11/8, 32, 36, 37, 
2018/11/9, 39, 27, 28, 
2018/11/10, 21, 19, 15, 
2018/11/11, 12, 16, 18, 
2018/11/12, 8, 18, 18, 
2018/11/13, 9, 20, 16, 
2018/11/14, 9, 21, 26, 
2018/11/15, 19, 22, 28, 
2018/11/16, 17, 29, 31, 
2018/11/17, 11, 18, 20, 
2018/11/18, 6, 18, 27, 
2018/11/19, 10, 29, 30, 
2018/11/20, 12, 30, 33, 
2018/11/21, 19, 24, 28, 
2018/11/22, 18, 21, 30, 
2018/11/23, 9, 22, 25, 
2018/11/24, 9, , , 
2018/11/27, 18, 32, 47, 
2018/11/28, 19, 34, 32, 
2018/11/29, 22, 35, 33, 
2018/11/30, 27, 36, 23, 
2018/12/1, 30, 36, 25, 
2018/12/2, 30, 30, 26, 
2018/12/3, 26, 28, 22, 
2018/12/4, 23, 30, 23, 
2018/12/5, 21, 41, 29, 
2018/12/6, 27, 41, 37, 
2018/12/7, 49, 32, 22, 
2018/12/8, 34, 25, 23, 
2018/12/9, 23, 22, 28, 
2018/12/10, 13, 25, 39, 
2018/12/11, 14, 25, 24, 
2018/12/12, 13, 28, 29, 
2018/12/13, 16, 24, 20, 
2018/12/14, 12, 21, 25, 
2018/12/15, 8, 24, 31, 
2018/12/16, 14, 25, 32, 
2018/12/17, 29, 26, 25, 
2018/12/18, 15, 35, 41, 
2018/12/19, 24, 37, 27, 
2018/12/20, 34, 34, 24, 
2018/12/21, 25, 36, 21, 
2018/12/22, 26, 33, 18, 
2018/12/23, 28, 30, 20, 
2018/12/24, 33, 34, 17, 
2018/12/25, 30, 34, 18, 
2018/12/26, 39, 30, 43, 
2018/12/27, 31, 28, 19, 
2018/12/28, 18, 32, 40, 
2018/12/29, 19, 31, 19, 
2018/12/30, 19, 25, 14, 
2018/12/31, 11, , , 
2018/7/2, 122, 44, 15, 
2018/7/3, 89, 59, 49, 
2018/7/4, 124, 29, 16, 
2018/7/5, 75, 26, 16, 
2018/7/6, 75, 20, 16, 
2018/7/7, 57, 25, 17, 
2018/7/8, 64, 41, 11, 
2018/7/9, 50, 78, 11, 
2018/7/10, 148, 72, 52, 
2018/7/11, 160, 49, 21, 
2018/7/12, 107, 64, 16, 
2018/7/13, 140, 89, 20, 
2018/7/14, 122, 77, 16, 
2018/7/15, 165, 22, 23, 
2018/7/16, 57, 27, 18, 
2018/7/17, 54, 30, 16, 
2018/7/18, 74, 35, 18, 
2018/7/19, 77, 45, 14, 
2018/7/20, 99, 63, 24, 
2018/7/21, 152, 74, 18, 
2018/7/22, 158, 53, 26, 
2018/7/23, 149, 38, 54, 
2018/7/24, 63, 93, 22, 
2018/7/25, 158, 95, 22, 
2018/7/26, 182, 100, 23, 
2018/7/27, 177, 75, 15, 
2018/7/28, 161, 75, 21, 
2018/7/29, 153, 77, 24, 
2018/7/30, 161, 46, 17, 
2018/7/31, 102, 54, 11, 
2018/8/1, 96, 114, 11, 
2018/8/2, 163, 115, 16, 
2018/8/3, 201, 64, 32, 
2018/8/4, 155, 39, 16, 
2018/8/5, 78, 74, 14, 
2018/8/6, 136, 83, 21, 
2018/8/7, 170, 42, 24, 
2018/8/8, 97, 50, 14, 
2018/8/9, 60, 87, 40, 
2018/8/10, 157, 87, 13, 
2018/8/11, 161, 85, 14, 
2018/8/12, 160, 87, 12, 
2018/8/13, 159, 36, 13, 
2018/8/14, 78, 26, 14, 
2018/8/15, 49, 36, 20, 
2018/8/16, 67, 58, 30, 
2018/8/17, 120, 56, 11, 
2018/8/18, 126, 38, 15, 
2018/8/19, 91, 28, 18, 
2018/8/20, 36, 65, 26, 
2018/8/21, 117, 66, 16, 
2018/8/22, 142, 44, 8, 
2018/8/23, 100, 28, 11, 
2018/8/24, 71, 44, 14, 
2018/8/25, 104, 22, 17, 
2018/8/26, 65, 29, 13, 
2018/8/27, 47, 53, 6, 
2018/8/28, 102, 46, 11, 
2018/8/29, 104, 73, 25, 
2018/8/30, 154, 58, 10, 
2018/8/31, 127, 47, 12, 
2018/9/1, 92, 37, 16, 
2018/9/2, 79, 63, 16, 
2018/9/3, 115, 36, 14, 
2018/9/4, 62, 39, 15, 
2018/9/5, 56, 42, 10, 
2018/9/6, 55, 42, 29, 
2018/9/7, 83, 36, 13, 
2018/9/8, 51, 58, 16, 
2018/9/9, 95, 65, 21, 
2018/9/10, 135, 51, 22, 
2018/9/11, 87, 44, 20, 
2018/9/12, 60, 48, 18, 
2018/9/13, 63, 55, 19, 
2018/9/14, 92, 45, 18, 
2018/9/15, 65, 35, 8, 
2018/9/16, 58, 31, 20, 
2018/9/17, 68, 28, 7, 
2018/9/18, 55, 22, 16, 
2018/9/19, 58, 32, 10, 
2018/9/20, 49, 48, 4, 
2018/9/21, 86, 46, 15, 
2018/9/22, 91, 22, 12, 
2018/9/23, 36, 20, 20, 
2018/9/24, 42, 23, 20, 
2018/9/25, 25, 36, 6, 
2018/9/26, 53, 53, 6, 
2018/9/27, 90, 37, 5, 
2018/9/28, 64, 29, 3, 
2018/9/29, 56, 19, 4, 
2018/9/30, 53, 18, 8, 
2018/10/1, 29, 21, 9, 
2018/4/2, 40, 29, , 
2018/4/3, 38, 42, , 
2018/4/4, 44, 49, , 
2018/4/5, 76, 31, , 
2018/4/6, 65, 35, , 
2018/4/7, 41, 34, , 
2018/4/8, 51, 28, , 
2018/4/9, 42, 32, , 
2018/4/10, 32, 23, , 
2018/4/11, 25, 9, , 
2018/4/12, 11, 20, , 
2018/4/13, 21, 31, , 
2018/4/14, 67, 35, , 
2018/4/15, 54, 45, , 
2018/4/16, 107, 48, , 
2018/4/17, 92, 35, , 
2018/4/18, 61, 34, , 
2018/4/19, 51, 60, , 
2018/4/20, 87, 57, , 
2018/4/21, 102, 51, , 
2018/4/22, 86, 49, , 
2018/4/23, 114, 28, , 
2018/4/24, 51, 39, , 
2018/4/25, 70, 55, , 
2018/4/26, 91, 53, , 
2018/4/27, 94, 29, , 
2018/4/28, 46, 39, , 
2018/4/29, 48, 64, , 
2018/4/30, 133, 44, , 
2018/5/1, 81, 62, , 
2018/5/2, 130, 53, , 
2018/5/3, 94, 44, , 
2018/5/4, 69, 49, , 
2018/5/5, 65, 59, , 
2018/5/6, 97, 33, , 
2018/5/7, 62, 29, , 
2018/5/8, 39, 31, , 
2018/5/9, 56, 34, , 
2018/5/10, 65, 41, , 
2018/5/11, 78, 58, , 
2018/5/12, 83, 75, , 
2018/5/13, 157, 43, , 
2018/5/14, 96, 27, , 
2018/5/15, 42, 28, 5, 
2018/5/16, 56, 43, 22, 
2018/5/17, 78, 45, 18, 
2018/5/18, 103, 31, 14, 
2018/5/19, 76, 32, 10, 
2018/5/20, 56, 66, 13, 
2018/5/21, 145, 29, 7, 
2018/5/22, 68, 39, 7, 
2018/5/23, 81, 86, 19, 
2018/5/24, 155, 101, 50, 
2018/5/25, 179, 98, 27, 
2018/5/26, 182, 79, 16, 
2018/5/27, 165, 82, 21, 
2018/5/28, 156, 64, 8, 
2018/5/29, 163, 35, 15, 
2018/5/30, 91, 39, 12, 
2018/5/31, 65, 56, 9, 
2018/6/1, 137, 46, 15, 
2018/6/2, 75, 80, 16, 
2018/6/3, 162, 47, 21, 
2018/6/5, 161, 101, 25, 
2018/6/6, 180, 80, 10, 
2018/6/7, 175, 49, 9, 
2018/6/8, 80, 87, 13, 
2018/6/9, 168, 55, 14, 
2018/6/10, 131, 15, 17, 
2018/6/11, 58, 23, 15, 
2018/6/12, 59, 57, 40, 
2018/6/13, 141, 35, 4, 
2018/6/14, 80, 60, 4, 
2018/6/15, 140, 81, 6, 
2018/6/16, 156, 148, 10, 
2018/6/17, 187, 107, 10, 
2018/6/18, 185, 67, 7, 
2018/6/19, 159, 42, 13, 
2018/6/20, 108, 34, 1, 
2018/6/21, 94, 31, 7, 
2018/6/22, 74, 54, 4, 
2018/6/23, 84, 105, 9, 
2018/6/24, 179, 72, 3, 
2018/6/25, 159, 92, 6, 
2018/6/26, 163, 91, 23, 
2018/6/27, 166, 95, 7, 
2018/6/28, 184, 47, 3, 
2018/6/29, 103, 52, 4, 
2018/6/30, 100, 69, 5, 
2018/7/1, 154, 49, 15, 
2018/1/2, 40, 26, , 
2018/1/3, 25, 25, , 
2018/1/4, 28, 20, , 
2018/1/5, 19, 25, , 
2018/1/6, 20, 35, , 
2018/1/7, 29, 36, , 
2018/1/8, 23, 26, , 
2018/1/9, 33, 28, , 
2018/1/10, 21, 35, , 
2018/1/11, 22, 32, , 
2018/1/12, 20, 35, , 
2018/1/13, 17, 31, , 
2018/1/14, 25, 29, , 
2018/1/15, 26, 48, , 
2018/1/16, 21, 32, , 
2018/1/17, 32, 39, , 
2018/1/18, 38, 39, , 
2018/1/19, 31, 44, , 
2018/1/20, 32, 34, , 
2018/1/21, 30, 25, , 
2018/1/22, 29, 32, , 
2018/1/23, 30, 35, , 
2018/1/24, 36, 38, , 
2018/1/25, 34, 40, , 
2018/1/26, 40, 32, , 
2018/1/27, 35, 33, , 
2018/1/28, 31, 33, , 
2018/1/29, 23, 44, , 
2018/1/30, 31, 46, , 
2018/1/31, 34, 43, , 
2018/2/1, 29, 55, , 
2018/2/2, 51, 49, , 
2018/2/3, 57, 39, , 
2018/2/4, 48, 36, , 
2018/2/5, 44, 30, , 
2018/2/6, 29, 32, , 
2018/2/7, 24, 35, , 
2018/2/8, 34, 35, , 
2018/2/9, 24, 49, , 
2018/2/10, 22, 37, , 
2018/2/11, 23, 36, , 
2018/2/12, 28, 42, , 
2018/2/13, 34, 48, , 
2018/2/14, 51, 42, , 
2018/2/15, 45, 38, , 
2018/2/16, 39, 44, , 
2018/2/17, 44, 40, , 
2018/2/18, 45, 29, , 
2018/2/19, 30, 24, , 
2018/2/20, 15, 22, , 
2018/2/21, 13, 26, , 
2018/2/22, 27, 29, , 
2018/2/23, 22, 26, , 
2018/2/24, 22, 24, 12, 
2018/2/25, 19, 19, 26, 
2018/2/26, 19, 28, 30, 
2018/3/3, 40, 35, , 
2018/3/4, 42, 34, , 
2018/3/5, 31, 41, , 
2018/3/6, 29, 49, , 
2018/3/7, 47, 46, , 
2018/3/8, 56, 36, , 
2018/3/9, 43, 36, , 
2018/3/10, 37, 29, , 
2018/3/11, 32, 31, , 
2018/3/12, 21, 30, , 
2018/3/13, 18, 33, , 
2018/3/14, 22, 34, , 
2018/3/15, 29, 28, , 
2018/3/16, 24, 49, , 
2018/3/17, 34, 32, , 
2018/3/18, 28, 14, , 
2018/3/19, 20, 20, , 
2018/3/20, 15, 27, , 
2018/3/21, 43, 29, , 
2018/3/22, 50, 22, , 
2018/3/23, 28, 18, , 
2018/3/24, 15, 22, , 
2018/3/25, 29, 24, , 
2018/3/26, 27, 28, , 
2018/3/27, 34, 39, , 
2018/3/28, 55, 45, , 
2018/3/29, 65, 40, , 
2018/3/30, 63, 39, , 
2018/3/31, 64, 26, , 
2018/4/1, 45, 27, , 
2017/10/2, 64, 23, , 
2017/10/3, 40, 27, , 
2017/10/4, 53, 23, , 
2017/10/5, 43, 23, , 
2017/10/6, 34, 29, , 
2017/10/7, 50, 18, , 
2017/10/8, 40, 17, , 
2017/10/9, 32, 14, , 
2017/10/10, 22, 19, , 
2017/10/11, 20, 20, , 
2017/10/12, 26, 22, , 
2017/10/13, 35, 31, , 
2017/10/14, 42, 34, , 
2017/10/15, 48, 35, , 
2017/10/16, 57, 20, , 
2017/10/17, 43, 23, , 
2017/10/18, 28, 22, , 
2017/10/19, 28, 25, , 
2017/10/20, 35, 30, , 
2017/10/21, 37, 32, , 
2017/10/22, 42, 34, , 
2017/10/23, 48, 29, , 
2017/10/24, 37, 25, , 
2017/10/25, 25, 29, , 
2017/10/26, 28, 30, , 
2017/10/27, 30, 29, , 
2017/10/28, 35, 21, , 
2017/10/29, 23, 14, , 
2017/10/30, 14, 18, , 
2017/10/31, 23, 22, , 
2017/11/1, 22, 18, , 
2017/11/2, 25, 16, , 
2017/11/3, 28, 21, , 
2017/11/4, 34, 21, , 
2017/11/5, 29, 18, , 
2017/11/6, 34, 19, , 
2017/11/7, 23, 21, , 
2017/11/8, 35, 28, , 
2017/11/9, 36, 26, , 
2017/11/10, 30, 32, , 
2017/11/11, 29, 32, , 
2017/11/12, 39, 27, , 
2017/11/13, 28, 26, , 
2017/11/14, 30, 30, , 
2017/11/15, 31, 29, , 
2017/11/16, 25, 27, , 
2017/11/17, 18, 31, , 
2017/11/18, 22, 31, , 
2017/11/19, 26, 19, , 
2017/11/20, 27, 19, , 
2017/11/21, 23, 32, , 
2017/11/22, 33, 45, , 
2017/11/24, 39, 38, , 
2017/11/25, 35, 41, , 
2017/11/26, 41, 45, , 
2017/11/27, 49, 29, , 
2017/11/28, 31, 29, , 
2017/11/29, 32, 34, , 
2017/11/30, 37, 46, , 
2017/12/1, 52, 44, , 
2017/12/2, 53, 32, , 
2017/12/3, 43, 24, , 
2017/12/4, 34, 29, , 
2017/12/5, 35, 31, , 
2017/12/6, 40, 36, , 
2017/12/7, 74, 37, , 
2017/12/8, 80, 29, , 
2017/12/9, 36, 31, , 
2017/12/10, 30, 34, , 
2017/12/11, 30, 31, , 
2017/12/12, 41, 19, , 
2017/12/13, 33, 20, , 
2017/12/14, 18, 39, , 
2017/12/15, 32, 36, , 
2017/12/16, 26, 24, , 
2017/12/17, 20, 21, , 
2017/12/18, 16, 27, , 
2017/12/19, 24, 31, , 
2017/12/20, 30, 36, , 
2017/12/21, 35, 27, , 
2017/12/22, 27, 37, , 
2017/12/23, 30, 35, , 
2017/12/24, 28, 32, , 
2017/12/25, 31, 23, , 
2017/12/26, 27, 23, , 
2017/12/27, 20, 25, , 
2017/12/28, 22, 31, , 
2017/12/29, 22, 30, , 
2017/12/30, 24, 26, , 
2017/12/31, 24, 33, , 
2018/1/1, 29, 26, , 
2017/7/2, 102, 74, , 
2017/7/3, 164, 47, , 
2017/7/4, 104, 45, , 
2017/7/5, 94, 63, , 
2017/7/6, 143, 115, , 
2017/7/7, 159, 69, , 
2017/7/8, 149, 81, , 
2017/7/9, 147, 107, , 
2017/7/10, 188, 34, , 
2017/7/11, 52, 73, , 
2017/7/12, 158, 63, , 
2017/7/13, 158, 33, , 
2017/7/14, 71, 56, , 
2017/7/15, 142, 36, , 
2017/7/16, 67, 32, , 
2017/7/17, 109, 52, , 
2017/7/18, 83, 90, , 
2017/7/19, 171, 67, , 
2017/7/20, 163, 89, , 
2017/7/21, 164, 51, , 
2017/7/22, 98, 52, , 
2017/7/23, 119, 38, , 
2017/7/24, 104, 44, , 
2017/7/25, 90, 51, , 
2017/7/26, 116, 65, , 
2017/7/27, 145, 76, , 
2017/7/28, 150, 84, , 
2017/7/29, 169, 48, , 
2017/7/30, 102, 101, , 
2017/7/31, 137, 89, , 
2017/8/1, 180, 99, , 
2017/8/2, 164, 103, , 
2017/8/3, 176, 82, , 
2017/8/4, 156, 105, , 
2017/8/5, 182, 61, , 
2017/8/6, 147, 65, , 
2017/8/7, 148, 61, , 
2017/8/8, 146, 66, , 
2017/8/9, 135, 51, , 
2017/8/10, 120, 18, , 
2017/8/11, 50, 25, , 
2017/8/12, 61, 36, , 
2017/8/13, 83, 31, , 
2017/8/14, 84, 54, , 
2017/8/15, 64, 71, , 
2017/8/16, 156, 45, , 
2017/8/17, 60, 78, , 
2017/8/18, 152, 55, , 
2017/8/19, 133, 37, , 
2017/8/20, 89, 28, , 
2017/8/21, 72, 48, , 
2017/8/22, 72, 49, , 
2017/8/23, 111, 20, , 
2017/8/24, 45, 25, , 
2017/8/25, 50, 40, , 
2017/8/26, 66, 61, , 
2017/8/27, 125, 49, , 
2017/8/28, 122, 22, , 
2017/8/29, 60, 24, , 
2017/8/30, 65, 39, , 
2017/8/31, 62, 63, , 
2017/9/1, 133, 34, , 
2017/9/2, 79, 22, , 
2017/9/3, 54, 25, , 
2017/9/4, 53, 41, , 
2017/9/5, 90, 38, , 
2017/9/6, 73, , , 
2017/9/11, 97, 45, , 
2017/9/12, 79, 48, , 
2017/9/13, 95, 29, , 
2017/9/14, 55, 26, , 
2017/9/15, 38, 33, , 
2017/9/16, 37, 44, , 
2017/9/17, 61, 48, , 
2017/9/18, 84, 28, , 
2017/9/19, 59, 21, , 
2017/9/21, 39, 31, , 
2017/9/22, 34, 39, , 
2017/9/23, 59, 37, , 
2017/9/24, 55, 26, , 
2017/9/25, 42, 35, , 
2017/9/26, 41, 46, , 
2017/9/27, 63, 49, , 
2017/9/28, 60, 47, , 
2017/9/29, 62, 41, , 
2017/9/30, 57, 33, , 
2017/10/1, 57, 33, , 
2017/4/2, 54, 32, , 
2017/4/3, 45, 38, , 
2017/4/4, 28, 42, , 
2017/4/5, 43, 40, , 
2017/4/6, 53, 46, , 
2017/4/7, 56, 29, , 
2017/4/8, 43, 19, , 
2017/4/9, 25, 21, , 
2017/4/10, 40, 37, , 
2017/4/11, 59, 38, , 
2017/4/12, 51, 36, , 
2017/4/13, 61, 34, , 
2017/4/14, 55, 33, , 
2017/4/15, 55, 31, , 
2017/4/16, 58, 47, , 
2017/4/17, 68, 51, , 
2017/4/18, 78, 46, , 
2017/4/19, 68, 37, , 
2017/4/20, 59, 22, , 
2017/4/21, 47, 21, , 
2017/4/22, 38, 23, , 
2017/4/23, 43, 28, , 
2017/4/24, 52, 43, , 
2017/4/25, 84, 36, , 
2017/4/26, 86, 27, , 
2017/4/27, 57, 36, , 
2017/4/28, 56, 50, , 
2017/4/29, 93, 48, , 
2017/4/30, 74, 73, , 
2017/5/1, 148, 49, , 
2017/5/2, 104, 39, , 
2017/5/3, 88, 41, , 
2017/5/4, 52, 67, , 
2017/5/5, 133, 59, , 
2017/5/6, 112, 50, , 
2017/5/7, 91, 33, , 
2017/5/8, 71, 19, , 
2017/5/9, 43, 41, , 
2017/5/10, 56, 52, , 
2017/5/11, 95, 31, , 
2017/5/12, 78, 34, , 
2017/5/13, 47, 42, , 
2017/5/14, 79, 16, , 
2017/5/15, 35, 22, , 
2017/5/16, 39, 53, , 
2017/5/17, 101, 48, , 
2017/5/18, 103, 36, , 
2017/5/19, 65, 61, , 
2017/5/20, 123, 59, , 
2017/5/21, 137, 65, , 
2017/5/22, 146, 40, , 
2017/5/23, 86, 51, , 
2017/5/24, 111, 49, , 
2017/5/25, 121, 47, , 
2017/5/26, 108, 51, , 
2017/5/27, 131, 90, , 
2017/5/28, 160, 78, , 
2017/5/29, 173, 55, , 
2017/5/30, 155, 83, , 
2017/5/31, 166, 82, , 
2017/6/1, 164, 89, , 
2017/6/2, 176, 51, , 
2017/6/3, 131, 67, , 
2017/6/4, 154, 64, , 
2017/6/5, 153, 44, , 
2017/6/6, 72, 89, , 
2017/6/7, 160, 77, , 
2017/6/8, 162, 53, , 
2017/6/9, 122, 67, , 
2017/6/10, 91, 79, , 
2017/6/11, 156, 59, , 
2017/6/12, 125, 41, , 
2017/6/13, 99, 66, , 
2017/6/14, 131, 81, , 
2017/6/15, 163, 47, , 
2017/6/16, 122, 23, , 
2017/6/17, 60, 18, , 
2017/6/18, 38, 34, , 
2017/6/19, 74, 38, , 
2017/6/20, 68, 71, , 
2017/6/21, 144, 70, , 
2017/6/22, 152, 25, , 
2017/6/23, 63, 36, , 
2017/6/24, 70, 60, , 
2017/6/25, 123, 36, , 
2017/6/26, 87, 34, , 
2017/6/27, 68, 59, , 
2017/6/28, 142, 33, , 
2017/6/29, 74, 39, , 
2017/6/30, 66, 83, , 
2017/7/1, 160, 73, , 
2017/1/3, 29, 36, , 
2017/1/4, 29, 41, , 
2017/1/5, 26, 40, , 
2017/1/6, 32, 36, , 
2017/1/7, 46, 29, , 
2017/1/8, 35, 23, , 
2017/1/9, 27, 16, , 
2017/1/10, 18, 22, , 
2017/1/11, 23, 29, , 
2017/1/12, 33, 40, , 
2017/1/13, 47, 27, , 
2017/1/14, 35, 30, , 
2017/1/15, 35, 32, , 
2017/1/16, 40, 37, , 
2017/1/17, 54, 45, , 
2017/1/18, 46, 53, , 
2017/1/19, 18, 51, , 
2017/1/20, 9, 43, , 
2017/1/21, 11, 42, , 
2017/1/22, 38, 79, , 
2017/1/23, 72, 113, , 
2017/1/24, 182, 66, , 
2017/1/25, 110, 44, , 
2017/1/26, 43, 67, , 
2017/1/27, 77, 80, , 
2017/1/28, 146, 105, , 
2017/1/29, 185, 93, , 
2017/1/30, 184, 64, , 
2017/1/31, 154, 44, , 
2017/2/1, 74, 56, , 
2017/2/2, 91, 50, , 
2017/2/3, 83, 32, , 
2017/2/4, 46, 27, , 
2017/2/5, 47, 20, , 
2017/2/6, 44, 28, , 
2017/2/7, 42, 39, , 
2017/2/8, 52, 42, , 
2017/2/9, 50, 44, , 
2017/2/10, 44, 43, , 
2017/2/11, 50, 38, , 
2017/2/12, 54, 36, , 
2017/2/13, 54, 27, , 
2017/2/14, 49, 30, , 
2017/2/15, 57, 38, , 
2017/2/16, 60, 33, , 
2017/2/17, 57, 24, , 
2017/2/18, 39, 31, , 
2017/2/19, 42, 30, , 
2017/2/20, 36, 26, , 
2017/2/21, 39, 32, , 
2017/2/22, 38, 43, , 
2017/2/23, 52, 41, , 
2017/2/24, 57, 50, , 
2017/2/25, 59, 42, , 
2017/2/26, 57, 25, , 
2017/2/27, 46, 29, , 
2017/2/28, 41, 32, , 
2017/3/1, 40, 31, , 
2017/3/2, 45, 37, , 
2017/3/3, 41, 32, , 
2017/3/4, 46, 28, , 
2017/3/5, 45, 26, , 
2017/3/6, 42, 32, , 
2017/3/7, 43, 44, , 
2017/3/8, 54, 41, , 
2017/3/9, 63, 44, , 
2017/3/10, 59, 33, , 
2017/3/11, 42, 30, , 
2017/3/12, 45, 31, , 
2017/3/13, 39, 34, , 
2017/3/14, 45, 42, , 
2017/3/15, 59, 39, , 
2017/3/16, 51, 56, , 
2017/3/17, 79, 52, , 
2017/3/18, 77, 49, , 
2017/3/19, 63, 53, , 
2017/3/20, 78, 42, , 
2017/3/21, 90, 39, , 
2017/3/22, 59, 47, , 
2017/3/23, 63, 46, , 
2017/3/24, 51, 34, , 
2017/3/25, 37, 33, , 
2017/3/26, 36, 27, , 
2017/3/27, 28, 36, , 
2017/3/28, 34, 43, , 
2017/3/29, 45, 36, , 
2017/3/30, 41, 35, , 
2017/3/31, 39, 40, , 
2017/4/1, 44, 40, , 
2016/10/2, 47, 33, , 
2016/10/3, 55, 34, , 
2016/10/4, 53, 30, , 
2016/10/5, 35, 34, , 
2016/10/6, 37, 42, , 
2016/10/7, 50, 35, , 
2016/10/8, 45, 43, , 
2016/10/9, 58, 33, , 
2016/10/10, 41, 30, , 
2016/10/11, 53, 32, , 
2016/10/12, 36, 34, , 
2016/10/13, 49, 28, , 
2016/10/14, 61, 31, , 
2016/10/15, 46, 20, , 
2016/10/16, 54, 10, , 
2016/10/17, 30, 16, , 
2016/10/18, 31, 17, , 
2016/10/19, 25, 33, , 
2016/10/20, 47, 47, , 
2016/10/21, 59, 35, , 
2016/10/22, 48, 24, , 
2016/10/23, 40, 20, , 
2016/10/24, 44, 14, , 
2016/10/25, 25, 22, , 
2016/10/26, 31, 31, , 
2016/10/27, 47, 34, , 
2016/10/28, 46, 30, , 
2016/10/29, 46, 33, , 
2016/10/30, 52, 32, , 
2016/10/31, 55, 24, , 
2016/11/1, 24, 16, , 
2016/11/2, 20, 17, , 
2016/11/3, 25, 22, , 
2016/11/4, 29, 30, , 
2016/11/5, 28, 44, , 
2016/11/6, 40, 26, , 
2016/11/7, 31, 55, , 
2016/11/8, 45, 44, , 
2016/11/9, 47, 34, , 
2016/11/10, 35, 36, , 
2016/11/11, 32, 34, , 
2016/11/12, 30, 37, , 
2016/11/13, 47, 31, , 
2016/11/14, 51, 26, , 
2016/11/15, 28, 23, , 
2016/11/16, 27, 36, , 
2016/11/17, 28, 46, , 
2016/11/18, 34, 34, , 
2016/11/19, 50, 33, , 
2016/11/20, 61, 28, , 
2016/11/21, 50, 28, , 
2016/11/22, 34, 31, , 
2016/11/23, 34, 27, , 
2016/11/24, 36, 28, , 
2016/11/25, 37, 26, , 
2016/11/26, 32, 18, , 
2016/11/27, 27, 16, , 
2016/11/28, 18, 30, , 
2016/11/29, 26, 39, , 
2016/11/30, 47, 42, , 
2016/12/1, 64, 41, , 
2016/12/2, 62, 39, , 
2016/12/3, 58, 31, , 
2016/12/4, 50, 26, , 
2016/12/5, 38, 20, , 
2016/12/6, 23, 27, , 
2016/12/7, 28, 29, , 
2016/12/8, 33, 29, , 
2016/12/9, 41, 26, , 
2016/12/10, 39, 25, , 
2016/12/11, 40, 22, , 
2016/12/12, 26, 23, , 
2016/12/13, 22, 36, , 
2016/12/14, 30, 40, , 
2016/12/15, 41, 55, , 
2016/12/16, 67, 53, , 
2016/12/17, 118, 39, , 
2016/12/18, 62, 33, , 
2016/12/19, 48, 29, , 
2016/12/20, 37, 25, , 
2016/12/21, 32, 29, , 
2016/12/22, 28, 34, , 
2016/12/23, 28, 29, , 
2016/12/24, 31, 32, , 
2016/12/25, 31, 25, , 
2016/12/26, 26, 16, , 
2016/12/27, 17, 24, , 
2016/12/28, 26, 35, , 
2016/12/29, 40, 27, , 
2016/12/30, 42, 30, , 
2016/12/31, 45, 29, , 
2017/1/1, 44, 23, , 
2017/1/2, 41, 22, , 
2016/7/2, 79, 47, , 
2016/7/3, 100, 72, , 
2016/7/4, 162, 56, , 
2016/7/5, 148, 69, , 
2016/7/6, 169, 46, , 
2016/7/7, 119, 52, , 
2016/7/8, 105, 84, , 
2016/7/9, 169, 76, , 
2016/7/10, 162, 69, , 
2016/7/11, 165, 42, , 
2016/7/12, 95, 104, , 
2016/7/13, 176, 62, , 
2016/7/14, 157, 23, , 
2016/7/15, 41, 51, , 
2016/7/16, 71, 97, , 
2016/7/17, 173, 89, , 
2016/7/18, 185, 48, , 
2016/7/19, 137, 40, , 
2016/7/20, 91, 53, , 
2016/7/21, 116, 61, , 
2016/7/22, 123, 100, , 
2016/7/23, 168, 72, , 
2016/7/24, 155, 53, , 
2016/7/25, 142, 29, , 
2016/7/26, 73, 40, , 
2016/7/27, 94, 74, , 
2016/7/28, 144, 88, , 
2016/7/29, 157, 105, , 
2016/7/30, 174, 82, , 
2016/7/31, 164, 73, , 
2016/8/1, 135, 120, , 
2016/8/2, 179, 66, , 
2016/8/3, 103, 74, , 
2016/8/4, 152, 71, , 
2016/8/5, 156, 40, , 
2016/8/6, 92, 41, , 
2016/8/7, 82, 40, , 
2016/8/8, 82, 32, , 
2016/8/9, 70, 48, , 
2016/8/10, 67, 81, , 
2016/8/11, 160, 55, , 
2016/8/12, 114, 71, , 
2016/8/13, 143, 56, , 
2016/8/14, 125, 42, , 
2016/8/15, 77, 52, , 
2016/8/16, 107, 43, , 
2016/8/17, 79, 46, , 
2016/8/18, 90, 46, , 
2016/8/19, 84, 41, , 
2016/8/20, 77, 40, , 
2016/8/21, 87, 23, , 
2016/8/22, 63, 36, , 
2016/8/23, 51, 39, , 
2016/8/24, 82, 45, , 
2016/8/25, 89, 53, , 
2016/8/26, 122, 38, , 
2016/8/27, 65, 34, , 
2016/8/28, 71, 41, , 
2016/8/29, 79, 63, , 
2016/8/30, 127, 60, , 
2016/8/31, 135, 35, , 
2016/9/1, 67, 34, , 
2016/9/2, 59, 48, , 
2016/9/3, 85, 74, , 
2016/9/4, 148, 65, , 
2016/9/5, 133, 70, , 
2016/9/6, 100, 65, , 
2016/9/7, 113, 66, , 
2016/9/8, 96, 78, , 
2016/9/9, 133, 61, , 
2016/9/10, 107, 37, , 
2016/9/11, 67, 31, , 
2016/9/12, 56, 32, , 
2016/9/13, 56, 26, , 
2016/9/14, 63, 30, , 
2016/9/15, 64, 38, , 
2016/9/16, 66, 57, , 
2016/9/17, 116, 40, , 
2016/9/18, 77, 45, , 
2016/9/19, 66, 57, , 
2016/9/20, 90, 44, , 
2016/9/21, 63, 42, , 
2016/9/22, 61, 41, , 
2016/9/23, 60, 48, , 
2016/9/24, 65, 46, , 
2016/9/25, 61, 31, , 
2016/9/26, 58, 41, , 
2016/9/27, 62, 49, , 
2016/9/28, 85, 39, , 
2016/9/29, 64, 24, , 
2016/9/30, 46, 29, , 
2016/10/1, 52, 27, , 
2016/4/2, 58, 41, , 
2016/4/3, 60, 49, , 
2016/4/4, 71, 52, , 
2016/4/5, 56, 61, , 
2016/4/6, 72, 66, , 
2016/4/7, 99, 45, , 
2016/4/8, 64, 40, , 
2016/4/9, 54, 42, , 
2016/4/10, 61, 46, , 
2016/4/11, 71, 59, , 
2016/4/12, 96, 52, , 
2016/4/13, 79, 53, , 
2016/4/14, 85, 45, , 
2016/4/15, 83, 17, , 
2016/4/16, 51, 14, , 
2016/4/17, 51, 19, , 
2016/4/18, 52, 22, , 
2016/4/19, 66, 30, , 
2016/4/20, 57, 50, , 
2016/4/21, 91, 40, , 
2016/4/22, 75, 37, , 
2016/4/23, 78, 26, , 
2016/4/24, 61, 18, , 
2016/4/25, 57, 28, , 
2016/4/26, 73, 52, , 
2016/4/27, 95, 64, , 
2016/4/28, 124, 64, , 
2016/4/29, 139, 64, , 
2016/4/30, 144, 64, , 75
2016/5/1, 143, 63, , 60
2016/5/2, 150, 57, , 58
2016/5/3, 148, 43, , 
2016/5/4, 98, 51, , 
2016/5/5, 98, 39, , 
2016/5/6, 105, 51, , 
2016/5/7, 115, 76, , 
2016/5/8, 161, 31, , 
2016/5/9, 80, 47, , 
2016/5/10, 80, 53, , 
2016/5/11, 119, 47, , 
2016/5/12, 100, 62, , 
2016/5/13, 142, 103, , 
2016/5/14, 153, 71, , 
2016/5/15, 157, 43, , 
2016/5/16, 119, 65, , 
2016/5/17, 146, 70, , 
2016/5/18, 151, 70, , 
2016/5/19, 157, 36, , 
2016/5/20, 97, 36, , 
2016/5/21, 76, 56, , 
2016/5/22, 88, 62, , 
2016/5/23, 138, 63, , 
2016/5/24, 145, 71, , 
2016/5/25, 158, 78, , 
2016/5/26, 157, 66, , 
2016/5/27, 148, 52, , 
2016/5/28, 85, 85, , 
2016/5/29, 160, 43, , 
2016/5/30, 155, 32, , 
2016/5/31, 107, 57, , 
2016/6/1, 122, 54, , 
2016/6/2, 125, 101, , 
2016/6/3, 177, 60, , 
2016/6/4, 156, 52, , 
2016/6/5, 100, 42, , 
2016/6/6, 95, 50, , 
2016/6/7, 93, 86, , 
2016/6/8, 158, 72, , 
2016/6/9, 152, 73, , 
2016/6/10, 165, 73, , 
2016/6/11, 167, 69, , 
2016/6/12, 152, 68, , 
2016/6/13, 170, 61, , 
2016/6/14, 162, 38, , 
2016/6/15, 109, 38, , 
2016/6/16, 83, 87, , 
2016/6/17, 165, 70, , 
2016/6/18, 164, 53, , 
2016/6/19, 143, 52, , 
2016/6/20, 135, 52, , 
2016/6/21, 148, 40, , 
2016/6/22, 98, 43, , 
2016/6/23, 92, 40, , 
2016/6/24, 104, 47, , 
2016/6/25, 114, 99, , 
2016/6/26, 116, 126, , 
2016/6/27, 208, 89, , 
2016/6/28, 173, 100, , 
2016/6/29, 174, 70, , 
2016/6/30, 163, 38, , 
2016/7/1, 113, 34, , 
2016/1/11, 56, 22, , 
2016/1/12, 57, 26, , 
2016/1/13, 37, 23, , 
2016/1/14, 36, 24, , 
2016/1/15, 41, 26, , 
2016/1/16, 47, 31, , 
2016/1/17, 67, 42, , 
2016/1/18, 57, 34, , 
2016/1/19, 41, 35, , 
2016/1/20, 50, 39, , 
2016/1/21, 53, 39, , 
2016/1/22, 52, 38, , 
2016/1/23, 56, 40, , 
2016/1/24, 59, 40, , 
2016/1/25, 31, 23, , 
2016/1/26, 29, 22, , 
2016/1/27, 45, 24, , 
2016/1/28, 31, 24, , 
2016/1/29, 37, 23, , 
2016/1/30, 31, 27, , 
2016/1/31, 46, 34, , 
2016/2/1, 48, 37, , 
2016/2/2, 52, 38, , 
2016/2/3, 57, 36, , 
2016/2/4, 52, 40, , 
2016/2/5, 53, 39, , 
2016/2/6, 47, 35, , 
2016/2/7, 45, 42, , 
2016/2/8, 46, 34, , 
2016/2/9, 46, 39, , 
2016/2/10, 53, 45, , 
2016/2/11, 45, 36, , 
2016/2/12, 43, 38, , 
2016/2/13, 48, 35, , 
2016/2/14, 38, 32, , 
2016/2/15, 35, 35, , 
2016/2/16, 32, 35, , 
2016/2/17, 36, 31, , 
2016/2/18, 42, 32, , 
2016/2/19, 37, 41, , 
2016/2/20, 41, 41, , 
2016/2/21, 49, 52, , 
2016/2/22, 52, 52, , 
2016/2/23, 48, 46, , 
2016/2/24, 47, 52, , 
2016/2/25, 48, 63, , 
2016/2/26, 56, 54, , 
2016/2/27, 50, 41, , 
2016/2/28, 52, 43, , 
2016/2/29, 55, 37, , 
2016/3/1, 46, 40, , 
2016/3/2, 54, 47, , 
2016/3/3, 61, 50, , 
2016/3/4, 72, 62, , 
2016/3/5, 76, 60, , 
2016/3/6, 71, 52, , 
2016/3/7, 63, 38, , 
2016/3/8, 44, 32, , 
2016/3/9, 61, 50, , 
2016/3/10, 74, 60, , 
2016/3/11, 62, 57, , 
2016/3/12, 74, 50, , 
2016/3/13, 64, 39, , 
2016/3/14, 62, 35, , 
2016/3/15, 65, 43, , 
2016/3/16, 63, 53, , 
2016/3/17, 66, 57, , 
2016/3/18, 60, 45, , 
2016/3/19, 50, 40, , 
2016/3/20, 60, 53, , 
2016/3/21, 71, 53, , 
2016/3/22, 72, 53, , 
2016/3/23, 102, 64, , 
2016/3/24, 114, 67, , 
2016/3/25, 146, 55, , 
2016/3/26, 127, 62, , 
2016/3/27, 76, 53, , 
2016/3/28, 76, 52, , 
2016/3/29, 75, 52, , 
2016/3/30, 68, 46, , 
2016/3/31, 57, 33, , 
2016/4/1, 51, 34, , 
2015/10/2, 55, 16, , 
2015/10/3, 43, 32, , 
2015/10/4, 52, 20, , 
2015/10/5, 42, 19, , 
2015/10/6, 35, 24, , 
2015/10/7, 42, 16, , 
2015/10/8, 34, 20, , 
2015/10/9, 46, 23, , 
2015/10/10, 46, 39, , 
2015/10/11, 68, 32, , 
2015/10/12, 63, 26, , 
2015/10/13, 50, 29, , 
2015/10/14, 57, 17, , 
2015/10/15, 52, 10, , 
2015/10/16, 34, 15, , 
2015/10/17, 37, 41, , 
2015/10/18, 73, 34, , 
2015/10/19, 66, 25, , 
2015/10/20, 57, 27, , 
2015/10/21, 63, 21, , 
2015/10/22, 46, 26, , 
2015/10/23, 54, 26, , 
2015/10/24, 51, 23, , 
2015/10/25, 37, 15, , 
2015/10/26, 25, 14, , 
2015/10/27, 25, 24, , 
2015/10/28, 39, 27, , 
2015/10/29, 43, 32, , 
2015/10/30, 54, 31, , 
2015/10/31, 46, 31, , 
2015/11/1, 40, 38, , 
2015/11/2, 51, 34, , 
2015/11/3, 54, 33, , 
2015/11/4, 57, 29, , 
2015/11/5, 53, 32, , 
2015/11/6, 52, 30, , 
2015/11/7, 51, 21, , 
2015/11/8, 38, 18, , 
2015/11/9, 33, 17, , 
2015/11/10, 25, 21, , 
2015/11/11, 31, 22, , 
2015/11/12, 31, 20, , 
2015/11/13, 30, 24, , 
2015/11/14, 658, 33, , 
2015/11/15, 49, 24, , 
2015/11/16, 42, 22, , 
2015/11/17, 39, 17, , 
2015/11/18, 26, 25, , 
2015/11/19, 31, 18, , 
2015/11/20, 34, 19, , 
2015/11/21, 40, 19, , 
2015/11/22, 70, 19, , 
2015/11/23, 102, 14, , 
2015/11/24, 13, 14, , 
2015/11/25, 5, 17, , 
2015/11/26, 8, 17, , 
2015/11/27, 6, 19, , 
2015/11/28, 5, 24, , 
2015/11/29, 7, 33, , 
2015/11/30, 15, 32, , 
2015/12/1, 15, 30, , 
2015/12/2, 21, 25, , 
2015/12/3, 13, 24, , 
2015/12/4, 6, 34, , 
2015/12/5, 11, 36, , 
2015/12/6, 20, 27, , 
2015/12/7, 11, 29, , 
2015/12/8, 13, 30, , 
2015/12/9, 19, 31, , 
2015/12/12, 6, 32, , 
2015/12/13, 24, 27, , 
2015/12/14, 22, 18, , 
2015/12/15, 14, 27, , 
2015/12/16, 22, 30, , 
2015/12/17, 23, 30, , 
2015/12/18, 30, 30, , 
2015/12/19, 17, 37, , 
2015/12/20, 31, 28, , 
2015/12/21, 34, 20, , 
2015/12/22, 18, 23, , 
2015/12/23, 17, 26, , 
2015/12/24, 16, 30, , 
2015/12/25, 35, 35, , 
2015/12/26, 42, 28, , 
2015/12/27, 21, 27, , 
2015/7/2, 91, 49, , 
2015/7/3, 95, 66, , 
2015/7/4, 139, 94, , 
2015/7/5, 160, 65, , 
2015/7/6, 126, 57, , 
2015/7/7, 104, 73, , 
2015/7/8, 136, 98, , 
2015/7/9, 160, 48, , 
2015/7/10, 93, 36, , 
2015/7/11, 71, 58, , 
2015/7/12, 104, 28, , 
2015/7/13, 61, 40, , 
2015/7/14, 67, 66, , 
2015/7/15, 115, 61, , 
2015/7/16, 115, 92, , 
2015/7/17, 159, 65, , 
2015/7/18, 123, 86, , 
2015/7/19, 153, 35, , 
2015/7/20, 73, 27, , 
2015/7/21, 57, 40, , 
2015/7/22, 75, 84, , 
2015/7/23, 153, 92, , 
2015/7/24, 161, 62, , 
2015/7/25, 120, 84, , 
2015/7/26, 155, 65, , 
2015/7/27, 123, 32, , 
2015/7/28, 62, 30, , 
2015/7/29, 59, 71, , 
2015/7/30, 144, 86, , 
2015/7/31, 150, 49, , 
2015/8/1, 91, 71, , 
2015/8/2, 129, 27, , 
2015/8/3, 57, 52, , 
2015/8/4, 91, 56, , 
2015/8/5, 91, 65, , 
2015/8/6, 119, 16, , 
2015/8/7, 39, 26, , 
2015/8/8, 59, 32, , 
2015/8/9, 68, 13, , 
2015/8/10, 31, 32, , 
2015/8/11, 50, 55, , 
2015/8/12, 67, 60, , 
2015/8/13, 115, 84, , 
2015/8/14, 157, 72, , 
2015/8/15, 150, 62, , 
2015/8/16, 124, 32, , 
2015/8/17, 65, 55, , 
2015/8/18, 110, 49, , 
2015/8/19, 95, 35, , 
2015/8/20, 70, 48, , 
2015/8/21, 91, 36, , 
2015/8/22, 75, 21, , 
2015/8/23, 55, 28, , 
2015/8/24, 61, 54, , 
2015/8/25, 105, 39, , 
2015/8/26, 79, 14, , 
2015/8/27, 34, 44, , 
2015/8/28, 82, 64, , 
2015/8/29, 124, 43, , 
2015/8/30, 78, 22, , 
2015/8/31, 51, 20, , 
2015/9/1, 51, 23, , 
2015/9/2, 53, 30, , 
2015/9/3, 59, 38, , 
2015/9/4, 68, 43, , 
2015/9/5, 74, 63, , 
2015/9/6, 110, 30, , 
2015/9/7, 62, 16, , 
2015/9/8, 40, 22, , 
2015/9/9, 63, 21, , 
2015/9/10, 53, 25, , 
2015/9/11, 58, 23, , 
2015/9/12, 64, 22, , 
2015/9/13, 59, 22, , 
2015/9/14, 67, 38, , 
2015/9/15, 94, 32, , 
2015/9/16, 69, 40, , 
2015/9/17, 72, 24, , 
2015/9/18, 56, 26, , 
2015/9/19, 58, 33, , 
2015/9/20, 68, 39, , 
2015/9/21, 77, 44, , 
2015/9/22, 80, 31, , 
2015/9/23, 62, 29, , 
2015/9/24, 59, 18, , 
2015/9/25, 37, 39, , 
2015/9/26, 77, 51, , 
2015/9/27, 81, 31, , 
2015/9/28, 66, 36, , 
2015/9/29, 73, 23, , 
2015/9/30, 48, 31, , 
2015/10/1, 57, 28, , 
2015/4/2, 72, 58, , 
2015/4/3, 67, 49, , 
2015/4/4, 58, 25, , 
2015/4/5, 35, 47, , 
2015/4/6, 55, 54, , 
2015/4/7, 59, 39, , 
2015/4/8, 39, 48, , 
2015/4/9, 56, 49, , 
2015/4/10, 61, 58, , 
2015/4/11, 70, 67, , 
2015/4/12, 90, 68, , 
2015/4/13, 123, 62, , 
2015/4/14, 114, 63, , 
2015/4/15, 79, 54, , 
2015/4/16, 61, 48, , 
2015/4/17, 67, 39, , 
2015/4/18, 55, 63, , 
2015/4/19, 97, 44, , 
2015/4/20, 66, 40, , 
2015/4/21, 74, 36, , 
2015/4/22, 70, 40, , 
2015/4/23, 72, 58, , 
2015/4/24, 124, 108, , 
2015/4/25, 159, 120, , 
2015/4/26, 173, 88, , 
2015/4/27, 159, 72, , 
2015/4/28, 153, 93, , 
2015/4/29, 157, 125, , 
2015/4/30, 156, 87, , 
2015/5/1, 145, 73, , 
2015/5/2, 154, 49, , 
2015/5/3, 113, 20, , 
2015/5/4, 48, 44, , 
2015/5/5, 84, 59, , 
2015/5/6, 126, 72, , 
2015/5/7, 154, 75, , 
2015/5/8, 159, 67, , 
2015/5/9, 149, 52, , 
2015/5/10, 107, 29, , 
2015/5/11, 65, 57, , 
2015/5/12, 122, 65, , 
2015/5/13, 122, 72, , 
2015/5/14, 142, 56, , 
2015/5/15, 101, 84, , 
2015/5/16, 155, 84, , 
2015/5/17, 155, 92, , 
2015/5/18, 161, 63, , 
2015/5/19, 121, 68, , 
2015/5/20, 139, 48, , 
2015/5/21, 96, 43, , 
2015/5/22, 70, 25, , 
2015/5/23, 57, 60, , 
2015/5/24, 109, 33, , 
2015/5/25, 67, 40, , 
2015/5/26, 94, 93, , 
2015/5/27, 170, 69, , 
2015/5/28, 153, 95, , 
2015/5/29, 171, 93, , 
2015/5/30, 181, 71, , 
2015/5/31, 151, 55, , 
2015/6/1, 115, 73, , 
2015/6/2, 154, 85, , 
2015/6/3, 161, 68, , 
2015/6/4, 128, 52, , 
2015/6/5, 93, 84, , 
2015/6/6, 151, 28, , 
2015/6/7, 62, 54, , 
2015/6/8, 91, 67, , 
2015/6/9, 125, 47, , 
2015/6/10, 83, 41, , 
2015/6/11, 63, 70, , 
2015/6/12, 123, 38, , 
2015/6/13, 72, 32, , 
2015/6/14, 71, 80, , 
2015/6/15, 148, 29, , 
2015/6/16, 57, 36, , 
2015/6/17, 66, 78, , 
2015/6/18, 146, 62, , 
2015/6/19, 121, 73, , 
2015/6/20, 136, 83, , 
2015/6/21, 155, 52, , 
2015/6/22, 91, 63, , 
2015/6/23, 116, 81, , 
2015/6/24, 148, 74, , 
2015/6/25, 140, 66, , 
2015/6/26, 119, 87, , 
2015/6/27, 151, 73, , 
2015/6/28, 143, 64, , 
2015/6/29, 118, 49, , 
2015/6/30, 93, 55, , 
2015/7/1, 102, 50, , 
2015/1/2, 32, 19, , 
2015/1/3, 36, 28, , 
2015/1/4, 46, 28, , 
2015/1/5, 43, 27, , 
2015/1/6, 59, 31, , 
2015/1/7, 52, 36, , 
2015/1/8, 51, 38, , 
2015/1/9, 47, 38, , 
2015/1/10, 71, 46, , 
2015/1/11, 60, 39, , 
2015/1/12, 52, 52, , 
2015/1/13, 70, 61, , 
2015/1/14, 90, 39, , 
2015/1/15, 48, 45, , 
2015/1/16, 65, 56, , 
2015/1/17, 81, 50, , 
2015/1/18, 75, 33, , 
2015/1/19, 58, 26, , 
2015/1/20, 40, 25, , 
2015/1/21, 38, 26, , 
2015/1/22, 40, 29, , 
2015/1/23, 44, 42, , 
2015/1/24, 53, 38, , 
2015/1/25, 45, 30, , 
2015/1/26, 50, 27, , 
2015/1/27, 38, 33, , 
2015/1/28, 54, 40, , 
2015/1/29, 42, 45, , 
2015/1/30, 56, 50, , 
2015/1/31, 63, 48, , 
2015/2/1, 64, 48, , 
2015/2/2, 70, 43, , 
2015/2/3, 69, 48, , 
2015/2/4, 70, 52, , 
2015/2/5, 65, 52, , 
2015/2/6, 68, 44, , 
2015/2/7, 58, 41, , 
2015/2/8, 57, 30, , 
2015/2/9, 60, , , 
2015/2/10, 77, 38, , 
2015/2/11, 50, 51, , 
2015/2/12, 49, 55, , 
2015/2/13, 72, 61, , 
2015/2/14, 66, 66, , 
2015/2/15, 80, 64, , 
2015/2/16, 92, 58, , 
2015/2/17, 80, 58, , 
2015/2/18, 71, 64, , 
2015/2/19, 68, 79, , 
2015/2/20, 117, 79, , 
2015/2/21, 120, 55, , 
2015/2/22, 61, 45, , 
2015/2/23, 62, 42, , 
2015/2/24, 58, 40, , 
2015/2/25, 61, 39, , 
2015/2/26, 42, 43, , 
2015/2/27, 54, , , 
2015/3/1, 50, 36, , 
2015/3/2, 47, 38, , 
2015/3/3, 45, 44, , 
2015/3/4, 50, 50, , 
2015/3/5, 53, 50, , 
2015/3/6, 54, 66, , 
2015/3/7, 60, 47, , 
2015/3/8, 61, 39, , 
2015/3/9, 40, 53, , 
2015/3/10, 50, 60, , 
2015/3/11, 67, 73, , 
2015/3/12, 88, 84, , 
2015/3/13, 110, 68, , 
2015/3/14, 95, 60, , 
2015/3/15, 68, 61, , 
2015/3/16, 73, 64, , 
2015/3/17, 71, 51, , 
2015/3/18, 52, 61, , 
2015/3/19, 60, 60, , 
2015/3/20, 56, 58, , 
2015/3/21, 51, 65, , 
2015/3/22, 56, 52, , 
2015/3/23, 49, 39, , 
2015/3/24, 45, 48, , 
2015/3/25, 54, 36, , 
2015/3/26, 55, 44, , 
2015/3/27, 62, 45, , 
2015/3/28, 57, 53, , 
2014/10/2, 57, 32, , 
2014/10/3, 55, 30, , 
2014/10/4, 50, 29, , 
2014/10/5, 61, 34, , 
2014/10/6, 67, 35, , 
2014/10/7, 70, 47, , 
2014/10/8, 70, 40, , 
2014/10/9, 57, 31, , 
2014/10/10, 44, 29, , 
2014/10/11, 37, 38, , 
2014/10/12, 53, 47, , 
2014/10/13, 65, 35, , 
2014/10/14, 45, 55, , 
2014/10/15, 64, 47, , 
2014/10/16, 56, 31, , 
2014/10/17, 45, 48, , 
2014/10/18, 56, 30, , 
2014/10/19, 36, 25, , 
2014/10/20, 36, 29, , 
2014/10/21, 42, 36, , 
2014/10/22, 46, 32, , 
2014/10/23, 42, 43, , 
2014/10/24, 46, 42, , 
2014/10/25, 50, 46, , 
2014/10/26, 57, 49, , 
2014/10/27, 60, 27, , 
2014/10/28, 39, 25, , 
2014/10/29, 36, 22, , 
2014/10/30, 32, 21, , 
2014/10/31, 37, 24, , 
2014/11/1, 33, 26, , 
2014/11/2, 33, 22, , 
2014/11/3, 35, 22, , 
2014/11/4, 36, 32, , 
2014/11/5, 46, 27, , 
2014/11/6, 41, 32, , 
2014/11/7, 52, , , 
2014/11/8, 59, 43, , 
2014/11/9, 57, 40, , 
2014/11/10, 49, 28, , 
2014/11/11, 43, 36, , 
2014/11/12, 52, 37, , 
2014/11/13, 38, 43, , 
2014/11/14, 43, 45, , 
2014/11/15, 46, 42, , 
2014/11/16, 52, 33, , 
2014/11/17, 44, 29, , 
2014/11/18, 41, 26, , 
2014/11/19, 37, 25, , 
2014/11/20, 34, 32, , 
2014/11/21, 36, 32, , 
2014/11/22, 42, 36, , 
2014/11/23, 48, 26, , 
2014/11/24, 37, 21, , 
2014/11/25, 27, 30, , 
2014/11/26, 41, 38, , 
2014/11/27, 55, 50, , 
2014/11/28, 53, 45, , 
2014/11/29, 50, 35, , 
2014/11/30, 41, 14, , 
2014/12/1, 31, 23, , 
2014/12/2, 38, 32, , 
2014/12/3, 44, 34, , 
2014/12/4, 51, 45, , 
2014/12/5, 55, , , 
2014/12/7, 25, 19, , 
2014/12/8, 34, 25, , 
2014/12/9, 34, , , 
2014/12/10, 67, 26, , 
2014/12/11, 58, 33, , 
2014/12/12, 47, 45, , 
2014/12/13, 56, 44, , 
2014/12/14, 52, 36, , 
2014/12/15, 51, 27, , 
2014/12/16, 38, 27, , 
2014/12/17, 36, 33, , 
2014/12/18, 43, 39, , 
2014/12/19, 46, 35, , 
2014/12/20, 39, 33, , 
2014/12/21, 35, , , 
2014/12/23, 32, 22, , 
2014/12/24, 33, 36, , 
2014/12/25, 47, 33, , 
2014/12/26, 52, 27, , 
2014/12/27, 39, 31, , 
2014/12/28, 42, 26, , 
2014/12/29, 41, , , 
2014/7/2, 116, 60, , 
2014/7/3, 129, 85, , 
2014/7/4, 163, 62, , 
2014/7/5, 123, 45, , 
2014/7/6, 100, 72, , 
2014/7/7, 162, 52, , 
2014/7/8, 104, 100, , 
2014/7/9, 174, 53, , 
2014/7/10, 107, 100, , 
2014/7/11, 172, 79, , 
2014/7/12, 159, 71, , 
2014/7/13, 152, 74, , 
2014/7/14, 154, 70, , 
2014/7/15, 152, 51, , 
2014/7/16, 110, 74, , 
2014/7/17, 152, 79, , 
2014/7/18, 156, 34, , 
2014/7/19, 72, 54, , 
2014/7/20, 96, 92, , 
2014/7/21, 168, 58, , 
2014/7/22, 128, 50, , 
2014/7/23, 90, 56, , 
2014/7/24, 145, 120, , 
2014/7/25, 185, 79, , 
2014/7/26, 165, 57, , 
2014/7/27, 144, 58, , 
2014/7/28, 154, 59, , 
2014/7/29, 156, , , 
2014/7/30, 134, , , 
2014/7/31, 160, 61, , 
2014/8/1, 138, 38, , 
2014/8/2, 100, 43, , 
2014/8/3, 69, , , 
2014/8/4, 71, , , 
2014/8/5, 161, 74, , 
2014/8/6, 166, 36, , 
2014/8/7, 57, 36, , 
2014/8/8, 65, 34, , 
2014/8/9, 67, 79, , 
2014/8/10, 161, , , 
2014/8/11, 151, 25, , 
2014/8/12, 78, 35, , 
2014/8/13, 72, 31, , 
2014/8/14, 61, 86, , 
2014/8/15, 164, 61, , 
2014/8/16, 133, 61, , 
2014/8/17, 148, 86, , 
2014/8/18, 165, 52, , 
2014/8/19, 106, 59, , 
2014/8/20, 104, 46, , 
2014/8/21, 82, 56, , 
2014/8/22, 112, 57, , 
2014/8/23, 110, 41, , 
2014/8/24, 77, 19, , 
2014/8/25, 51, 63, , 
2014/8/26, 134, 38, , 
2014/8/27, 72, 48, , 
2014/8/28, 84, 85, , 
2014/8/29, 155, 59, , 
2014/8/30, 107, 47, , 
2014/8/31, 85, 43, , 
2014/9/1, 79, 48, , 
2014/9/2, 84, 39, , 
2014/9/3, 64, 47, , 
2014/9/4, 93, 50, , 
2014/9/5, 80, 30, , 
2014/9/6, 70, 19, , 
2014/9/7, 50, 38, , 
2014/9/8, 69, 41, , 
2014/9/9, 72, 22, , 
2014/9/10, 46, 36, , 
2014/9/11, 61, 48, , 
2014/9/12, 77, 51, , 
2014/9/13, 81, 50, , 
2014/9/14, 75, 44, , 
2014/9/15, 83, 34, , 
2014/9/16, 62, 50, , 
2014/9/17, 78, 35, , 
2014/9/18, 61, 41, , 
2014/9/19, 76, 34, , 
2014/9/20, 66, 36, , 
2014/9/21, 64, 32, , 
2014/9/22, 55, 21, , 
2014/9/23, 41, 47, , 
2014/9/24, 77, 41, , 
2014/9/25, 64, 35, , 
2014/9/26, 57, 27, , 
2014/9/27, 56, 39, , 
2014/9/28, 65, 31, , 
2014/9/29, 62, 18, , 
2014/9/30, 38, 30, , 
2014/10/1, 54, 36, , 
2014/4/2, 53, 28, , 
2014/4/3, 55, 21, , 
2014/4/4, 50, 31, , 
2014/4/5, 76, 56, , 
2014/4/6, 124, 50, , 
2014/4/7, 109, 41, , 
2014/4/8, 92, 31, , 
2014/4/9, 74, 32, , 
2014/4/10, 66, 30, , 
2014/4/11, 63, 32, , 
2014/4/12, 60, 60, , 
2014/4/13, 136, 28, , 
2014/4/14, 54, 29, , 
2014/4/15, 60, 48, , 
2014/4/16, 88, 45, , 
2014/4/17, 95, 42, , 
2014/4/18, 82, 46, , 
2014/4/19, 86, 55, , 
2014/4/20, 144, 38, , 
2014/4/21, 80, 43, , 
2014/4/22, 85, 47, , 
2014/4/23, 88, 62, , 
2014/4/24, 146, 66, , 
2014/4/25, 153, 71, , 
2014/4/26, 157, 48, , 
2014/4/27, 103, 49, , 
2014/4/28, 105, 35, , 
2014/4/29, 75, 82, , 
2014/4/30, 165, 80, , 
2014/5/1, 159, 81, , 
2014/5/2, 114, , , 
2014/5/3, 75, , , 
2014/5/4, 62, 53, , 
2014/5/5, 89, 62, , 
2014/5/6, 128, 66, , 
2014/5/7, 178, 70, , 
2014/5/8, 145, 39, , 
2014/5/9, 74, 49, , 
2014/5/10, 96, 37, , 
2014/5/11, 76, 35, , 
2014/5/12, 74, 48, , 
2014/5/13, 85, 54, , 
2014/5/14, 97, 83, , 
2014/5/15, 157, 57, , 
2014/5/16, 103, 56, , 
2014/5/17, 108, 32, , 
2014/5/18, 60, 73, , 
2014/5/19, 149, 71, , 
2014/5/20, 154, 52, , 
2014/5/21, 96, 40, , 
2014/5/22, 74, 65, , 
2014/5/23, 144, 87, , 
2014/5/24, 164, 94, , 
2014/5/25, 165, 85, , 
2014/5/26, 162, 90, , 
2014/5/27, 166, 94, , 
2014/5/28, 167, 107, , 
2014/5/29, 175, 45, , 
2014/5/30, 86, 62, , 
2014/5/31, 141, 64, , 
2014/6/1, 137, 61, , 
2014/6/2, 139, 75, , 
2014/6/3, 152, 74, , 
2014/6/4, 146, 29, , 
2014/6/5, 68, 37, , 
2014/6/6, 78, 83, , 
2014/6/7, 158, 28, , 
2014/6/8, 67, 29, , 
2014/6/9, 71, 53, , 
2014/6/10, 124, 42, , 
2014/6/11, 96, 41, , 
2014/6/12, 89, 31, , 
2014/6/13, 75, 65, , 
2014/6/14, 140, 74, , 
2014/6/15, 155, 89, , 
2014/6/16, 164, 50, , 
2014/6/17, 79, 47, , 
2014/6/18, 88, 56, , 
2014/6/19, 141, 87, , 
2014/6/20, 185, , , 
2014/6/22, 111, 57, , 
2014/6/23, 129, 56, , 
2014/6/24, 118, 27, , 
2014/6/25, 65, 57, , 
2014/6/26, 123, 41, , 
2014/6/27, 85, 92, , 
2014/6/28, 167, 99, , 
2014/6/29, 171, 88, , 
2014/6/30, 181, 41, , 
2014/7/1, 98, 53, , 
2014/1/2, 36, 24, , 
2014/1/3, 21, 40, , 
2014/1/4, 24, 48, , 
2014/1/5, 39, 46, , 
2014/1/6, 53, 52, , 
2014/1/7, 103, 62, , 
2014/1/8, 122, 67, , 
2014/1/9, 135, 53, , 
2014/1/10, 85, 42, , 
2014/1/11, 76, 32, , 
2014/1/12, 37, 35, , 
2014/1/13, 46, 32, , 
2014/1/14, 48, 34, , 
2014/1/15, 53, 48, , 
2014/1/16, 73, 30, , 
2014/1/17, 45, 25, , 
2014/1/18, 38, 24, , 
2014/1/19, 31, 24, , 
2014/1/20, 29, 19, , 
2014/1/21, 26, 41, , 
2014/1/22, 99, 34, , 
2014/1/23, 74, 21, , 
2014/1/24, 27, 49, , 
2014/1/25, 109, 31, , 
2014/1/26, 31, 27, , 
2014/1/27, 40, 24, , 
2014/1/28, 34, 28, , 
2014/1/29, 36, 37, , 
2014/1/30, 46, 41, , 
2014/1/31, 180, 31, , 
2014/2/1, 119, 25, , 
2014/2/2, 24, 20, , 
2014/2/3, 19, 15, , 
2014/2/4, 13, 22, , 
2014/2/5, 9, 26, , 
2014/2/6, 14, 34, , 
2014/2/7, 44, 23, , 
2014/2/8, 33, 24, , 
2014/2/9, 39, 20, , 
2014/2/10, 36, 25, , 
2014/2/11, 43, 31, , 
2014/2/12, 50, 36, , 
2014/2/13, 52, 43, , 
2014/2/14, 49, 39, , 
2014/2/15, 48, 31, , 
2014/2/16, 49, 26, , 
2014/2/17, 45, 36, , 
2014/2/18, 56, 33, , 
2014/2/19, 53, 30, , 
2014/2/20, 50, 33, , 
2014/2/21, 45, 39, , 
2014/2/22, 43, 37, , 
2014/2/23, 41, 34, , 
2014/2/24, 49, 32, , 
2014/2/25, 50, 34, , 
2014/2/26, 47, 30, , 
2014/2/27, 46, 41, , 
2014/2/28, 54, 38, , 
2014/3/1, 47, 30, , 
2014/3/2, 44, 27, , 
2014/3/3, 51, 25, , 
2014/3/4, 44, 28, , 
2014/3/5, 43, 36, , 
2014/3/6, 47, 54, , 
2014/3/7, 60, 50, , 
2014/3/8, 59, , , 
2014/3/10, 27, 24, , 
2014/3/11, 26, 33, , 
2014/3/12, 37, 28, , 
2014/3/13, 40, 33, , 
2014/3/14, 46, 29, , 
2014/3/15, 42, 32, , 
2014/3/16, 45, 22, , 
2014/3/17, 34, 25, , 
2014/3/18, 33, 42, , 
2014/3/19, 48, 35, , 
2014/3/20, 51, 53, , 
2014/3/21, 82, 53, , 
2014/3/22, 63, 55, , 
2014/3/23, 72, 62, , 
2014/3/24, 108, 55, , 
2014/3/25, 103, 51, , 
2014/3/26, 77, 54, , 
2014/3/27, 90, 36, , 
2014/3/28, 64, 43, , 
2014/3/29, 74, , , 
2014/4/1, 62, 24, , 
2023/11/7, , 22, , 
2020/4/1, , 54, 28, 1
2020/1/1, , 44, , 
2019/10/11, , 43, 15, 1
2019/10/12, , 24, 15, 1
2019/10/13, , 32, 18, 1
2019/10/14, , 23, 15, 2
2019/10/15, , 22, 22, 1
2019/5/7, , 29, 3, 
2019/1/1, , 28, 14, 
2018/11/25, , 25, 23, 
2018/11/26, , 27, 29, 
2018/6/4, , 79, 8, 
2018/2/27, , 21, 28, 
2018/2/28, , 28, 23, 
2018/3/1, , 35, 35, 
2018/3/2, , 37, 32, 
2017/11/23, , 34, , 
2017/9/10, , 51, , 
2017/9/20, , 21, , 
2016/1/5, , 28, , 
2016/1/6, , 38, , 
2016/1/7, , 45, , 
2016/1/8, , 38, , 
2016/1/9, , 30, , 
2016/1/10, , 22, , 
2015/12/10, , 39, , 
2015/12/11, , 36, , 
2015/12/28, , 26, , 
2015/12/29, , 25, , 
2015/12/30, , 23, , 
2016/1/3, , 24, , 
2015/4/1, , 56, , 
2015/1/1, , 20, , 
2015/2/28, , 33, , 
2015/3/29, , 45, , 
2015/3/30, , 40, , 
2015/3/31, , 48, , 
2014/12/6, , 10, , 
2014/12/22, , 21, , 
2014/6/21, , 53, , 
2014/1/1, , 27, , 
2014/3/9, , 15, , 
2014/3/31, , 32, , 