date, pm25, pm10, so2, co
2023/11/3, 29, 21, , 
2023/11/4, 43, 37, , 
2023/11/5, 57, 32, , 
2023/11/6, 51, 33, , 
2023/11/7, 51, 9, , 
2023/11/8, 25, 29, , 
2023/11/9, 39, 35, , 
2023/11/10, 43, 15, , 
2023/11/11, 38, 21, , 
2023/11/12, 50, 13, , 
2023/11/13, 35, 20, , 
2023/11/14, 32, 24, , 
2023/11/15, 40, 23, , 
2023/11/16, 35, , , 
2023/10/2, 63, 22, , 
2023/10/3, 48, 22, , 
2023/10/4, 51, 29, , 
2023/10/5, 51, 36, , 
2023/10/6, 55, 39, , 
2023/10/7, 55, 32, , 
2023/10/8, 48, 33, , 
2023/10/9, 49, 31, , 
2023/10/10, 49, 40, , 
2023/10/11, 55, 35, , 
2023/10/12, 49, 42, , 
2023/10/13, 55, 49, , 
2023/10/14, 52, 45, , 
2023/10/15, 59, 40, , 
2023/10/16, 52, 35, , 
2023/10/17, 38, 46, , 
2023/10/18, 55, 33, , 
2023/10/19, 50, 40, , 
2023/10/20, 54, , , 
2023/10/22, 70, 46, , 
2023/10/23, 77, 28, , 
2023/10/24, 67, , , 
2023/7/2, 138, 45, , 
2023/7/3, 119, 62, , 
2023/7/4, 126, 51, , 
2023/7/5, 109, 48, , 
2023/7/6, 103, 63, , 
2023/7/7, 113, 66, , 
2023/7/8, 118, 47, , 
2023/7/9, 61, 24, , 
2023/7/10, 44, 41, , 
2023/7/11, 74, 49, , 
2023/7/12, 103, 16, , 
2023/7/13, 162, 62, , 
2023/7/14, 103, 66, , 
2023/7/15, 124, 49, , 
2023/7/16, 102, 83, , 
2023/7/17, 155, 111, , 
2023/7/18, 189, 83, , 
2023/7/19, 157, 87, , 
2023/7/20, 127, 69, , 
2023/7/21, 120, 28, , 
2023/7/22, 61, 15, , 
2023/7/23, 44, 46, , 
2023/7/24, 104, 68, , 
2023/7/25, 124, 51, , 
2023/7/26, 101, 42, , 
2023/7/27, 77, 52, , 
2023/7/28, 101, 74, , 
2023/7/29, 120, 70, , 
2023/7/30, 125, 82, , 
2023/7/31, 144, 67, , 
2023/8/1, 115, 34, , 
2023/8/2, 71, 29, , 
2023/8/3, 63, 58, , 
2023/8/4, 103, 62, , 
2023/8/5, 116, 59, , 
2023/8/6, 130, 44, , 
2023/8/7, 99, 50, , 
2023/8/8, 91, 66, , 
2023/8/9, 123, 69, , 
2023/8/10, 143, 19, , 
2023/8/11, 46, 25, , 
2023/8/12, 57, 35, , 
2023/8/13, 72, 41, , 
2023/8/14, 86, 48, , 
2023/8/15, 79, 26, , 
2023/8/16, 67, 27, , 
2023/8/17, 62, 29, , 
2023/8/18, 66, 40, , 
2023/8/19, 85, 13, , 
2023/8/20, 38, 7, , 
2023/8/21, 17, 7, , 
2023/8/22, 19, 4, , 
2023/8/23, 13, 14, , 
2023/8/24, 32, 25, , 
2023/8/25, 44, 32, , 
2023/8/26, 55, 38, , 
2023/8/27, 73, 42, , 
2023/8/28, 80, 44, , 
2023/8/29, 81, 44, , 
2023/8/30, 76, 28, , 
2023/8/31, 42, 39, , 
2023/9/1, 59, 49, , 
2023/9/2, 88, 24, , 
2023/9/3, 70, 23, , 
2023/9/4, 60, 21, , 
2023/9/5, 61, 42, , 
2023/9/6, 89, 12, , 
2023/9/7, 52, 30, , 
2023/9/8, 71, 40, , 
2023/9/9, 81, 41, , 
2023/9/10, 79, 36, , 
2023/9/11, 92, 9, , 
2023/9/12, 29, 26, , 
2023/9/13, 52, 47, , 
2023/9/14, 84, 41, , 
2023/9/15, 73, 30, , 
2023/9/16, 51, 21, , 
2023/9/17, 38, 19, , 
2023/9/18, 45, 25, , 
2023/9/19, 64, 43, , 
2023/9/20, 96, 52, , 
2023/9/21, 105, 44, , 
2023/9/22, 76, 40, , 
2023/9/23, 69, 51, , 
2023/9/24, 93, 23, , 
2023/9/25, 55, 34, , 
2023/9/26, 55, 18, , 
2023/9/27, 30, 31, , 
2023/9/28, 52, 39, , 
2023/9/29, 68, 46, , 
2023/9/30, 72, 42, , 
2023/10/1, 61, 23, , 
2023/4/2, 52, 30, , 
2023/4/3, 43, 33, , 
2023/4/4, 44, 37, , 
2023/4/5, 47, 38, , 
2023/4/6, 53, 40, , 
2023/4/7, 49, 28, , 
2023/4/8, 41, 31, , 
2023/4/9, 48, 31, , 
2023/4/10, 56, 43, , 
2023/4/11, 61, 36, , 
2023/4/12, 55, 32, , 
2023/4/13, 44, 34, , 
2023/4/14, 52, 58, , 
2023/4/15, 78, 35, , 
2023/4/16, 73, 37, , 
2023/4/17, 76, 39, , 
2023/4/18, 60, 40, , 
2023/4/19, 59, 48, , 
2023/4/20, 71, 48, , 
2023/4/21, 60, 27, , 
2023/4/22, 52, 32, , 
2023/4/23, 65, 31, , 
2023/4/24, 76, 41, , 
2023/4/25, 76, 46, , 
2023/4/26, 84, 63, , 
2023/4/27, 130, 68, , 
2023/4/28, 147, 47, , 
2023/4/29, 99, 15, , 
2023/4/30, 22, 11, , 
2023/5/1, 30, 22, , 
2023/5/2, 52, 34, , 
2023/5/3, 80, 45, , 
2023/5/4, 107, 49, , 
2023/5/5, 113, 55, , 
2023/5/6, 140, 64, , 
2023/5/7, 161, 57, , 
2023/5/8, 125, 56, , 
2023/5/9, 124, 1, , 
2023/5/10, 103, 81, , 
2023/5/11, 137, 58, , 
2023/5/12, 130, 49, , 
2023/5/13, 104, 46, , 
2023/5/14, 88, 43, , 
2023/5/15, 92, 38, , 
2023/5/16, 97, 47, , 
2023/5/17, 121, 26, , 
2023/5/18, 61, 32, , 
2023/5/19, 66, 39, , 
2023/5/20, 99, 53, , 
2023/5/21, 126, 46, , 
2023/5/22, 123, 17, , 
2023/5/23, 40, 29, , 
2023/5/24, 62, 31, , 
2023/5/25, 83, 44, , 
2023/5/26, 102, 31, , 
2023/5/27, 78, 28, , 
2023/5/28, 80, 53, , 
2023/5/29, 140, 45, , 
2023/5/30, 110, 62, , 
2023/5/31, 137, 71, , 
2023/6/1, 138, 67, , 
2023/6/2, 152, 36, , 
2023/6/3, 92, 29, , 
2023/6/4, 77, 27, , 
2023/6/5, 68, 43, , 
2023/6/6, 103, 58, , 
2023/6/7, 122, 58, , 
2023/6/8, 129, 46, , 
2023/6/9, 113, 11, , 
2023/6/10, 29, 14, , 
2023/6/11, 44, 19, , 
2023/6/12, 73, 45, , 
2023/6/13, 131, 72, , 
2023/6/14, 161, 78, , 
2023/6/15, 151, 65, , 
2023/6/16, 128, 65, , 
2023/6/17, 117, 84, , 
2023/6/18, 152, 74, , 
2023/6/19, 161, 66, , 
2023/6/20, 131, 63, , 
2023/6/21, 133, 55, , 
2023/6/22, 128, 6, , 
2023/6/23, 26, 3, , 
2023/6/24, 13, 21, , 
2023/6/25, 54, 24, , 
2023/6/26, 63, 19, , 
2023/6/27, 48, 21, , 
2023/6/28, 47, 39, , 
2023/6/29, 76, 70, , 
2023/6/30, 133, 72, , 
2023/7/1, 126, 74, , 
2023/1/3, 57, 22, , 4
2023/1/4, 51, 29, , 4
2023/1/5, 63, 31, 1, 4
2023/1/6, 48, 31, 29, 4
2023/1/7, 48, 29, 1, 4
2023/1/8, 47, 24, , 3
2023/1/9, 36, 24, , 3
2023/1/10, 30, 21, 1, 3
2023/1/11, 30, 26, , 3
2023/1/12, 46, 27, , 3
2023/1/13, 38, 28, 70, 6
2023/1/14, 45, 28, , 3
2023/1/15, 49, 27, , 3
2023/1/16, 51, 33, , 3
2023/1/17, 61, 31, 13, 3
2023/1/18, 57, 33, , 3
2023/1/19, 52, 32, , 3
2023/1/20, 52, 25, , 3
2023/1/21, 47, 28, 1, 3
2023/1/22, 48, 30, , 4
2023/1/23, 50, 30, , 3
2023/1/24, 51, 19, , 3
2023/1/25, 41, 2, 1, 3
2023/1/26, 40, 23, 1, 3
2023/1/27, 44, 27, , 3
2023/1/28, 44, 25, , 3
2023/1/29, 43, 28, 1, 3
2023/1/30, 47, 29, , 3
2023/1/31, 29, 28, 1, 3
2023/2/1, 10, 34, , 3
2023/2/2, 11, 37, , 3
2023/2/3, 24, 40, , 4
2023/2/4, 66, 36, 1, 3
2023/2/5, 61, 35, 1, 3
2023/2/6, 71, 57, 1, 7
2023/2/7, 126, 74, , 10
2023/2/8, 166, 76, , 10
2023/2/9, 167, 96, 85, 15
2023/2/10, 199, 81, 95, 20
2023/2/11, 184, , , 6
2023/2/13, 7, 21, , 3
2023/2/14, 40, 40, , 
2023/2/15, 50, 35, , 
2023/2/16, 58, 33, , 
2023/2/17, 59, 36, , 
2023/2/18, 58, 36, , 
2023/2/19, 59, 26, , 
2023/2/20, 51, 50, , 
2023/2/21, 62, 47, , 
2023/2/22, 92, 43, , 
2023/2/23, 80, 37, , 
2023/2/24, 65, 37, , 
2023/2/25, 65, 30, , 
2023/2/26, 55, 28, , 
2023/2/27, 41, 36, , 
2023/2/28, 47, 39, , 
2023/3/1, 59, 46, , 
2023/3/2, 53, 38, , 
2023/3/3, 54, 46, , 
2023/3/4, 55, 66, , 
2023/3/5, 49, 35, , 
2023/3/6, 51, 38, , 
2023/3/7, 58, 41, , 
2023/3/8, 54, 27, , 
2023/3/9, 32, 46, , 
2023/3/10, 37, 36, , 
2023/3/11, 41, 27, , 
2023/3/12, 40, 21, , 
2023/3/13, 30, 30, , 
2023/3/14, 34, 30, , 
2023/3/15, 38, 100, , 
2023/3/16, 29, 34, , 
2023/3/17, 27, 92, , 
2023/3/18, 22, 28, , 
2023/3/19, 29, 22, , 
2023/3/20, 27, 30, , 
2023/3/21, 28, 45, , 
2023/3/22, 55, 43, , 
2023/3/23, 57, 46, , 
2023/3/24, 67, 45, , 
2023/3/25, 68, 42, , 
2023/3/26, 68, 35, , 
2023/3/27, 51, 43, , 
2023/3/28, 65, 39, , 
2023/3/29, 60, 25, , 
2023/3/30, 36, 60, , 
2023/3/31, 36, 43, , 
2023/4/1, 56, 40, , 
2022/10/2, 85, 29, 1, 3
2022/10/3, 80, 18, , 5
2022/10/4, 65, 17, , 2
2022/10/5, 66, 23, , 2
2022/10/6, 77, 21, , 3
2022/10/7, 62, 25, 32, 4
2022/10/8, 57, 14, , 3
2022/10/9, 43, 21, 1, 3
2022/10/10, 55, 24, 1, 3
2022/10/11, 59, 28, 1, 3
2022/10/12, 67, 27, 53, 7
2022/10/13, 64, 23, , 3
2022/10/14, 53, 29, , 4
2022/10/15, 60, 31, , 3
2022/10/16, 66, 26, , 3
2022/10/17, 57, 26, , 3
2022/10/18, 55, 28, 1, 3
2022/10/19, 49, 18, 25, 7
2022/10/20, 54, 29, , 3
2022/10/21, 63, 29, , 3
2022/10/22, 64, 26, 1, 3
2022/10/23, 67, 22, 1, 3
2022/10/24, 56, 24, , 3
2022/10/25, 54, 26, , 7
2022/10/26, 57, 17, 1, 2
2022/10/27, 54, 28, 1, 3
2022/10/28, 58, 25, , 3
2022/10/29, 55, 31, , 2
2022/10/30, 72, 27, , 1
2022/10/31, 48, 38, , 2
2022/11/1, 54, 29, , 2
2022/11/2, 54, 44, , 2
2022/11/3, 87, 36, 44, 7
2022/11/4, 76, 40, , 3
2022/11/5, 68, 30, , 2
2022/11/6, 73, 26, , 2
2022/11/7, 69, 33, , 3
2022/11/8, 67, 43, 1, 2
2022/11/9, 69, 18, 1, 2
2022/11/10, 46, 19, 64, 3
2022/11/11, 56, 16, , 2
2022/11/12, 50, 13, 1, 2
2022/11/13, 50, 12, , 2
2022/11/14, 48, 16, , 1
2022/11/15, 49, 19, 1, 1
2022/11/16, 55, 21, , 2
2022/11/17, 57, 22, 1, 1
2022/11/18, 68, 22, 1, 1
2022/11/19, 67, 21, 1, 1
2022/11/20, 54, 19, 1, 1
2022/11/21, 45, 29, 70, 5
2022/11/22, 48, 32, , 2
2022/11/23, 56, 30, 1, 2
2022/11/24, 52, 28, , 2
2022/11/25, 60, 32, , 2
2022/11/26, 63, 33, , 3
2022/11/27, 59, 34, 1, 3
2022/11/28, 66, 32, , 2
2022/11/29, 61, 24, , 3
2022/11/30, 54, 20, 36, 6
2022/12/1, 49, 26, 1, 2
2022/12/2, 53, 30, , 2
2022/12/3, 58, 30, , 3
2022/12/4, 60, 25, 1, 3
2022/12/5, 32, 32, 32, 7
2022/12/6, 54, 27, , 3
2022/12/7, 54, 30, , 3
2022/12/8, 61, 31, 1, 3
2022/12/9, 62, 25, , 2
2022/12/10, 50, 27, 1, 2
2022/12/11, 47, 31, , 2
2022/12/12, 52, 30, 75, 4
2022/12/13, 50, 32, , 4
2022/12/14, 56, 32, , 4
2022/12/15, 63, 32, 1, 4
2022/12/16, 54, 50, , 4
2022/12/17, 79, 39, , 4
2022/12/18, 89, 27, , 4
2022/12/19, 65, 28, 86, 7
2022/12/20, 59, 24, , 5
2022/12/21, 56, 24, , 5
2022/12/22, 49, 22, , 4
2022/12/23, 48, 25, , 4
2022/12/24, 55, 31, 1, 4
2022/12/25, 58, 33, , 5
2022/12/26, 77, 24, , 4
2022/12/27, 66, 34, 82, 7
2022/12/28, 65, 31, , 4
2022/12/29, 63, 40, , 4
2022/12/30, 80, 45, , 5
2022/12/31, 93, 29, , 4
2023/1/1, 72, 21, , 4
2023/1/2, 71, 18, , 4
2022/7/2, 39, 31, , 6
2022/7/3, 94, 68, , 10
2022/7/4, 175, 53, , 5
2022/7/5, 123, 51, 1, 4
2022/7/6, 116, 32, , 6
2022/7/7, 103, 65, 1, 13
2022/7/8, 165, 62, , 9
2022/7/9, 139, 24, , 2
2022/7/10, 62, 15, , 3
2022/7/11, 68, 38, , 7
2022/7/12, 120, 44, , 8
2022/7/13, 130, 51, , 7
2022/7/14, 139, 10, , 1
2022/7/15, 37, 19, , 5
2022/7/16, 88, 23, , 5
2022/7/17, 81, 49, , 9
2022/7/18, 142, 58, , 12
2022/7/19, 156, 73, , 10
2022/7/20, 164, 52, , 8
2022/7/21, 129, 45, , 6
2022/7/22, 140, 53, , 7
2022/7/23, 120, 50, , 5
2022/7/24, 123, 56, , 6
2022/7/25, 147, 48, , 5
2022/7/26, 135, 47, , 4
2022/7/27, 112, 42, , 3
2022/7/28, 106, 52, , 5
2022/7/29, 93, 60, , 10
2022/7/30, 141, 63, , 7
2022/7/31, 157, 64, , 4
2022/8/1, 159, 57, , 4
2022/8/2, 150, 39, , 2
2022/8/3, 120, 47, 3, 17
2022/8/4, 135, 37, , 5
2022/8/5, 103, 51, 15, 6
2022/8/6, 134, 34, , 6
2022/8/7, 89, 9, , 3
2022/8/8, 35, 27, , 4
2022/8/9, 71, 45, , 8
2022/8/10, 105, 55, , 8
2022/8/11, 129, 52, 3, 6
2022/8/12, 124, 29, , 4
2022/8/13, 79, 42, , 5
2022/8/14, 121, 33, , 5
2022/8/15, 104, 10, , 2
2022/8/16, 37, 25, , 5
2022/8/17, 84, 13, , 4
2022/8/18, 58, 30, , 8
2022/8/19, 82, 47, , 10
2022/8/20, 118, 54, , 11
2022/8/21, 130, 51, , 10
2022/8/22, 127, 40, , 4
2022/8/23, 109, 42, , 3
2022/8/24, 130, 41, 11, 6
2022/8/25, 117, 43, , 7
2022/8/26, 113, 46, , 7
2022/8/27, 125, 32, , 4
2022/8/28, 99, 45, , 7
2022/8/29, 114, 47, , 5
2022/8/30, 103, 39, , 3
2022/8/31, 113, 28, , 2
2022/9/1, 89, 27, , 2
2022/9/2, 88, 45, 8, 4
2022/9/3, 114, 48, , 5
2022/9/4, 107, 37, , 5
2022/9/5, 87, 45, , 5
2022/9/6, 85, 48, , 5
2022/9/7, 82, 25, , 4
2022/9/8, 62, 9, , 4
2022/9/9, 43, 29, , 5
2022/9/10, 74, 39, , 9
2022/9/11, 106, 25, , 8
2022/9/12, 77, 30, , 6
2022/9/13, 87, 28, , 3
2022/9/14, 86, 38, , 4
2022/9/15, 105, 42, , 4
2022/9/16, 85, 50, 1, 5
2022/9/17, 110, 24, , 5
2022/9/18, 82, 14, , 2
2022/9/19, 61, 16, , 2
2022/9/20, 68, 19, 64, 3
2022/9/21, 76, 17, , 2
2022/9/22, 61, 20, , 2
2022/9/23, 60, 31, , 4
2022/9/24, 85, 29, , 3
2022/9/25, 95, 16, , 1
2022/9/26, 60, 20, 1, 2
2022/9/27, 66, 24, 1, 2
2022/9/28, 67, 28, , 1
2022/9/29, 66, 28, , 2
2022/9/30, 84, 34, 74, 3
2022/10/1, 98, 33, , 3
2022/4/2, 68, 44, , 
2022/4/3, 68, 26, , 
2022/4/4, 37, 35, , 1
2022/4/5, 47, 49, , 1
2022/4/6, 67, 51, , 1
2022/4/7, 71, 45, , 
2022/4/8, 65, 43, , 
2022/4/9, 63, 43, , 1
2022/4/10, 72, 34, , 
2022/4/11, 57, 29, , 
2022/4/12, 39, 40, , 
2022/4/13, 51, 48, , 1
2022/4/14, 67, 57, , 1
2022/4/15, 77, 31, , 3
2022/4/16, 76, 39, , 1
2022/4/17, 92, 48, , 1
2022/4/18, 89, 51, , 1
2022/4/19, 93, 51, , 1
2022/4/20, 87, 35, , 
2022/4/21, 64, 44, , 1
2022/4/22, 87, 27, , 2
2022/4/23, 68, 46, , 3
2022/4/24, 109, 27, , 4
2022/4/25, 66, 17, , 1
2022/4/26, 19, 17, , 1
2022/4/27, 29, 18, , 4
2022/4/28, 46, 44, , 6
2022/4/29, 88, 43, , 7
2022/4/30, 101, 39, , 6
2022/5/1, 98, 33, , 5
2022/5/2, 87, 36, , 5
2022/5/3, 91, 55, , 7
2022/5/4, 108, 53, , 4
2022/5/5, 106, 46, , 4
2022/5/6, 135, 40, , 5
2022/5/7, 112, 59, , 6
2022/5/8, 138, 31, , 3
2022/5/9, 98, 42, , 4
2022/5/10, 115, 45, , 5
2022/5/11, 123, 54, , 7
2022/5/12, 133, 63, , 7
2022/5/13, 156, 44, , 7
2022/5/14, 118, 47, , 12
2022/5/15, 128, 62, , 9
2022/5/16, 118, 58, 1, 6
2022/5/17, 127, 67, , 11
2022/5/18, 158, 63, 1, 11
2022/5/19, 164, 62, 3, 9
2022/5/20, 153, 38, , 6
2022/5/21, 98, 30, , 3
2022/5/22, 72, 49, , 8
2022/5/23, 120, 33, , 5
2022/5/24, 85, 39, , 6
2022/5/25, 97, 34, , 4
2022/5/26, 92, 34, , 2
2022/5/27, 110, 62, 3, 6
2022/5/28, 153, 54, , 8
2022/5/29, 152, 32, , 5
2022/5/30, 105, 58, 1, 11
2022/5/31, 139, 70, 1, 7
2022/6/1, 156, 60, 1, 6
2022/6/2, 157, 42, , 4
2022/6/3, 118, 25, , 4
2022/6/4, 75, 19, , 3
2022/6/5, 54, 17, , 2
2022/6/6, 50, 50, , 5
2022/6/7, 108, 41, , 6
2022/6/8, 105, 48, , 5
2022/6/9, 126, 35, , 4
2022/6/10, 106, 79, 1, 13
2022/6/11, 175, 80, , 10
2022/6/12, 161, 62, , 7
2022/6/13, 163, 48, 3, 9
2022/6/14, 144, 49, , 5
2022/6/15, 147, 51, , 4
2022/6/16, 133, 43, , 4
2022/6/17, 120, 40, , 7
2022/6/18, 124, 55, , 12
2022/6/19, 147, 81, 1, 18
2022/6/20, 195, 75, 1, 12
2022/6/21, 181, 70, , 7
2022/6/22, 168, 59, , 8
2022/6/23, 148, 24, , 4
2022/6/24, 76, 45, , 7
2022/6/25, 110, 55, , 10
2022/6/26, 134, 49, , 4
2022/6/27, 130, 44, , 2
2022/6/28, 119, 38, , 6
2022/6/29, 111, 56, , 10
2022/6/30, 137, 54, , 8
2022/7/1, 132, 16, , 1
2022/1/4, 17, 20, 1, 
2022/1/5, 15, 30, 6, 1
2022/1/6, 36, 33, 1, 1
2022/1/7, 50, 32, 1, 1
2022/1/8, 44, 31, 1, 1
2022/1/9, 42, 18, 1, 
2022/1/10, 24, 27, 1, 
2022/1/11, 27, 26, 1, 
2022/1/12, 32, 30, 1, 
2022/1/13, 36, 26, 1, 
2022/1/14, 33, 28, 1, 
2022/1/15, 30, 28, 1, 
2022/1/16, 28, 22, 1, 
2022/1/17, 38, 17, 1, 1
2022/1/18, 18, 28, 8, 7
2022/1/19, 23, 28, 1, 
2022/1/20, 29, 33, 1, 
2022/1/21, 37, 30, 1, 
2022/1/22, 34, 24, 1, 
2022/1/23, 24, 23, 1, 
2022/1/24, 30, 34, 1, 
2022/1/25, 41, 32, 1, 4
2022/1/26, 40, 34, 1, 
2022/1/27, 47, 30, 1, 
2022/1/28, 35, 25, 1, 
2022/1/29, 34, 27, 1, 
2022/1/30, 13, 23, 1, 
2022/1/31, 11, 27, 1, 
2022/2/1, 19, 32, 1, 
2022/2/2, 50, 29, 1, 
2022/2/3, 46, 29, 1, 
2022/2/4, 50, 34, 1, 5
2022/2/5, 52, 30, 1, 
2022/2/6, 42, 30, 1, 
2022/2/7, 48, 38, 1, 
2022/2/8, 54, 49, 1, 1
2022/2/9, 48, 41, 1, 1
2022/2/10, 61, 36, 1, 
2022/2/11, 70, 32, 1, 1
2022/2/12, 58, 45, 1, 1
2022/2/13, 73, 40, 1, 1
2022/2/14, 73, 37, 1, 
2022/2/15, 67, 38, 1, 1
2022/2/16, 65, 33, 1, 1
2022/2/17, 52, 41, 1, 1
2022/2/18, 64, 46, 1, 1
2022/2/19, 72, 39, 1, 1
2022/2/20, 62, 24, 1, 
2022/2/21, 40, 28, 2, 10
2022/2/22, 43, 28, 10, 
2022/2/23, 34, 26, 1, 
2022/2/24, 38, 24, 1, 
2022/2/25, 42, 28, 1, 
2022/2/26, 55, 25, 1, 
2022/2/27, 41, 19, 1, 1
2022/2/28, 28, 31, 1, 
2022/3/1, 34, 52, 1, 
2022/3/2, 81, 34, 1, 
2022/3/3, 48, 33, 1, 1
2022/3/4, 53, 27, 1, 1
2022/3/5, 45, 25, 1, 
2022/3/6, 38, 23, 1, 1
2022/3/7, 44, 26, 4, 1
2022/3/8, 36, 35, 1, 1
2022/3/9, 48, 27, , 
2022/3/10, 36, 38, , 
2022/3/11, 43, 37, , 2
2022/3/12, 53, 38, 1, 
2022/3/13, 64, 37, 1, 
2022/3/14, 65, 46, 1, 1
2022/3/15, 73, 48, 1, 
2022/3/16, 69, 37, 1, 
2022/3/17, 75, 31, 1, 
2022/3/18, 63, 39, 1, 
2022/3/19, 57, 85, , 
2022/3/20, 62, 41, , 
2022/3/21, 65, 30, 1, 1
2022/3/22, 27, 33, 1, 
2022/3/23, 41, 32, 1, 1
2022/3/24, 38, 28, 1, 
2022/3/25, 36, 64, , 2
2022/3/26, 59, 45, , 
2022/3/27, 70, 28, , 
2022/3/28, 43, 44, , 
2022/3/29, 73, 33, , 1
2022/3/30, 38, 32, , 
2022/3/31, 33, 41, , 2
2022/4/1, 51, 44, , 1
2021/10/2, 25, 12, , 1
2021/10/3, 18, 16, , 1
2021/10/4, 29, 28, , 
2021/10/5, 45, 30, , 
2021/10/6, 51, 35, , 
2021/10/7, 51, 37, , 
2021/10/8, 52, 19, , 
2021/10/9, 34, 24, , 
2021/10/10, 45, 19, , 
2021/10/11, 24, 35, , 
2021/10/12, 48, 23, , 
2021/10/13, 40, 17, , 
2021/10/14, 21, , , 
2021/10/16, 24, 19, , 
2021/10/17, 36, 17, , 
2021/10/18, 25, 23, , 
2021/10/19, 33, 29, , 
2021/10/20, 40, 28, , 
2021/10/21, 58, 30, , 
2021/10/22, 65, 30, , 
2021/10/23, 55, 22, , 
2021/10/24, 30, 25, , 
2021/10/25, 29, 28, , 
2021/10/26, 25, 33, , 
2021/10/27, 37, 30, , 
2021/10/28, 41, 40, , 
2021/10/29, 44, 40, , 
2021/10/30, 54, 37, , 2
2021/10/31, 48, 32, , 2
2021/11/1, 64, 28, , 2
2021/11/2, 43, 30, , 2
2021/11/3, 40, 32, , 1
2021/11/4, 35, 55, , 
2021/11/5, 21, 37, , 1
2021/11/6, 38, 28, , 2
2021/11/7, 31, 23, , 1
2021/11/8, 25, 73, , 3
2021/11/9, 34, 35, , 1
2021/11/10, 31, 27, , 1
2021/11/11, 37, 31, , 1
2021/11/12, 43, 28, , 1
2021/11/13, 27, 14, , 1
2021/11/14, 22, 17, , 1
2021/11/15, 19, 22, , 
2021/11/16, 23, 27, , 1
2021/11/17, 32, 33, , 1
2021/11/18, 43, 29, , 1
2021/11/19, 38, 31, 4, 5
2021/11/20, 40, 29, , 2
2021/11/21, 36, 29, , 2
2021/11/22, 39, 31, 3, 2
2021/11/23, 32, 40, , 1
2021/11/24, 47, 19, , 2
2021/11/25, 36, 27, , 2
2021/11/26, 36, 38, , 2
2021/11/27, 52, 38, , 1
2021/11/28, 28, 27, , 
2021/11/29, 19, 34, , 1
2021/11/30, 35, 27, , 4
2021/12/1, 29, 27, , 1
2021/12/2, 36, 35, , 1
2021/12/3, 41, 34, , 1
2021/12/4, 47, 29, , 1
2021/12/5, 44, 33, , 1
2021/12/6, 45, 34, , 1
2021/12/7, 50, 29, , 
2021/12/8, 40, 26, , 1
2021/12/9, 37, 36, , 1
2021/12/10, 52, 33, , 1
2021/12/11, 48, 18, , 
2021/12/12, 35, 15, 1, 
2021/12/13, 19, 21, 1, 
2021/12/14, 28, 24, 1, 
2021/12/15, 37, 30, 1, 
2021/12/16, 33, 32, 1, 
2021/12/17, 39, 24, 1, 
2021/12/18, 35, 27, 1, 1
2021/12/19, 38, 29, 1, 1
2021/12/20, 44, 31, 1, 5
2021/12/21, 42, 33, 1, 2
2021/12/22, 45, 37, 1, 2
2021/12/23, 52, 36, 1, 2
2021/12/24, 55, 27, 1, 2
2021/12/25, 42, 44, 1, 7
2021/12/26, 84, 40, 1, 5
2021/12/27, 79, 40, 1, 2
2021/12/28, 71, 37, 25, 19
2021/12/29, 58, 24, 2, 1
2021/12/30, 43, 24, 1, 1
2021/12/31, 36, 28, 1, 1
2022/1/1, 39, 21, 1, 1
2022/1/2, 27, 16, 1, 
2022/1/3, 20, 20, 1, 
2021/7/2, 188, 59, , 10
2021/7/3, 157, 77, , 18
2021/7/4, 194, 107, , 13
2021/7/5, 229, 78, , 9
2021/7/6, 178, 60, , 8
2021/7/7, 153, 61, , 7
2021/7/8, 157, 62, , 9
2021/7/9, 157, 63, , 7
2021/7/10, 159, 51, , 8
2021/7/11, 131, 86, , 17
2021/7/12, 200, 78, , 11
2021/7/13, 184, 63, 3, 8
2021/7/14, 162, 68, , 9
2021/7/15, 170, 72, , 14
2021/7/16, 172, 61, , 6
2021/7/17, 154, 40, , 7
2021/7/18, 110, 91, , 16
2021/7/19, 199, 86, , 12
2021/7/20, 173, 79, 3, 11
2021/7/21, 168, 71, , 9
2021/7/22, 150, 77, , 10
2021/7/23, 162, 80, , 10
2021/7/24, 170, 61, , 6
2021/7/25, 158, 54, , 6
2021/7/26, 146, 24, , 4
2021/7/27, 74, 32, , 5
2021/7/28, 87, 69, , 13
2021/7/29, 168, 69, 4, 12
2021/7/30, 161, 73, , 10
2021/7/31, 172, 78, , 11
2021/8/1, 184, 86, , 14
2021/8/2, 186, 66, , 11
2021/8/3, 154, 71, , 9
2021/8/4, 156, 68, , 8
2021/8/5, 158, 62, , 8
2021/8/6, 158, 72, , 10
2021/8/7, 172, 55, , 5
2021/8/8, 148, 46, , 6
2021/8/9, 135, 40, , 4
2021/8/10, 98, 51, , 5
2021/8/11, 119, 62, , 10
2021/8/12, 151, 59, 6, 11
2021/8/13, 154, 73, , 12
2021/8/14, 175, 104, , 17
2021/8/15, 210, 76, , 12
2021/8/16, 177, 62, , 7
2021/8/17, 158, 36, , 7
2021/8/18, 87, 17, , 5
2021/8/19, 58, 15, , 5
2021/8/20, 58, 43, , 9
2021/8/21, 104, 21, , 5
2021/8/22, 48, 21, , 6
2021/8/23, 56, 23, , 5
2021/8/24, 62, 23, 2, 12
2021/8/25, 62, 30, , 6
2021/8/26, 85, 29, , 6
2021/8/27, 75, 41, , 8
2021/8/28, 101, 43, , 10
2021/8/29, 107, 41, , 7
2021/8/30, 95, 25, , 4
2021/8/31, 66, 28, , 4
2021/9/1, 78, 31, , 5
2021/9/2, 71, 39, , 6
2021/9/3, 89, 42, , 5
2021/9/4, 80, 23, , 4
2021/9/5, 58, 25, , 4
2021/9/6, 56, 13, , 3
2021/9/7, 23, 17, , 4
2021/9/8, 37, 27, , 4
2021/9/9, 58, 36, , 5
2021/9/10, 74, 44, 4, 9
2021/9/11, 84, 25, , 4
2021/9/12, 62, 6, , 3
2021/9/13, 12, 11, 2, 4
2021/9/14, 30, 19, , 4
2021/9/15, 40, 27, , 5
2021/9/16, 61, 28, , 6
2021/9/17, 63, 24, , 5
2021/9/18, 55, 30, , 6
2021/9/19, 82, 16, , 4
2021/9/20, 47, 19, , 4
2021/9/21, 41, 34, , 5
2021/9/22, 61, 21, , 4
2021/9/23, 42, 31, , 4
2021/9/24, 54, 35, 3, 8
2021/9/25, 57, 21, , 3
2021/9/26, 50, 24, , 3
2021/9/27, 36, 22, , 3
2021/9/28, 37, 35, , 5
2021/9/29, 60, 37, , 4
2021/9/30, 55, 17, , 5
2021/10/1, 24, 18, , 2
2021/4/2, 97, 52, , 4
2021/4/3, 76, 45, 1, 5
2021/4/4, 61, 48, , 5
2021/4/5, 60, 39, , 6
2021/4/6, 55, 37, 1, 5
2021/4/7, 34, 43, , 5
2021/4/8, 40, 45, , 4
2021/4/9, 48, 41, , 4
2021/4/10, 32, 37, , 4
2021/4/11, 39, 38, , 4
2021/4/12, 39, 54, , 5
2021/4/13, 39, 58, 2, 7
2021/4/14, 48, 58, , 4
2021/4/15, 55, 56, 1, 6
2021/4/16, 61, 58, , 4
2021/4/17, 60, 52, 1, 5
2021/4/18, 59, 45, 1, 6
2021/4/19, 70, 56, 1, 13
2021/4/20, 78, 48, 1, 1
2021/4/21, 64, 34, 1, 
2021/4/22, 33, 30, 1, 
2021/4/23, 26, 30, 1, 1
2021/4/24, 52, 41, 1, 2
2021/4/25, 63, 52, , 2
2021/4/26, 66, 59, 1, 2
2021/4/27, 63, 68, , 3
2021/4/28, 75, 66, 5, 5
2021/4/29, 91, 69, , 6
2021/4/30, 87, 62, 1, 8
2021/5/1, 106, 58, 1, 8
2021/5/2, 116, 58, 1, 8
2021/5/3, 124, 59, 1, 19
2021/5/4, 114, 61, 1, 4
2021/5/5, 109, 52, 1, 1
2021/5/6, 86, 61, 1, 3
2021/5/7, 78, 69, 1, 1
2021/5/8, 92, 49, 1, 
2021/5/9, 75, 42, 1, 3
2021/5/10, 73, 65, 1, 2
2021/5/11, 106, 81, 5, 14
2021/5/12, 119, 85, , 5
2021/5/13, 113, 96, , 9
2021/5/14, 138, 107, , 10
2021/5/15, 166, 95, , 13
2021/5/16, 167, 112, 1, 11
2021/5/17, 181, 94, 1, 7
2021/5/18, 158, 73, 1, 9
2021/5/19, 142, 68, 1, 7
2021/5/20, 151, 53, 1, 4
2021/5/21, 114, 30, 1, 2
2021/5/22, 78, 36, 1, 2
2021/5/23, 86, 33, 1, 5
2021/5/24, 85, 49, , 4
2021/5/25, 97, 52, , 5
2021/5/26, 97, 69, , 7
2021/5/27, 129, 66, , 6
2021/5/28, 125, 57, , 5
2021/5/29, 137, 41, 1, 3
2021/5/30, 97, 37, 1, 3
2021/5/31, 83, 53, , 6
2021/6/1, 102, 78, , 7
2021/6/2, 98, 122, , 12
2021/6/3, 100, 71, 1, 6
2021/6/4, 100, 48, 1, 3
2021/6/5, 83, 30, 1, 4
2021/6/6, 87, 54, 1, 7
2021/6/7, 128, 107, 1, 2
2021/6/8, 106, 22, , 5
2021/6/9, 108, 49, 1, 4
2021/6/10, 137, 37, 1, 3
2021/6/11, 81, 51, , 9
2021/6/12, 102, 78, , 9
2021/6/13, 151, 70, 1, 4
2021/6/14, 149, 54, 1, 6
2021/6/15, 105, 65, 1, 7
2021/6/16, 146, 68, , 7
2021/6/17, 152, 61, 1, 3
2021/6/18, 126, 60, 1, 3
2021/6/19, 137, 44, 1, 4
2021/6/20, 138, 62, 1, 11
2021/6/21, 176, 66, 1, 6
2021/6/22, 172, 62, , 8
2021/6/23, 154, 45, 1, 3
2021/6/24, 104, 40, , 9
2021/6/25, 108, 49, 1, 6
2021/6/26, 129, 23, 1, 4
2021/6/27, 78, 58, , 14
2021/6/28, 157, 100, , 15
2021/6/29, 210, 128, 1, 19
2021/6/30, 213, 105, , 15
2021/7/1, 190, 91, , 19
2021/1/5, 44, 43, , 2
2021/1/6, 47, 52, , 2
2021/1/7, 21, 51, , 3
2021/1/8, 12, 53, , 2
2021/1/9, 13, 47, , 2
2021/1/10, 32, 35, , 
2021/1/11, 28, 31, , 1
2021/1/12, 30, 41, , 1
2021/1/13, 40, 47, 3, 4
2021/1/14, 43, 52, , 1
2021/1/15, 57, 46, , 1
2021/1/16, 43, 41, , 1
2021/1/17, 45, 42, , 2
2021/1/18, 58, 45, 1, 2
2021/1/19, 57, 53, , 2
2021/1/20, 65, 54, 3, 4
2021/1/21, 62, 50, , 1
2021/1/22, 57, 47, , 1
2021/1/23, 55, 43, , 1
2021/1/24, 54, 41, , 2
2021/1/25, 54, 41, , 2
2021/1/26, 51, 46, 3, 5
2021/1/27, 56, 51, , 5
2021/1/28, 61, 49, , 
2021/1/29, 53, 41, , 1
2021/1/30, 52, 21, , 
2021/1/31, 49, 13, , 
2021/2/1, 46, 15, 1, 
2021/2/2, 39, 22, 1, 1
2021/2/3, 42, 30, 1, 
2021/2/4, 45, 35, 4, 
2021/2/5, 43, 30, , 1
2021/2/6, 52, 23, 1, 1
2021/2/7, 52, 20, , 
2021/2/8, 55, 26, , 
2021/2/9, 45, 35, , 2
2021/2/10, 55, 45, 1, 
2021/2/11, 54, 47, , 
2021/2/12, 52, 33, , 
2021/2/13, 59, 32, , 
2021/2/14, 62, 28, , 
2021/2/15, 56, 30, 1, 
2021/2/16, 61, 32, , 
2021/2/17, 59, 37, 4, 5
2021/2/18, 59, 34, 1, 1
2021/2/19, 46, 45, 1, 2
2021/2/20, 38, 48, 1, 2
2021/2/21, 47, 36, 1, 2
2021/2/22, 46, 38, 1, 2
2021/2/23, 41, 45, 1, 2
2021/2/24, 43, 47, 1, 1
2021/2/25, 47, 51, 4, 4
2021/2/26, 59, 51, 1, 3
2021/2/27, 59, 48, 1, 4
2021/2/28, 58, 44, 1, 4
2021/3/1, 46, 48, 1, 4
2021/3/2, 39, 49, 1, 4
2021/3/3, 53, 48, 1, 5
2021/3/4, 54, 50, 1, 5
2021/3/5, 53, 49, 1, 5
2021/3/6, 54, 39, 1, 4
2021/3/7, 47, 35, 1, 5
2021/3/8, 46, 45, 1, 5
2021/3/9, 50, 51, 1, 6
2021/3/10, 56, 50, 1, 6
2021/3/11, 52, 44, 1, 6
2021/3/12, 40, 46, 1, 6
2021/3/13, 40, 44, , 6
2021/3/14, 47, 38, , 6
2021/3/15, 42, 29, 1, 6
2021/3/16, 36, 27, 1, 7
2021/3/17, 44, 36, 1, 7
2021/3/18, 47, 36, 1, 7
2021/3/19, 49, 35, 1, 7
2021/3/20, 55, 30, , 9
2021/3/21, 32, 29, 1, 7
2021/3/22, 29, 36, , 8
2021/3/23, 25, 50, , 8
2021/3/24, 43, 56, , 9
2021/3/25, 64, 47, , 8
2021/3/26, 54, 44, 10, 7
2021/3/27, 45, 43, 1, 8
2021/3/28, 37, 40, , 2
2021/3/29, 37, 50, , 3
2021/3/30, 63, 50, , 3
2021/3/31, 64, 57, , 8
2021/4/1, 88, 58, 1, 5
2020/10/2, 53, 35, , 2
2020/10/3, 65, 30, , 2
2020/10/4, 56, 22, , 2
2020/10/5, 40, 35, , 3
2020/10/6, 55, 38, 8, 109
2020/10/7, 56, 36, 1, 1
2020/10/8, 54, 40, 2, 1
2020/10/9, 55, 44, 1, 
2020/10/10, 60, 43, , 
2020/10/11, 58, 35, , 
2020/10/12, 53, 35, , 
2020/10/13, 55, 42, , 
2020/10/14, 60, 47, , 
2020/10/15, 74, 49, , 4
2020/10/16, 77, 43, 1, 
2020/10/17, 73, 45, , 1
2020/10/18, 82, 36, , 
2020/10/19, 71, 35, 3, 4
2020/10/20, 54, 40, , 
2020/10/21, 47, 43, , 
2020/10/22, 56, 45, , 
2020/10/23, 59, 46, , 
2020/10/24, 60, 40, , 
2020/10/25, 52, 25, , 
2020/10/26, 40, 29, , 
2020/10/27, 49, 34, , 1
2020/10/28, 49, 29, , 
2020/10/29, 42, 31, , 
2020/10/30, 48, 44, , 
2020/10/31, 57, 48, , 
2020/11/1, 68, 37, , 
2020/11/2, 62, 40, , 
2020/11/3, 60, 41, , 
2020/11/4, 61, 66, , 4
2020/11/5, 58, 37, , 
2020/11/6, 54, 44, , 1
2020/11/7, 64, 44, 1, 
2020/11/8, 63, 42, , 
2020/11/9, 61, 37, , 
2020/11/10, 58, 41, 2, 
2020/11/11, 59, 40, , 
2020/11/12, 69, 40, , 
2020/11/13, 58, 34, , 
2020/11/14, 69, 25, , 
2020/11/15, 58, 27, , 1
2020/11/16, 44, 35, , 
2020/11/17, 46, 39, , 
2020/11/18, 63, 36, 2, 6
2020/11/19, 58, 37, , 
2020/11/20, 63, 25, , 
2020/11/21, 54, 24, , 
2020/11/22, 44, 26, , 1
2020/11/23, 41, 30, , 
2020/11/24, 43, 31, , 
2020/11/25, 32, 32, , 
2020/11/26, 34, 39, 3, 4
2020/11/27, 41, 46, , 
2020/11/28, 55, 40, , 1
2020/11/29, 55, 28, , 1
2020/11/30, 38, 38, , 1
2020/12/1, 40, 50, , 1
2020/12/2, 55, 44, , 1
2020/12/3, 57, 54, 3, 3
2020/12/4, 47, 49, , 1
2020/12/5, 53, 45, , 1
2020/12/6, 60, 41, , 1
2020/12/7, 60, 44, 3, 4
2020/12/8, 55, 36, , 2
2020/12/9, 50, 35, , 2
2020/12/10, 51, 44, , 2
2020/12/11, 58, 37, , 1
2020/12/12, 45, 36, , 1
2020/12/13, 39, 32, , 1
2020/12/14, 31, 34, , 1
2020/12/15, 32, 33, , 2
2020/12/16, 38, 40, , 2
2020/12/17, 47, 46, , 2
2020/12/18, 55, 40, , 1
2020/12/19, 56, 28, , 1
2020/12/20, 44, 29, , 1
2020/12/21, 39, 36, , 1
2020/12/22, 43, 45, , 1
2020/12/23, 58, 47, , 1
2020/12/24, 56, 44, , 1
2020/12/25, 61, 36, , 1
2020/12/26, 53, 35, , 1
2020/12/27, 52, 31, , 1
2020/12/28, 57, 33, , 2
2020/12/29, 47, 38, , 2
2020/12/30, 57, 37, , 1
2020/12/31, 52, 41, 1, 1
2021/1/1, 46, 43, , 2
2021/1/2, 57, 36, , 1
2021/1/3, 52, 33, , 1
2021/1/4, 52, 35, , 1
2020/7/2, 85, 39, , 
2020/7/3, 67, 66, , 
2020/7/4, 152, 30, , 
2020/7/5, 117, 17, , 
2020/7/7, 108, 58, , 
2020/7/8, 148, 42, , 
2020/7/9, 116, 53, , 
2020/7/10, 111, 71, , 
2020/7/11, 151, 73, , 
2020/7/12, 158, 53, , 
2020/7/13, 120, 80, , 
2020/7/14, 165, 69, , 
2020/7/15, 155, 53, , 
2020/7/16, 112, 67, , 
2020/7/17, 119, 72, , 
2020/7/18, 166, 45, , 
2020/7/19, 122, 26, , 
2020/7/20, 81, 29, , 
2020/7/21, 70, 22, , 
2020/7/22, 66, 41, , 
2020/7/23, 87, 54, , 
2020/7/24, 118, 59, , 
2020/7/25, 137, 75, , 
2020/7/26, 139, 92, , 
2020/7/27, 179, 59, , 
2020/7/28, 154, 52, , 
2020/7/29, 92, 89, , 
2020/7/30, 161, 70, , 
2020/7/31, 158, 81, , 
2020/8/1, 155, 88, , 
2020/8/2, 162, 78, , 
2020/8/3, 167, 55, , 
2020/8/4, 143, 55, , 
2020/8/5, 109, 44, , 
2020/8/6, 97, 24, , 
2020/8/7, 57, 40, , 
2020/8/8, 82, 71, , 
2020/8/9, 142, 57, , 
2020/8/10, 151, 26, , 
2020/8/11, 78, 27, , 
2020/8/12, 55, 54, , 
2020/8/13, 113, 56, , 
2020/8/14, 135, 45, , 
2020/8/15, 102, 31, , 
2020/8/16, 71, 44, , 
2020/8/17, 91, 55, , 
2020/8/18, 110, 61, , 
2020/8/19, 131, 50, , 
2020/8/20, 122, 80, , 
2020/8/21, 145, 81, , 
2020/8/22, 155, 67, , 
2020/8/23, 123, 42, , 
2020/8/24, 107, 29, , 
2020/8/25, 69, 32, , 
2020/8/26, 65, 19, , 
2020/8/27, 54, 26, , 
2020/8/28, 62, 33, , 
2020/8/29, 71, 23, , 3
2020/8/30, 71, 23, , 4
2020/8/31, 60, 41, , 5
2020/9/1, 101, 39, , 5
2020/9/2, 76, 46, 3, 7
2020/9/3, 109, 47, , 6
2020/9/4, 109, 48, , 6
2020/9/5, 105, 38, , 6
2020/9/6, 88, 43, , 6
2020/9/7, 103, 43, , 6
2020/9/8, 77, 45, , 8
2020/9/9, 94, 40, , 7
2020/9/10, 100, 36, , 4
2020/9/11, 71, 34, 1, 4
2020/9/12, 61, 34, , 4
2020/9/13, 69, 29, 1, 4
2020/9/14, 60, 44, 1, 6
2020/9/15, 80, 48, 1, 6
2020/9/16, 83, 43, 5, 7
2020/9/17, 86, 62, 1, 3
2020/9/18, 75, 34, 1, 3
2020/9/19, 63, 29, 1, 4
2020/9/20, 60, 31, 1, 3
2020/9/21, 59, 41, 1, 4
2020/9/22, 66, 51, 1, 4
2020/9/23, 81, 58, 4, 6
2020/9/24, 81, 55, 1, 5
2020/9/25, 70, 37, 1, 6
2020/9/26, 69, 20, 1, 5
2020/9/27, 54, 23, 1, 6
2020/9/28, 57, 36, 1, 7
2020/9/29, 57, 33, 1, 6
2020/9/30, 56, 28, , 7
2020/10/1, 53, 28, , 5
2020/4/2, 55, 62, , 
2020/4/3, 66, 60, , 
2020/4/4, 68, 57, , 
2020/4/5, 66, 48, , 
2020/4/6, 62, 45, , 
2020/4/7, 50, 56, , 
2020/4/8, 58, 61, , 
2020/4/9, 65, 55, , 
2020/4/10, 77, 45, , 
2020/4/11, 78, 49, , 
2020/4/12, 81, 45, , 
2020/4/13, 90, 44, , 
2020/4/14, 74, 52, , 
2020/4/15, 66, 61, , 
2020/4/16, 80, 82, , 
2020/4/17, 91, 60, , 
2020/4/18, 85, 54, , 
2020/4/19, 70, 42, , 
2020/4/20, 66, 46, , 
2020/4/21, 55, 60, , 
2020/4/22, 61, 60, , 
2020/4/23, 70, 58, , 
2020/4/24, 76, 53, , 
2020/4/25, 85, 46, , 
2020/4/26, 70, 34, , 
2020/4/27, 63, 37, , 
2020/4/28, 51, 31, , 
2020/4/29, 42, 38, , 
2020/4/30, 48, 47, , 
2020/5/1, 68, 55, , 
2020/5/2, 77, 54, , 
2020/5/3, 93, 53, , 
2020/5/4, 118, 41, , 
2020/5/5, 86, 41, , 
2020/5/6, 67, 63, , 
2020/5/7, 72, 72, , 
2020/5/8, 100, 66, , 
2020/5/9, 90, 58, , 
2020/5/10, 98, 49, , 
2020/5/11, 89, 35, , 
2020/5/12, 67, 48, , 
2020/5/13, 72, 56, , 
2020/5/14, 112, 59, , 
2020/5/15, 95, 64, , 
2020/5/16, 108, 58, , 
2020/5/17, 89, 56, , 
2020/5/18, 88, 56, , 
2020/5/19, 81, 67, , 
2020/5/20, 117, 56, , 
2020/5/21, 146, 29, , 
2020/5/22, 117, 48, , 
2020/5/23, 97, 73, , 
2020/5/24, 131, 69, , 
2020/5/25, 160, 56, , 
2020/5/26, 111, 57, , 
2020/5/27, 93, 43, , 
2020/5/28, 108, 46, , 
2020/5/29, 134, 54, , 
2020/5/30, 157, 62, , 
2020/5/31, 115, 61, , 
2020/6/1, 154, 52, , 
2020/6/2, 139, 62, , 
2020/6/3, 152, 50, , 
2020/6/4, 143, 40, , 
2020/6/5, 104, 61, , 
2020/6/6, 150, 57, , 
2020/6/7, 158, 39, , 
2020/6/8, 173, 59, , 
2020/6/9, 158, 66, , 
2020/6/10, 157, 66, , 
2020/6/11, 149, 68, , 
2020/6/12, 160, 39, , 
2020/6/13, 81, 61, , 
2020/6/14, 88, 88, , 
2020/6/15, 186, 50, , 
2020/6/16, 137, 59, , 
2020/6/17, 115, 60, , 
2020/6/18, 154, 39, , 
2020/6/19, 82, 32, , 
2020/6/20, 67, 26, , 
2020/6/21, 86, 24, , 
2020/6/22, 66, 28, , 
2020/6/23, 96, 19, , 
2020/6/24, 76, 14, , 
2020/6/25, 38, 40, , 
2020/6/26, 106, 43, , 
2020/6/27, 124, 68, , 
2020/6/28, 114, 81, , 
2020/6/29, 173, 39, , 
2020/6/30, 116, 33, , 
2020/7/1, 58, 37, , 
2020/1/2, 70, 45, , 
2020/1/3, 62, 47, , 
2020/1/4, 59, 44, , 
2020/1/5, 60, 43, , 
2020/1/6, 62, 44, , 
2020/1/7, 59, 46, , 
2020/1/8, 59, 40, , 
2020/1/9, 44, 36, , 
2020/1/10, 41, 41, , 
2020/1/11, 48, 43, , 
2020/1/12, 54, 42, , 
2020/1/13, 56, 45, , 
2020/1/14, 57, 47, , 
2020/1/15, 55, 53, , 
2020/1/16, 49, 58, , 
2020/1/17, 56, 86, , 
2020/1/18, 63, 61, , 
2020/1/19, 25, 56, , 
2020/1/20, 11, 51, , 
2020/1/21, 8, 51, , 
2020/1/22, 47, 53, , 
2020/1/23, 58, 47, , 
2020/1/24, 55, 47, , 
2020/1/25, 44, 52, , 
2020/1/26, 58, 45, , 
2020/1/27, 56, 44, , 
2020/1/28, 47, 53, , 
2020/1/29, 50, 47, , 
2020/1/30, 50, 50, , 
2020/1/31, 50, 55, , 
2020/2/1, 53, 52, , 
2020/2/2, 58, 46, , 
2020/2/3, 48, 40, , 
2020/2/4, 22, 38, , 
2020/2/5, 24, 42, , 
2020/2/6, 41, 41, , 
2020/2/7, 43, 47, , 
2020/2/8, 39, 50, , 
2020/2/9, 51, 57, , 
2020/2/10, 71, 53, , 
2020/2/11, 60, 52, , 
2020/2/12, 61, 50, , 
2020/2/13, 65, 48, , 
2020/2/14, 61, 53, , 
2020/2/15, 62, 57, , 
2020/2/16, 74, 50, , 
2020/2/17, 75, 36, , 
2020/2/18, 49, 47, , 
2020/2/19, 47, 57, , 
2020/2/20, 71, 63, , 
2020/2/21, 78, 58, , 
2020/2/22, 72, 47, , 
2020/2/23, 62, 42, , 
2020/2/24, 61, 45, , 
2020/2/25, 62, 49, , 
2020/2/26, 63, 77, , 
2020/2/27, 69, 57, , 
2020/2/28, 69, 66, , 
2020/2/29, 81, 67, , 
2020/3/1, 99, 55, , 
2020/3/2, 84, 46, , 
2020/3/3, 65, 53, , 
2020/3/4, 57, 52, , 
2020/3/5, 63, 60, , 
2020/3/6, 64, 62, , 
2020/3/7, 71, 55, , 
2020/3/8, 64, 42, , 
2020/3/9, 51, 47, , 
2020/3/10, 51, 54, , 
2020/3/11, 51, 54, , 
2020/3/12, 52, 52, , 
2020/3/13, 52, 40, , 
2020/3/14, 41, 37, , 
2020/3/15, 31, 42, , 
2020/3/16, 40, 49, , 
2020/3/17, 48, 46, , 
2020/3/18, 50, 46, , 
2020/3/19, 48, 46, , 
2020/3/20, 44, 53, , 
2020/3/21, 50, 44, , 
2020/3/22, 54, 30, , 
2020/3/23, 53, 33, , 
2020/3/24, 33, 45, , 
2020/3/25, 30, 41, , 
2020/3/26, 33, 44, , 
2020/3/27, 47, 40, , 
2020/3/28, 55, 41, , 
2020/3/29, 67, 37, , 
2020/3/30, 75, , , 
2019/10/2, 31, 20, , 
2019/10/3, 33, 23, , 
2019/10/4, 45, 30, , 
2019/10/5, 49, 45, , 
2019/10/6, 66, 37, , 
2019/10/7, 64, 29, , 
2019/10/8, 40, 33, , 
2019/10/9, 45, 47, , 
2019/10/10, 53, 63, , 
2019/10/11, 66, 64, , 
2019/10/12, 78, 52, , 
2019/10/13, 77, 47, , 
2019/10/14, 83, 36, , 
2019/10/15, 63, 31, , 
2019/10/16, 55, 32, , 
2019/10/17, 53, 32, , 
2019/10/18, 45, 37, , 
2019/10/19, 53, 41, , 
2019/10/20, 56, 29, , 
2019/10/21, 47, 33, , 
2019/10/22, 60, 41, , 
2019/10/23, 55, 45, , 
2019/10/24, 53, 40, , 
2019/10/25, 56, 43, , 
2019/10/26, 58, 41, , 
2019/10/27, 57, 30, , 
2019/10/28, 44, 30, , 
2019/10/29, 53, 38, , 
2019/10/30, 43, 33, , 
2019/10/31, 42, 37, , 
2019/11/1, 54, 36, , 
2019/11/2, 53, 24, , 
2019/11/3, 36, 35, , 
2019/11/4, 41, 35, , 
2019/11/5, 46, 35, , 
2019/11/6, 50, 42, , 
2019/11/7, 52, 49, , 
2019/11/8, 53, 57, , 
2019/11/9, 60, 54, , 
2019/11/10, 70, 47, , 
2019/11/11, 57, 52, , 
2019/11/12, 59, 47, , 
2019/11/13, 55, 41, , 
2019/11/14, 55, 41, , 
2019/11/15, 51, 41, , 
2019/11/16, 47, 39, , 
2019/11/17, 40, 33, , 
2019/11/18, 37, 39, , 
2019/11/19, 46, 50, , 
2019/11/20, 50, 48, , 
2019/11/21, 52, 45, , 
2019/11/22, 51, 50, , 
2019/11/23, 59, 42, , 
2019/11/24, 54, 27, , 
2019/11/25, 42, 26, , 
2019/11/26, 34, 34, , 
2019/11/27, 36, 39, , 
2019/11/28, 37, 45, , 
2019/11/29, 47, 38, , 
2019/11/30, 46, 37, , 
2019/12/1, 50, 49, , 
2019/12/2, 62, 49, , 
2019/12/3, 63, 46, , 
2019/12/4, 56, 50, , 
2019/12/5, 52, 53, , 
2019/12/6, 65, 47, , 
2019/12/7, 65, 47, , 
2019/12/8, 63, 39, , 
2019/12/9, 59, 42, , 
2019/12/10, 55, 42, , 
2019/12/11, 50, 43, , 
2019/12/12, 47, 45, , 
2019/12/13, 47, 53, , 
2019/12/14, 56, 47, , 
2019/12/15, 55, 32, , 
2019/12/16, 52, 36, , 
2019/12/17, 42, 41, , 
2019/12/18, 50, 42, , 
2019/12/19, 51, 44, , 
2019/12/20, 50, 43, , 
2019/12/21, 55, 39, , 
2019/12/22, 52, 42, , 
2019/12/23, 54, 48, , 
2019/12/24, 54, 44, , 
2019/12/25, 53, 32, , 
2019/12/26, 42, 35, , 
2019/12/27, 43, 47, , 
2019/12/28, 53, 45, , 
2019/12/29, 57, 41, , 
2019/12/30, 52, , , 
2019/7/2, 82, 67, , 
2019/7/3, 145, 63, , 
2019/7/4, 151, 49, , 
2019/7/5, 105, 105, , 
2019/7/6, 167, 134, , 
2019/7/7, 316, 72, , 
2019/7/12, 163, 66, , 
2019/7/13, 157, 67, , 
2019/7/14, 159, 62, , 
2019/7/15, 160, 68, , 
2019/7/16, 124, 92, , 
2019/7/17, 173, 70, , 
2019/7/18, 160, 58, , 
2019/7/19, 145, 64, , 
2019/7/20, 142, 81, , 
2019/7/21, 170, 51, , 
2019/7/22, 130, 43, , 
2019/7/23, 131, 52, , 
2019/7/24, 128, 56, , 
2019/7/25, 147, 57, , 
2019/7/26, 153, 66, , 
2019/7/27, 153, 83, , 
2019/7/28, 164, 78, , 
2019/7/29, 179, 51, , 
2019/7/30, 137, 46, , 
2019/7/31, 99, 42, , 
2019/8/1, 90, 31, , 
2019/8/2, 70, 36, , 
2019/8/3, 67, 70, , 
2019/8/4, 148, 71, , 
2019/8/5, 158, 50, , 
2019/8/6, 104, 44, , 
2019/8/7, 102, 36, , 
2019/8/8, 87, 56, , 
2019/8/9, 139, 58, , 
2019/8/10, 145, 63, , 
2019/8/11, 155, 48, , 
2019/8/12, 130, 38, , 
2019/8/13, 79, 103, , 
2019/8/14, 103, 98, , 
2019/8/15, 162, 66, , 
2019/8/16, 145, 46, , 
2019/8/17, 126, 38, , 
2019/8/18, 112, 34, , 
2019/8/19, 79, 46, , 
2019/8/20, 86, 53, , 
2019/8/21, 66, 53, , 
2019/8/22, 89, 55, , 
2019/8/23, 131, 59, , 
2019/8/24, 95, 58, , 
2019/8/25, 93, 53, , 
2019/8/26, 89, 68, , 
2019/8/27, 111, 60, , 
2019/8/28, 110, 57, , 
2019/8/29, 79, 34, , 
2019/8/30, 54, 28, , 
2019/8/31, 52, 39, , 
2019/9/1, 67, 45, , 
2019/9/2, 82, 42, , 
2019/9/3, 70, 60, , 
2019/9/4, 87, 66, , 
2019/9/5, 95, 44, , 
2019/9/6, 78, 37, , 
2019/9/7, 53, 32, , 
2019/9/8, 65, 25, , 
2019/9/9, 58, 19, , 
2019/9/10, 37, 26, , 
2019/9/11, 55, 30, , 
2019/9/12, 68, 34, , 
2019/9/13, 57, 41, , 
2019/9/14, 66, 38, , 
2019/9/15, 71, 27, , 
2019/9/16, 75, 24, , 
2019/9/17, 38, 39, , 
2019/9/18, 65, 38, , 
2019/9/19, 72, 28, , 
2019/9/20, 60, 24, , 
2019/9/21, 42, 36, , 
2019/9/22, 53, 51, , 
2019/9/23, 74, 43, , 
2019/9/24, 64, 52, , 
2019/9/25, 72, 56, , 
2019/9/26, 83, 41, , 
2019/9/27, 68, 27, , 
2019/9/28, 63, 30, , 
2019/9/29, 58, 32, , 
2019/9/30, 63, 20, , 
2019/10/1, 39, 13, , 
2019/4/2, 62, 56, , 
2019/4/3, 77, 66, , 
2019/4/4, 81, 50, , 
2019/4/5, 70, 55, , 
2019/4/6, 63, 57, , 
2019/4/7, 69, 53, , 
2019/4/8, 66, 56, , 
2019/4/9, 67, 51, , 
2019/4/10, 78, 53, , 
2019/4/11, 73, 68, , 
2019/4/12, 81, 60, , 
2019/4/13, 90, 62, , 
2019/4/14, 118, 65, , 
2019/4/15, 138, 52, , 
2019/4/16, 68, 68, , 
2019/4/17, 70, 68, , 
2019/4/18, 77, 71, , 
2019/4/19, 82, 58, , 
2019/4/20, 88, 38, , 
2019/4/21, 83, 41, , 
2019/4/22, 82, 49, , 
2019/4/23, 79, 61, , 
2019/4/24, 97, 54, , 
2019/4/25, 108, 46, , 
2019/4/26, 116, 52, , 
2019/4/27, 103, 57, , 
2019/4/28, 96, 62, , 
2019/4/29, 101, 45, , 
2019/4/30, 71, 65, , 
2019/5/1, 79, 66, , 
2019/5/2, 97, 102, , 
2019/5/3, 93, 113, , 
2019/5/4, 149, 87, , 
2019/5/5, 155, 65, , 
2019/5/6, 141, 54, , 
2019/5/7, 86, 63, , 
2019/5/8, 107, 54, , 
2019/5/9, 106, 41, , 
2019/5/10, 98, 42, , 
2019/5/11, 77, 67, , 
2019/5/12, 88, 70, , 
2019/5/13, 140, 61, , 
2019/5/14, 92, 85, , 
2019/5/15, 105, 85, , 
2019/5/16, 104, 77, , 
2019/5/17, 131, 68, , 
2019/5/18, 156, 17, , 
2019/5/19, 52, 32, , 
2019/5/20, 71, 46, , 
2019/5/21, 102, 43, , 
2019/5/22, 89, 57, , 
2019/5/23, 133, 67, , 
2019/5/24, 119, 101, , 
2019/5/25, 152, 102, , 
2019/5/26, 162, 71, , 
2019/5/27, 154, 59, , 
2019/5/28, 115, 75, , 
2019/5/29, 125, 60, , 
2019/5/30, 99, 31, , 
2019/5/31, 50, 36, , 
2019/6/1, 102, 46, , 
2019/6/2, 65, 101, , 
2019/6/3, 174, 69, , 
2019/6/4, 155, 89, , 
2019/6/5, 142, 94, , 
2019/6/6, 169, 64, , 
2019/6/7, 154, 41, , 
2019/6/8, 90, 53, , 
2019/6/9, 105, 78, , 
2019/6/10, 157, 67, , 
2019/6/11, 141, 75, , 
2019/6/12, 151, 57, , 
2019/6/13, 139, 25, , 
2019/6/14, 59, 31, , 
2019/6/15, 73, 30, , 
2019/6/16, 93, 47, , 
2019/6/17, 103, 58, , 
2019/6/18, 131, 29, , 
2019/6/19, 78, 74, , 
2019/6/20, 90, 116, , 
2019/6/21, 179, 65, , 
2019/6/22, 150, 31, , 
2019/6/23, 161, 1, , 
2019/6/24, 163, 26, , 
2019/6/25, 165, 42, , 
2019/6/26, 115, 63, , 
2019/6/27, 109, 70, , 
2019/6/28, 152, 72, , 
2019/6/29, 156, 38, , 
2019/6/30, 88, 24, , 
2019/7/1, 69, 45, , 
2019/1/2, 51, 49, , 
2019/1/3, 39, 56, , 
2019/1/4, 41, 59, , 
2019/1/5, 48, 60, , 
2019/1/6, 87, 45, , 
2019/1/7, 59, 36, , 
2019/1/8, 34, 31, , 
2019/1/9, 26, 29, , 
2019/1/10, 27, 34, , 
2019/1/11, 31, 43, , 
2019/1/12, 37, 42, , 
2019/1/13, 28, 35, , 
2019/1/14, 32, 37, , 
2019/1/15, 38, 45, , 
2019/1/16, 43, 92, , 
2019/1/17, 49, 46, , 
2019/1/18, 41, 57, , 
2019/1/19, 58, 56, , 
2019/1/20, 70, 47, , 
2019/1/21, 58, 44, , 
2019/1/22, 51, 46, , 
2019/1/23, 48, 51, , 
2019/1/24, 49, 55, , 
2019/1/25, 55, 55, , 
2019/1/26, 58, 51, , 
2019/1/27, 56, 48, , 
2019/1/28, 54, 49, , 
2019/1/29, 50, 113, , 
2019/1/30, 58, 53, , 
2019/1/31, 20, 50, , 
2019/2/1, 6, 53, , 
2019/2/2, 8, 57, , 
2019/2/3, 66, 51, , 
2019/2/4, 63, 50, , 
2019/2/5, 61, 54, , 
2019/2/6, 60, 61, , 
2019/2/7, 72, 57, , 
2019/2/8, 76, 53, , 
2019/2/9, 67, 51, , 
2019/2/10, 57, 52, , 
2019/2/11, 60, 44, , 
2019/2/12, 53, 44, , 
2019/2/13, 56, 38, , 
2019/2/14, 50, 49, , 
2019/2/15, 48, 60, , 
2019/2/16, 64, 46, , 
2019/2/17, 66, 42, , 
2019/2/18, 74, 48, , 
2019/2/19, 71, 89, , 
2019/2/20, 65, 41, , 
2019/2/21, 52, 39, , 
2019/2/22, 46, 35, , 
2019/2/23, 44, 34, , 
2019/2/24, 43, 32, , 
2019/2/25, 32, 41, , 
2019/2/26, 33, 53, , 
2019/2/27, 63, 53, , 
2019/2/28, 60, 59, , 
2019/3/1, 63, 55, , 
2019/3/2, 61, 55, , 
2019/3/3, 72, 46, , 
2019/3/4, 63, 42, , 
2019/3/5, 52, 49, , 
2019/3/6, 49, 49, , 
2019/3/7, 48, 43, , 
2019/3/8, 41, 42, , 
2019/3/9, 38, 45, , 
2019/3/10, 47, 44, , 
2019/3/11, 54, 51, , 
2019/3/12, 50, 59, , 
2019/3/13, 58, 58, , 
2019/3/14, 62, 49, , 
2019/3/15, 56, 49, , 
2019/3/16, 53, 49, , 
2019/3/17, 53, 47, , 
2019/3/18, 53, 50, , 
2019/3/19, 49, 52, , 
2019/3/20, 40, 57, , 
2019/3/21, 44, 60, , 
2019/3/22, 64, 61, , 
2019/3/23, 75, 57, , 
2019/3/24, 70, 45, , 
2019/3/25, 64, 52, , 
2019/3/26, 61, 60, , 
2019/3/27, 68, 77, , 
2019/3/28, 67, 88, , 
2019/3/29, 76, 55, , 
2019/3/30, 87, 69, , 
2019/3/31, 89, 34, , 
2019/4/1, 106, 33, , 
2018/10/2, 37, 30, , 
2018/10/3, 51, 35, , 
2018/10/4, 56, 46, , 
2018/10/5, 73, 51, , 
2018/10/6, 84, 49, , 
2018/10/7, 86, 43, , 
2018/10/8, 77, 27, , 
2018/10/9, 66, 23, , 
2018/10/10, 43, 38, , 
2018/10/11, 48, 50, , 
2018/10/12, 74, 41, , 
2018/10/13, 65, 35, , 
2018/10/14, 62, 37, , 
2018/10/15, 62, 33, , 
2018/10/16, 56, 31, , 
2018/10/17, 40, 32, , 
2018/10/18, 55, 32, , 
2018/10/19, 36, 34, , 
2018/10/20, 36, 34, , 
2018/10/21, 42, 33, , 
2018/10/22, 42, 38, , 
2018/10/23, 38, 55, , 
2018/10/24, 55, 43, , 
2018/10/25, 59, 37, , 
2018/10/26, 52, 44, , 
2018/10/27, 50, 40, , 
2018/10/28, 48, 53, , 
2018/10/29, 67, 36, , 
2018/10/30, 52, 23, , 
2018/10/31, 32, 23, , 
2018/11/1, 42, 37, , 
2018/11/2, 56, 30, , 
2018/11/3, 63, 23, , 
2018/11/4, 43, 19, , 
2018/11/5, 39, 25, , 
2018/11/6, 31, 37, , 
2018/11/7, 39, 39, , 
2018/11/8, 48, 32, , 
2018/11/9, 57, 26, , 
2018/11/10, 50, 34, , 
2018/11/11, 39, 29, , 
2018/11/12, 34, 23, , 
2018/11/13, 31, 24, , 
2018/11/14, 37, 27, , 
2018/11/15, 42, 34, , 
2018/11/17, 44, 22, , 
2018/11/18, 20, 22, , 
2018/11/19, 23, 33, , 
2018/11/20, 34, 38, , 
2018/11/21, 37, 39, , 
2018/11/22, 39, 35, , 
2018/11/23, 41, 37, , 
2018/11/24, 46, , , 
2018/11/27, 41, 40, , 
2018/11/28, 44, 46, , 
2018/11/29, 49, 47, , 
2018/11/30, 59, 46, , 
2018/12/1, 58, 53, , 
2018/12/2, 56, 41, , 
2018/12/3, 52, 44, , 
2018/12/4, 53, 33, , 
2018/12/5, 53, 34, , 
2018/12/6, 54, 42, , 
2018/12/7, 56, 50, , 
2018/12/8, 63, 38, , 
2018/12/9, 67, 28, , 
2018/12/10, 43, 37, , 
2018/12/11, 38, 35, , 
2018/12/12, 41, 40, , 
2018/12/13, 34, 37, , 
2018/12/14, 39, 30, , 
2018/12/15, 36, 36, , 
2018/12/16, 39, 37, , 
2018/12/17, 50, 39, , 
2018/12/18, 50, 48, , 
2018/12/19, 58, 55, , 
2018/12/20, 65, 47, , 
2018/12/21, 57, 46, , 
2018/12/22, 51, 46, , 
2018/12/23, 56, 41, , 
2018/12/24, 58, 48, , 
2018/12/25, 62, 45, , 
2018/12/26, 63, 44, , 
2018/12/27, 58, 42, , 
2018/12/28, 48, 61, , 
2018/12/29, 48, 48, , 
2018/12/30, 39, 41, , 
2018/12/31, 24, , , 
2018/7/2, 147, 28, , 
2018/7/3, 105, 52, , 
2018/7/4, 140, 44, , 
2018/7/5, 98, 16, , 
2018/7/6, 58, 14, , 
2018/7/7, 63, 45, , 
2018/7/8, 146, 37, , 
2018/7/9, 102, 71, , 
2018/7/10, 161, 66, , 
2018/7/11, 157, 42, , 
2018/7/12, 130, 72, , 
2018/7/13, 166, 85, , 
2018/7/14, 167, 77, , 
2018/7/15, 159, 50, , 
2018/7/16, 136, 23, , 
2018/7/17, 71, 25, , 
2018/7/18, 69, 30, , 
2018/7/19, 80, 47, , 
2018/7/20, 128, 57, , 
2018/7/21, 154, 65, , 
2018/7/22, 159, 57, , 
2018/7/23, 153, 38, , 
2018/7/24, 111, 93, , 
2018/7/25, 184, 86, , 
2018/7/26, 176, 93, , 
2018/7/27, 178, 61, , 
2018/7/28, 150, 58, , 
2018/7/29, 157, 62, , 
2018/7/30, 160, 55, , 
2018/7/31, 147, 65, , 
2018/8/1, 155, 67, , 
2018/8/2, 161, 73, , 
2018/8/3, 167, 61, , 
2018/8/4, 159, 62, , 
2018/8/5, 155, 70, , 
2018/8/6, 159, 85, , 
2018/8/7, 173, 48, , 
2018/8/8, 111, 31, , 
2018/8/9, 69, 72, , 
2018/8/10, 152, 66, , 
2018/8/11, 151, 68, , 
2018/8/12, 154, 55, , 
2018/8/13, 149, 37, , 
2018/8/14, 97, 30, , 
2018/8/15, 67, 55, , 
2018/8/16, 108, 63, , 
2018/8/17, 123, 60, , 
2018/8/18, 121, 47, , 
2018/8/19, 114, 21, , 
2018/8/20, 64, 54, , 
2018/8/21, 122, 63, , 
2018/8/22, 126, 58, , 
2018/8/23, 127, 51, , 
2018/8/24, 148, 33, , 
2018/8/25, 105, 34, , 
2018/8/26, 75, 51, , 
2018/8/27, 98, 47, , 
2018/8/28, 83, 44, , 
2018/8/29, 102, 49, , 
2018/8/30, 115, 51, , 
2018/8/31, 103, 44, , 
2018/9/1, 91, 37, , 
2018/9/2, 89, 39, , 
2018/9/3, 77, 52, , 
2018/9/4, 71, 57, , 
2018/9/5, 77, 62, , 
2018/9/6, 68, 54, , 
2018/9/7, 108, 50, , 
2018/9/8, 81, 53, , 
2018/9/9, 87, 62, , 
2018/9/10, 94, 64, , 
2018/9/11, 82, 61, , 
2018/9/12, 69, 59, , 
2018/9/13, 76, 54, , 
2018/9/14, 81, 56, , 
2018/9/15, 80, 41, , 
2018/9/16, 86, 24, , 
2018/9/17, 73, 35, , 
2018/9/18, 71, 31, , 
2018/9/19, 81, 37, , 
2018/9/20, 68, 54, , 
2018/9/21, 104, 68, , 
2018/9/22, 154, 26, , 
2018/9/23, 58, 15, , 
2018/9/24, 37, 29, , 
2018/9/25, 41, 45, , 
2018/9/26, 66, 54, , 
2018/9/27, 89, 51, , 
2018/9/28, 79, 49, , 
2018/9/29, 85, 24, , 
2018/9/30, 50, 16, , 
2018/10/1, 50, 16, , 
2018/4/2, 53, 33, , 
2018/4/3, 59, 38, , 
2018/4/4, 63, 50, , 
2018/4/5, 70, 42, , 
2018/4/6, 67, 44, , 
2018/4/7, 66, 40, , 
2018/4/8, 59, 44, , 
2018/4/9, 66, 37, , 
2018/4/10, 59, 38, , 
2018/4/11, 59, 29, , 
2018/4/12, 38, 21, , 
2018/4/13, 19, 50, , 
2018/4/14, 57, 49, , 
2018/4/15, 68, 44, , 
2018/4/16, 71, 50, , 
2018/4/17, 70, 46, , 
2018/4/18, 68, 40, , 
2018/4/19, 63, 50, , 
2018/4/20, 66, 55, , 
2018/4/21, 73, 57, , 
2018/4/22, 78, 47, , 
2018/4/23, 68, 42, , 
2018/4/24, 56, 63, , 
2018/4/25, 76, 60, , 
2018/4/26, 80, 63, , 
2018/4/27, 77, 64, , 
2018/4/28, 74, 61, , 
2018/4/29, 81, 59, , 
2018/4/30, 93, 51, , 
2018/5/1, 95, , , 
2018/5/3, 89, 51, , 
2018/5/4, 76, 63, , 
2018/5/5, 92, 70, , 
2018/5/6, 96, 46, , 
2018/5/7, 67, 33, , 
2018/5/8, 50, 45, , 
2018/5/9, 65, 48, , 
2018/5/10, 71, 53, , 
2018/5/11, 109, 59, , 
2018/5/12, 107, 75, , 
2018/5/13, 116, 49, , 
2018/5/14, 83, 54, , 
2018/5/15, 111, 54, , 
2018/5/16, 95, 60, , 
2018/5/17, 92, 58, , 
2018/5/18, 93, 41, , 
2018/5/19, 68, 54, , 
2018/5/20, 89, 61, , 
2018/5/21, 112, 45, , 
2018/5/22, 85, 47, , 
2018/5/23, 95, 77, , 
2018/5/24, 146, 88, , 
2018/5/25, 151, 85, , 
2018/5/26, 130, 87, , 
2018/5/27, 152, 91, , 
2018/5/28, 178, 74, , 
2018/5/29, 158, 48, , 
2018/5/30, 75, 18, , 
2018/5/31, 44, 22, , 
2018/6/1, 65, 54, , 
2018/6/2, 139, 74, , 
2018/6/3, 169, 77, , 
2018/6/4, 177, 49, , 
2018/6/5, 126, 107, , 
2018/6/6, 193, 74, , 
2018/6/7, 168, 36, , 
2018/6/8, 101, 68, , 
2018/6/9, 152, 75, , 
2018/6/10, 155, 17, , 
2018/6/11, 50, 8, , 
2018/6/12, 29, 45, , 
2018/6/13, 144, 53, , 
2018/6/14, 146, 57, , 
2018/6/15, 146, 72, , 
2018/6/16, 161, 72, , 
2018/6/17, 163, 109, , 
2018/6/18, 198, 94, , 
2018/6/19, 180, 98, , 
2018/6/20, 170, 82, , 
2018/6/21, 170, 47, , 
2018/6/22, 117, 55, , 
2018/6/23, 142, 60, , 
2018/6/24, 155, 55, , 
2018/6/25, 152, 54, , 
2018/6/26, 155, 68, , 
2018/6/27, 161, 62, , 
2018/6/28, 150, 51, , 
2018/6/29, 120, 51, , 
2018/6/30, 139, 61, , 
2018/7/1, 158, 44, , 
2018/1/2, 48, 35, , 
2018/1/3, 41, 40, , 
2018/1/4, 40, 28, , 
2018/1/5, 37, 25, , 
2018/1/6, 20, 32, , 
2018/1/7, 33, 40, , 
2018/1/8, 47, 31, , 
2018/1/9, 68, 31, , 
2018/1/10, 124, 47, , 
2018/1/11, 53, 44, , 
2018/1/12, 54, 39, , 
2018/1/13, 54, 31, , 
2018/1/15, 84, 27, , 
2018/1/16, 58, 32, , 
2018/1/17, 48, 76, , 
2018/1/18, 51, 58, , 
2018/1/19, 45, 50, , 
2018/1/20, 51, 43, , 
2018/1/21, 55, 35, , 
2018/1/22, 55, 40, , 
2018/1/23, 59, 42, , 
2018/1/24, 60, 46, , 
2018/1/25, 58, 48, , 
2018/1/26, 59, 46, , 
2018/1/27, 57, 38, , 
2018/1/28, 55, 35, , 
2018/1/29, 51, 48, , 
2018/1/30, 52, 42, , 
2018/1/31, 56, 46, , 
2018/2/1, 52, 55, , 
2018/2/2, 11, 54, , 
2018/2/3, 11, 50, , 
2018/2/4, 13, 43, , 
2018/2/5, 44, 44, , 
2018/2/6, 53, 37, , 
2018/2/7, 54, 37, , 
2018/2/8, 54, 47, , 
2018/2/9, 52, 43, , 
2018/2/10, 43, 38, , 
2018/2/11, 39, 33, , 
2018/2/12, 43, 44, , 
2018/2/13, 47, 53, , 
2018/2/14, 57, 48, , 
2018/2/15, 59, 48, , 
2018/2/16, 63, 50, , 
2018/2/17, 59, 50, , 
2018/2/18, 61, 37, , 
2018/2/19, 56, 32, , 
2018/2/20, 39, 33, , 
2018/2/21, 36, 35, , 
2018/2/22, 35, 39, , 
2018/2/23, 43, 35, , 
2018/2/24, 48, 30, 3, 6
2018/2/25, 42, 27, 2, 6
2018/2/26, 34, 33, 2, 6
2018/3/3, 57, 41, , 
2018/3/4, 55, 30, , 
2018/3/5, 49, 36, , 
2018/3/6, 51, 48, , 
2018/3/7, 53, 52, , 
2018/3/8, 64, 49, , 
2018/3/9, 69, 42, , 
2018/3/10, 61, 33, , 
2018/3/11, 54, 27, , 
2018/3/12, 40, 28, , 
2018/3/13, 31, 32, , 
2018/3/14, 34, 40, , 
2018/3/15, 40, 44, , 
2018/3/16, 45, 48, , 
2018/3/17, 54, 37, , 
2018/3/18, 42, 21, , 
2018/3/19, 26, 19, , 
2018/3/20, 37, 26, , 
2018/3/21, 54, 32, , 
2018/3/22, 53, 33, , 
2018/3/23, 50, 24, , 
2018/3/24, 35, 22, , 
2018/3/25, 41, 28, , 
2018/3/26, 50, 33, , 
2018/3/27, 47, 46, , 
2018/3/28, 61, 50, , 
2018/3/29, 67, 48, , 
2018/3/30, 65, 44, , 
2018/3/31, 64, 35, , 
2018/4/1, 59, 28, , 
2017/10/2, 62, 35, , 
2017/10/3, 46, 45, , 
2017/10/4, 69, 26, , 
2017/10/5, 50, 13, , 
2017/10/6, 27, 30, , 
2017/10/7, 28, 43, , 
2017/10/8, 56, 17, , 
2017/10/9, 36, 15, , 
2017/10/10, 33, 25, , 
2017/10/11, 29, 27, , 
2017/10/12, 31, 31, , 
2017/10/13, 37, 38, , 
2017/10/14, 44, 46, , 
2017/10/15, 55, 51, , 
2017/10/16, 66, 40, , 
2017/10/17, 65, 36, , 
2017/10/18, 60, 35, , 
2017/10/19, 59, 39, , 
2017/10/20, 40, 43, , 
2017/10/21, 46, 42, , 
2017/10/22, 60, 41, , 
2017/10/23, 50, 40, , 
2017/10/24, 46, 36, , 
2017/10/25, 37, 35, , 
2017/10/26, 35, 42, , 
2017/10/27, 42, 41, , 
2017/10/28, 51, 34, , 
2017/10/29, 39, 20, , 
2017/10/30, 26, 26, , 
2017/10/31, 19, 33, , 
2017/11/1, 29, 34, , 
2017/11/2, 44, 28, , 
2017/11/3, 71, 24, , 
2017/11/4, 52, 36, , 
2017/11/5, 53, 25, , 
2017/11/6, 65, 24, , 
2017/11/7, 32, 29, , 
2017/11/8, 49, 29, , 
2017/11/9, 43, 32, , 
2017/11/10, 33, 34, , 
2017/11/11, 34, 42, , 
2017/11/12, 47, 38, , 
2017/11/13, 45, 38, , 
2017/11/14, 47, 42, , 
2017/11/15, 50, 35, , 
2017/11/16, 34, 29, , 
2017/11/17, 25, 33, , 
2017/11/18, 25, 37, , 
2017/11/19, 34, 35, , 
2017/11/20, 38, 31, , 
2017/11/21, 34, 33, , 
2017/11/22, 41, 44, , 
2017/11/24, 49, 39, , 
2017/11/25, 50, 42, , 
2017/11/26, 54, 48, , 
2017/11/27, 53, 37, , 
2017/11/28, 50, 41, , 
2017/11/29, 55, 40, , 
2017/11/30, 54, 42, , 
2017/12/1, 56, 49, , 
2017/12/2, 57, 46, , 
2017/12/3, 61, 35, , 
2017/12/4, 56, 39, , 
2017/12/5, 51, 55, , 
2017/12/6, 53, 47, , 
2017/12/7, 55, 46, , 
2017/12/8, 59, 40, , 
2017/12/9, 57, 37, , 
2017/12/10, 51, 40, , 
2017/12/11, 49, 46, , 
2017/12/12, 55, 32, , 
2017/12/14, 28, 32, , 
2017/12/15, 46, 40, , 
2017/12/16, 34, 31, , 
2017/12/17, 34, 33, , 
2017/12/18, 32, 38, , 
2017/12/19, 44, 42, , 
2017/12/20, 51, 47, , 
2017/12/21, 52, 37, , 
2017/12/22, 48, 42, , 
2017/12/23, 41, 35, , 
2017/12/24, 31, 29, , 
2017/12/25, 33, 33, , 
2017/12/26, 42, 29, , 
2017/12/27, 35, 36, , 
2017/12/28, 27, 33, , 
2017/12/29, 29, 31, , 
2017/12/30, 42, 30, , 
2017/12/31, 38, 27, , 
2018/1/1, 37, 27, , 
2017/7/2, 152, 95, , 
2017/7/3, 167, 47, , 
2017/7/4, 120, 43, , 
2017/7/5, 92, 52, , 
2017/7/6, 119, 76, , 
2017/7/7, 135, 78, , 
2017/7/8, 151, 79, , 
2017/7/9, 137, 82, , 
2017/7/10, 161, 68, , 
2017/7/11, 91, 116, , 
2017/7/12, 169, 89, , 
2017/7/13, 161, 55, , 
2017/7/14, 119, 43, , 
2017/7/15, 86, 18, , 
2017/7/16, 59, 24, , 
2017/7/17, 71, 77, , 
2017/7/18, 100, 106, , 
2017/7/19, 176, 60, , 
2017/7/20, 144, 64, , 
2017/7/21, 118, 67, , 
2017/7/22, 136, 65, , 
2017/7/23, 127, 68, , 
2017/7/24, 157, 42, , 
2017/7/25, 122, 49, , 
2017/7/26, 96, 85, , 
2017/7/27, 160, 92, , 
2017/7/28, 168, 66, , 
2017/7/29, 152, 43, , 
2017/7/30, 89, 52, , 
2017/7/31, 98, 81, , 
2017/8/1, 147, 83, , 
2017/8/2, 163, 77, , 
2017/8/3, 164, 83, , 
2017/8/4, 158, 77, , 
2017/8/5, 163, 71, , 
2017/8/6, 163, 77, , 
2017/8/7, 170, 68, , 
2017/8/8, 157, 68, , 
2017/8/9, 152, 64, , 
2017/8/10, 146, 21, , 
2017/8/11, 67, 18, , 
2017/8/12, 65, 33, , 
2017/8/13, 81, 51, , 
2017/8/14, 125, 30, , 
2017/8/15, 83, 45, , 
2017/8/16, 96, 43, , 
2017/8/17, 100, 62, , 
2017/8/18, 225, 53, , 
2017/8/19, 113, 29, , 
2017/8/20, 83, 41, , 
2017/8/21, 77, 68, , 
2017/8/22, 127, 59, , 
2017/8/23, 98, 30, , 
2017/8/24, 44, 32, , 
2017/8/25, 54, 43, , 
2017/8/26, 55, 58, , 
2017/8/27, 102, 50, , 
2017/8/28, 127, 22, , 
2017/8/29, 43, 18, , 
2017/8/30, 20, 52, , 
2017/8/31, 57, 71, , 
2017/9/1, 106, 51, , 
2017/9/2, 91, 23, , 
2017/9/3, 39, 22, , 
2017/9/4, 29, 33, , 
2017/9/5, 32, 48, , 
2017/9/6, 61, , , 
2017/9/11, 55, 57, , 
2017/9/12, 72, 59, , 
2017/9/13, 102, 33, , 
2017/9/14, 50, 31, , 
2017/9/15, 50, 44, , 
2017/9/16, 55, 58, , 
2017/9/17, 72, 62, , 
2017/9/18, 89, 46, , 
2017/9/19, 83, 26, , 
2017/9/20, 82, 27, , 
2017/9/22, 66, 51, , 
2017/9/23, 63, 54, , 
2017/9/24, 72, 40, , 
2017/9/25, 54, 41, , 
2017/9/26, 47, 50, , 
2017/9/27, 61, 57, , 
2017/9/28, 68, 61, , 
2017/9/29, 80, 58, , 
2017/9/30, 78, 47, , 
2017/10/1, 71, 23, , 
2017/4/2, 62, 39, , 
2017/4/3, 48, 49, , 
2017/4/4, 43, 53, , 
2017/4/5, 49, 54, , 
2017/4/6, 53, 60, , 
2017/4/7, 57, 42, , 
2017/4/8, 43, 24, , 
2017/4/9, 36, 30, , 
2017/4/10, 54, 53, , 
2017/4/11, 44, 58, , 
2017/4/12, 52, 56, , 
2017/4/13, 66, 50, , 
2017/4/14, 65, 46, , 
2017/4/15, 64, 39, , 
2017/4/16, 58, 41, , 
2017/4/17, 58, 49, , 
2017/4/18, 64, 51, , 
2017/4/19, 62, 48, , 
2017/4/20, 59, 31, , 
2017/4/21, 61, 21, , 
2017/4/22, 49, 26, , 
2017/4/23, 47, 38, , 
2017/4/24, 58, 57, , 
2017/4/26, 82, 37, , 
2017/4/27, 63, 47, , 
2017/4/28, 68, 51, , 
2017/4/29, 67, 58, , 
2017/4/30, 80, 59, , 
2017/5/1, 94, 59, , 
2017/5/2, 93, 54, , 
2017/5/3, 95, 57, , 
2017/5/4, 102, 57, , 
2017/5/5, 79, 61, , 
2017/5/6, 81, 56, , 
2017/5/7, 92, 42, , 
2017/5/8, 82, 19, , 
2017/5/9, 105, 42, , 
2017/5/10, 60, 46, , 
2017/5/11, 74, 31, , 
2017/5/12, 72, 25, , 
2017/5/13, 30, 40, , 
2017/5/14, 63, 33, , 
2017/5/15, 56, 39, , 
2017/5/16, 70, 82, , 
2017/5/17, 93, 71, , 
2017/5/18, 153, 35, , 
2017/5/19, 63, 37, , 
2017/5/20, 74, 58, , 
2017/5/21, 87, 83, , 
2017/5/22, 160, 61, , 
2017/5/23, 116, 67, , 
2017/5/24, 143, 57, , 
2017/5/25, 143, 43, , 
2017/5/26, 99, 57, , 
2017/5/27, 101, 66, , 
2017/5/28, 127, 61, , 
2017/5/29, 121, 66, , 
2017/5/30, 147, 67, , 
2017/5/31, 129, 75, , 
2017/6/1, 151, 80, , 
2017/6/2, 146, 78, , 
2017/6/3, 156, 67, , 
2017/6/4, 149, 67, , 
2017/6/5, 150, 43, , 
2017/6/6, 79, 73, , 
2017/6/7, 141, 71, , 
2017/6/8, 155, 43, , 
2017/6/9, 95, 56, , 
2017/6/10, 121, 67, , 
2017/6/11, 144, 81, , 
2017/6/12, 160, 88, , 
2017/6/13, 165, 83, , 
2017/6/14, 163, 67, , 
2017/6/15, 157, 54, , 
2017/6/16, 152, 26, , 
2017/6/17, 75, 16, , 
2017/6/18, 40, 39, , 
2017/6/19, 74, 80, , 
2017/6/20, 157, 74, , 
2017/6/21, 139, 95, , 
2017/6/22, 161, 51, , 
2017/6/23, 107, 38, , 
2017/6/24, 83, 52, , 
2017/6/25, 111, 44, , 
2017/6/26, 94, 39, , 
2017/6/27, 90, 36, , 
2017/6/28, 80, 50, , 
2017/6/29, 94, 65, , 
2017/6/30, 136, 76, , 
2017/7/1, 138, 87, , 
2017/1/3, 28, 28, , 
2017/1/4, 35, 35, , 
2017/1/5, 37, 41, , 
2017/1/6, 32, 44, , 
2017/1/7, 55, 47, , 
2017/1/8, 46, 39, , 
2017/1/9, 36, 30, , 
2017/1/10, 21, 31, , 
2017/1/11, 34, 44, , 
2017/1/12, 45, 50, , 
2017/1/13, 49, 37, , 
2017/1/14, 38, 46, , 
2017/1/15, 44, 47, , 
2017/1/16, 54, 47, , 
2017/1/17, 63, 45, , 
2017/1/18, 70, 79, , 
2017/1/19, 60, 111, , 
2017/1/20, 177, 60, , 
2017/1/21, 79, 67, , 
2017/1/22, 14, 76, , 
2017/1/23, 7, 70, , 
2017/1/24, 16, 63, , 
2017/1/25, 97, 53, , 
2017/1/26, 43, 60, , 
2017/1/27, 50, 60, , 
2017/1/28, 78, 82, , 
2017/1/29, 111, 77, , 
2017/1/30, 151, 72, , 
2017/1/31, 152, 82, , 
2017/2/1, 115, 69, , 
2017/2/2, 117, 68, , 
2017/2/3, 119, 52, , 
2017/2/4, 64, 35, , 
2017/2/5, 42, 26, , 
2017/2/6, 34, 47, , 
2017/2/7, 38, 52, , 
2017/2/8, 46, 47, , 
2017/2/9, 50, 47, , 
2017/2/10, 48, 50, , 
2017/2/11, 54, 40, , 
2017/2/12, 53, 45, , 
2017/2/13, 48, 50, , 
2017/2/14, 45, 47, , 
2017/2/15, 52, 47, , 
2017/2/16, 57, 41, , 
2017/2/17, 52, 35, , 
2017/2/18, 42, 38, , 
2017/2/19, 27, 39, , 
2017/2/20, 31, 40, , 
2017/2/21, 37, 43, , 
2017/2/22, 35, 48, , 
2017/2/23, 44, 50, , 
2017/2/24, 57, 47, , 
2017/2/25, 55, 44, , 
2017/2/26, 49, 38, , 
2017/2/27, 44, 37, , 
2017/2/28, 41, 40, , 
2017/3/1, 36, 40, , 
2017/3/2, 37, 59, , 
2017/3/3, 32, 43, , 
2017/3/4, 38, 43, , 
2017/3/5, 36, 43, , 
2017/3/6, 33, 49, , 
2017/3/7, 43, 56, , 
2017/3/8, 49, 58, , 
2017/3/9, 61, 39, , 
2017/3/10, 36, 35, , 
2017/3/11, 31, 37, , 
2017/3/12, 35, 39, , 
2017/3/13, 27, 55, , 
2017/3/14, 45, 56, , 
2017/3/15, 61, 55, , 
2017/3/16, 57, 54, , 
2017/3/17, 60, 57, , 
2017/3/18, 62, 55, , 
2017/3/19, 61, 53, , 
2017/3/20, 59, 60, , 
2017/3/21, 76, 54, , 
2017/3/22, 69, 59, , 
2017/3/23, 67, 60, , 
2017/3/24, 80, 41, , 
2017/3/25, 67, 35, , 
2017/3/26, 61, 33, , 
2017/3/27, 51, 43, , 
2017/3/28, 52, 52, , 
2017/3/29, 58, 50, , 
2017/3/30, 58, 51, , 
2017/3/31, 48, 57, , 
2017/4/1, 58, 53, , 
2016/10/2, 44, 34, , 
2016/10/3, 48, 47, , 
2016/10/4, 43, 40, , 
2016/10/5, 31, 45, , 
2016/10/6, 38, 52, , 
2016/10/7, 48, 44, , 
2016/10/8, 45, 49, , 
2016/10/9, 52, 46, , 
2016/10/10, 49, 40, , 
2016/10/11, 52, 50, , 
2016/10/12, 52, 51, , 
2016/10/13, 56, 47, , 
2016/10/14, 59, 43, , 
2016/10/15, 57, 45, , 
2016/10/16, 67, 23, , 
2016/10/17, 27, 22, , 
2016/10/18, 32, 16, , 
2016/10/19, 32, 21, , 
2016/10/20, 29, 33, , 
2016/10/21, 31, 41, , 
2016/10/22, 42, 35, , 
2016/10/23, 50, 31, , 
2016/10/24, 50, 18, , 
2016/10/25, 29, 25, , 
2016/10/26, 25, 43, , 
2016/10/27, 39, 40, , 
2016/10/28, 55, 32, , 
2016/10/29, 59, 28, , 
2016/10/30, 55, 31, , 
2016/10/31, 50, 25, , 
2016/11/1, 29, 20, , 
2016/11/2, 29, 23, , 
2016/11/4, 28, 32, , 
2016/11/5, 28, 31, , 
2016/11/6, 38, 27, , 
2016/11/7, 31, 30, , 
2016/11/8, 35, 35, , 
2016/11/9, 36, 37, , 
2016/11/10, 34, 39, , 
2016/11/11, 38, 43, , 
2016/11/12, 36, 48, , 
2016/11/13, 46, 43, , 
2016/11/14, 50, 35, , 
2016/11/15, 40, 34, , 
2016/11/16, 37, 34, , 
2016/11/17, 35, 47, , 
2016/11/18, 35, 72, , 
2016/11/19, 54, 68, , 
2016/11/20, 148, 46, , 
2016/11/21, 80, 38, , 
2016/11/22, 43, 37, , 
2016/11/23, 38, 38, , 
2016/11/24, 35, 35, , 
2016/11/25, 40, 35, , 
2016/11/26, 44, 33, , 
2016/11/27, 34, 24, , 
2016/11/28, 20, 35, , 
2016/11/29, 27, 53, , 
2016/11/30, 46, 57, , 
2016/12/1, 96, 54, , 
2016/12/2, 71, 54, , 
2016/12/3, 65, 51, , 
2016/12/4, 60, 30, , 
2016/12/5, 41, 23, , 
2016/12/6, 36, 41, , 
2016/12/7, 33, 51, , 
2016/12/8, 69, 41, , 
2016/12/9, 53, 25, , 
2016/12/10, 37, 23, , 
2016/12/11, 31, 22, , 
2016/12/12, 30, 31, , 
2016/12/13, 28, 39, , 
2016/12/14, 33, 51, , 
2016/12/15, 47, 63, , 
2016/12/16, 108, 50, , 
2016/12/17, 93, 40, , 
2016/12/18, 57, 38, , 
2016/12/19, 47, 45, , 
2016/12/20, 41, 58, , 
2016/12/21, 82, 42, , 
2016/12/22, 44, 42, , 
2016/12/23, 33, 43, , 
2016/12/24, 35, 43, , 
2016/12/25, 44, 32, , 
2016/12/26, 30, 21, , 
2016/12/27, 24, 27, , 
2016/12/28, 33, 38, , 
2016/12/29, 42, 42, , 
2016/12/30, 51, 40, , 
2016/12/31, 55, 38, , 
2017/1/1, 52, 35, , 
2017/1/2, 51, 31, , 
2016/7/2, 163, 96, , 
2016/7/3, 176, 59, , 
2016/7/4, 152, 72, , 
2016/7/5, 129, 78, , 
2016/7/6, 148, 102, , 
2016/7/7, 161, 118, , 
2016/7/8, 164, 107, , 
2016/7/9, 167, 97, , 
2016/7/10, 168, 111, , 
2016/7/11, 180, 45, , 
2016/7/12, 94, 68, , 
2016/7/13, 97, 51, , 
2016/7/14, 115, 20, , 
2016/7/15, 35, 68, , 
2016/7/16, 77, 119, , 
2016/7/17, 166, 94, , 
2016/7/18, 164, 87, , 
2016/7/19, 141, 82, , 
2016/7/20, 159, 79, , 
2016/7/21, 154, 109, , 
2016/7/22, 169, 78, , 
2016/7/23, 148, 70, , 
2016/7/24, 118, 63, , 
2016/7/25, 147, 26, , 
2016/7/26, 98, 42, , 
2016/7/27, 70, 68, , 
2016/7/28, 100, 89, , 
2016/7/29, 145, 87, , 
2016/7/30, 158, 63, , 
2016/7/31, 126, 62, , 
2016/8/1, 113, 75, , 
2016/8/2, 154, 72, , 
2016/8/3, 138, 71, , 
2016/8/4, 133, 77, , 
2016/8/5, 153, 60, , 
2016/8/6, 104, 52, , 
2016/8/7, 98, 57, , 
2016/8/8, 89, 53, , 
2016/8/9, 101, 74, , 
2016/8/10, 112, 85, , 
2016/8/11, 134, 77, , 
2016/8/12, 116, 87, , 
2016/8/13, 159, 67, , 
2016/8/14, 145, 57, , 
2016/8/15, 99, 55, , 
2016/8/16, 123, 47, , 
2016/8/17, 81, 51, , 
2016/8/18, 65, 52, , 
2016/8/19, 68, 45, , 
2016/8/20, 68, 44, , 
2016/8/21, 89, 37, , 
2016/8/22, 74, 63, , 
2016/8/23, 91, 38, , 
2016/8/24, 88, 45, , 
2016/8/25, 122, 55, , 
2016/8/26, 151, 41, , 
2016/8/27, 76, 48, , 
2016/8/28, 87, 44, , 
2016/8/29, 80, 52, , 
2016/8/30, 83, 56, , 
2016/8/31, 84, 49, , 
2016/9/1, 76, 43, , 
2016/9/2, 69, 56, , 
2016/9/3, 84, 72, , 
2016/9/4, 118, 69, , 
2016/9/5, 128, 58, , 
2016/9/6, 76, 67, , 
2016/9/7, 81, 67, , 
2016/9/8, 87, 62, , 
2016/9/9, 77, 71, , 
2016/9/10, 85, 71, , 
2016/9/11, 90, 43, , 
2016/9/12, 69, 25, , 
2016/9/13, 58, 33, , 
2016/9/14, 53, 52, , 
2016/9/15, 77, 51, , 
2016/9/16, 77, 68, , 
2016/9/17, 124, 65, , 
2016/9/18, 121, 56, , 
2016/9/19, 91, 60, , 
2016/9/20, 75, 58, , 
2016/9/21, 64, 56, , 
2016/9/22, 66, 54, , 
2016/9/23, 61, 58, , 
2016/9/24, 62, 62, , 
2016/9/25, 83, 47, , 
2016/9/26, 68, 42, , 
2016/9/27, 73, 54, , 
2016/9/28, 76, 56, , 
2016/9/29, 68, 34, , 
2016/9/30, 54, 37, , 
2016/10/1, 40, 42, , 
2016/4/2, 65, 58, , 
2016/4/3, 69, 54, , 
2016/4/4, 65, 46, , 
2016/4/5, 44, 68, , 
2016/4/6, 59, 60, , 
2016/4/7, 73, 66, , 
2016/4/8, 60, 65, , 
2016/4/9, 74, 54, , 
2016/4/10, 66, 61, , 
2016/4/11, 64, 75, , 
2016/4/12, 75, 64, , 
2016/4/13, 79, 77, , 
2016/4/14, 99, 59, , 
2016/4/15, 94, 21, , 
2016/4/16, 60, 14, , 
2016/4/17, 48, 10, , 
2016/4/18, 52, 10, , 
2016/4/20, 9, 50, , 
2016/4/21, 57, 62, , 
2016/4/22, 84, 60, , 
2016/4/23, 95, 40, , 
2016/4/24, 94, 17, , 
2016/4/25, 52, 43, , 
2016/4/26, 84, 68, , 
2016/4/27, 104, 77, , 
2016/4/28, 144, 92, , 
2016/4/29, 146, 102, , 
2016/4/30, 165, 73, 69, 
2016/5/1, 138, 63, 58, 
2016/5/2, 133, 63, 49, 
2016/5/3, 124, 72, , 
2016/5/4, 150, 61, , 
2016/5/5, 114, 52, , 
2016/5/6, 119, 70, , 
2016/5/7, 113, 78, , 
2016/5/8, 155, 54, , 
2016/5/9, 99, 64, , 
2016/5/10, 142, 72, , 
2016/5/11, 120, 65, , 
2016/5/12, 158, 67, , 
2016/5/13, 139, 93, , 
2016/5/14, 128, 80, , 
2016/5/15, 154, 57, , 
2016/5/16, 101, 66, , 
2016/5/17, 126, 75, , 
2016/5/18, 125, 61, , 
2016/5/19, 133, 44, , 
2016/5/20, 99, 56, , 
2016/5/21, 93, 48, , 
2016/5/22, 83, 85, , 
2016/5/23, 114, 95, , 
2016/5/24, 161, 105, , 
2016/5/25, 160, 102, , 
2016/5/26, 165, 85, , 
2016/5/27, 152, 74, , 
2016/5/28, 155, 89, , 
2016/5/29, 162, 60, , 
2016/5/30, 159, 40, , 
2016/5/31, 93, 65, , 
2016/6/1, 116, 67, , 
2016/6/2, 120, 74, , 
2016/6/3, 29, 31, , 
2016/6/4, 8, 24, , 
2016/6/5, 13, 65, , 
2016/6/6, 94, 56, , 
2016/6/7, 105, 90, , 
2016/6/8, 155, 94, , 
2016/6/9, 161, 139, , 
2016/6/10, 165, 136, , 
2016/6/11, 182, 141, , 
2016/6/12, 171, 110, , 
2016/6/13, 182, 64, , 
2016/6/14, 146, 76, , 
2016/6/15, 154, 69, , 
2016/6/16, 156, 86, , 
2016/6/17, 154, 129, , 
2016/6/18, 181, 143, , 
2016/6/19, 185, 149, , 
2016/6/20, 199, 82, , 
2016/6/21, 163, 95, , 
2016/6/22, 161, 129, , 
2016/6/23, 181, 101, , 
2016/6/24, 178, 61, , 
2016/6/25, 127, 72, , 
2016/6/26, 134, 125, , 
2016/6/27, 176, 137, , 
2016/6/28, 201, 104, , 
2016/6/29, 173, 78, , 
2016/6/30, 157, 80, , 
2016/7/1, 152, 115, , 
2016/1/5, 55, 48, , 
2016/1/6, 60, 52, , 
2016/1/7, 61, 45, , 
2016/1/8, 58, 32, , 
2016/1/9, 55, 32, , 
2016/1/10, 54, 34, , 
2016/1/11, 57, 35, , 
2016/1/12, 54, , , 
2016/1/14, 57, 45, , 
2016/1/15, 73, 44, , 
2016/1/16, 75, 43, , 
2016/1/17, 58, 46, , 
2016/1/18, 59, 49, , 
2016/1/19, 60, 52, , 
2016/1/20, 67, 55, , 
2016/1/21, 75, 59, , 
2016/1/22, 74, 53, , 
2016/1/23, 68, 48, , 
2016/1/24, 69, 22, , 
2016/1/25, 54, 34, , 
2016/1/26, 57, 41, , 
2016/1/27, 77, 35, , 
2016/1/28, 37, 39, , 
2016/1/29, 17, 32, , 
2016/1/30, 16, 6, , 
2016/1/31, 40, 2, , 
2016/2/1, 52, 13, , 
2016/2/2, 52, 43, , 
2016/2/3, 56, 42, , 
2016/2/4, 54, 43, , 
2016/2/5, 59, 47, , 
2016/2/6, 55, 48, , 
2016/2/7, 57, 46, , 
2016/2/8, 53, 49, , 
2016/2/9, 55, 57, , 
2016/2/10, 60, 54, , 
2016/2/11, 60, 49, , 
2016/2/12, 47, 48, , 
2016/2/13, 41, 48, , 
2016/2/14, 40, 48, , 
2016/2/15, 42, 55, , 
2016/2/16, 35, 53, , 
2016/2/17, 67, 50, , 
2016/2/18, 49, 52, , 
2016/2/19, 48, 54, , 
2016/2/20, 44, 57, , 
2016/2/21, 38, 51, , 
2016/2/22, 61, 51, , 
2016/2/23, 36, 58, , 
2016/2/24, 44, 57, , 
2016/2/25, 49, 60, , 
2016/2/26, 50, 54, , 
2016/2/27, 42, 54, , 
2016/2/28, 39, 55, , 
2016/2/29, 44, 55, , 
2016/3/1, 41, 64, , 
2016/3/2, 56, 64, , 
2016/3/3, 58, 59, , 
2016/3/4, 54, 63, , 
2016/3/5, 62, 58, , 
2016/3/6, 58, 52, , 
2016/3/7, 59, 47, , 
2016/3/8, 47, 57, , 
2016/3/9, 57, 66, , 
2016/3/10, 62, 63, , 
2016/3/11, 51, 62, , 
2016/3/12, 45, 60, , 
2016/3/13, 65, 55, , 
2016/3/14, 68, 67, , 
2016/3/15, 64, 63, , 
2016/3/16, 56, 70, , 
2016/3/17, 57, 57, , 
2016/3/18, 62, 53, , 
2016/3/19, 62, 67, , 
2016/3/20, 56, 63, , 
2016/3/21, 54, 62, , 
2016/3/22, 57, 65, , 
2016/3/23, 67, 69, , 
2016/3/24, 89, 68, , 
2016/3/25, 98, 65, , 
2016/3/26, 90, 69, , 
2016/3/27, 87, 63, , 
2016/3/28, 88, 68, , 
2016/3/29, 84, 67, , 
2016/3/30, 82, 61, , 
2016/3/31, 84, 55, , 
2016/4/1, 81, 63, , 
2015/10/2, 71, 22, , 
2015/10/3, 64, 51, , 
2015/10/4, 85, 31, , 
2015/10/5, 72, 19, , 
2015/10/6, 63, 27, , 
2015/10/7, 66, 33, , 
2015/10/8, 68, 33, , 
2015/10/9, 67, 41, , 
2015/10/10, 73, 47, , 
2015/10/11, 73, 46, , 
2015/10/12, 72, 46, , 
2015/10/13, 72, 43, , 
2015/10/14, 64, 27, , 
2015/10/15, 63, 20, , 
2015/10/16, 61, 34, , 
2015/10/17, 65, 79, , 
2015/10/18, 147, 55, , 
2015/10/19, 81, 38, , 
2015/10/20, 70, 34, , 
2015/10/21, 75, 39, , 
2015/10/22, 71, 50, , 
2015/10/23, 79, 51, , 
2015/10/24, 76, 41, , 
2015/10/25, 63, 40, , 
2015/10/26, 71, 31, , 
2015/10/27, 54, 45, , 
2015/10/28, 68, 43, , 
2015/10/29, 77, 47, , 
2015/10/30, 96, 49, , 
2015/10/31, 77, 53, , 
2015/11/1, 65, 50, , 
2015/11/2, 67, 49, , 
2015/11/3, 78, 48, , 
2015/11/4, 85, 41, , 
2015/11/5, 68, 51, , 
2015/11/6, 70, 46, , 
2015/11/7, 69, 40, , 
2015/11/8, 63, 36, , 
2015/11/9, 65, 33, , 
2015/11/10, 51, 32, , 
2015/11/11, 43, 37, , 
2015/11/12, 48, 36, , 
2015/11/13, 49, 34, , 
2015/11/14, 55, 41, , 
2015/11/15, 54, 32, , 
2015/11/16, 48, 32, , 
2015/11/17, 50, 27, , 
2015/11/18, 41, 32, , 
2015/11/19, 45, 31, , 
2015/11/20, 41, 32, , 
2015/11/21, 45, 38, , 
2015/11/22, 51, 32, , 
2015/11/23, 48, 31, , 
2015/11/24, 41, 30, , 
2015/11/25, 40, 27, , 
2015/11/26, 39, 30, , 
2015/11/27, 37, 36, , 
2015/11/28, 40, 39, , 
2015/11/29, 44, 42, , 
2015/11/30, 52, 46, , 
2015/12/1, 55, 45, , 
2015/12/2, 56, 43, , 
2015/12/3, 60, 37, , 
2015/12/4, 47, 48, , 
2015/12/5, 52, 53, , 
2015/12/6, 60, 45, , 
2015/12/7, 56, 40, , 
2015/12/8, 53, 38, , 
2015/12/9, 48, 44, , 
2015/12/10, 55, 50, , 
2015/12/11, 58, 52, , 
2015/12/12, 59, 51, , 
2015/12/13, 60, 40, , 
2015/12/14, 54, 28, , 
2015/12/15, 40, 41, , 
2015/12/16, 50, 40, , 
2015/12/17, 43, 42, , 
2015/12/18, 50, 54, , 
2015/12/19, 52, 56, , 
2015/12/20, 55, 50, , 
2015/12/21, 55, 37, , 
2015/12/22, 50, 39, , 
2015/12/23, 48, 38, , 
2015/12/24, 40, 50, , 
2015/12/25, 51, 56, , 
2015/12/26, 70, 44, , 
2015/12/27, 58, 45, , 
2015/12/28, 54, 46, , 
2015/12/29, 54, 44, , 
2015/12/30, 55, 39, , 
2015/12/31, 55, , , 
2016/1/4, 51, 38, , 
2015/7/2, 167, 73, , 
2015/7/3, 154, 60, , 
2015/7/4, 128, 90, , 
2015/7/5, 160, 87, , 
2015/7/6, 167, 65, , 
2015/7/7, 152, 53, , 
2015/7/8, 134, 67, , 
2015/7/9, 159, 68, , 
2015/7/10, 160, 55, , 
2015/7/11, 151, 40, , 
2015/7/12, 111, 26, , 
2015/7/13, 95, 19, , 
2015/7/16, 109, 80, , 
2015/7/17, 89, 64, , 
2015/7/18, 113, 96, , 
2015/7/19, 151, 64, , 
2015/7/24, 162, 81, , 
2015/7/25, 174, 76, , 
2015/7/26, 165, 81, , 
2015/7/27, 171, 60, , 
2015/7/28, 158, 37, , 
2015/7/29, 101, 55, , 
2015/7/30, 149, 94, , 
2015/7/31, 169, 44, , 
2015/8/1, 96, 67, , 
2015/8/2, 151, 48, , 
2015/8/3, 118, 47, , 
2015/8/4, 125, 73, , 
2015/8/5, 158, 59, , 
2015/8/6, 122, 18, , 
2015/8/7, 58, 26, , 
2015/8/8, 84, 41, , 
2015/8/9, 112, 15, , 
2015/8/10, 44, 23, , 
2015/8/11, 74, 34, , 
2015/8/12, 87, 50, , 
2015/8/13, 126, 52, , 
2015/8/14, 144, 70, , 
2015/8/15, 152, 60, , 
2015/8/16, 133, 46, , 
2015/8/17, 112, 54, , 
2015/8/18, 120, 62, , 
2015/8/19, 126, 67, , 
2015/8/20, 140, 72, , 
2015/8/21, 149, 58, , 
2015/8/22, 112, 33, , 
2015/8/23, 75, 32, , 
2015/8/24, 76, 57, , 
2015/8/25, 124, 59, , 
2015/8/26, 110, 38, , 
2015/8/27, 77, 61, , 
2015/8/28, 120, 71, , 
2015/8/29, 147, 71, , 
2015/8/30, 133, 57, , 
2015/8/31, 101, 45, , 
2015/9/1, 70, 49, , 
2015/9/2, 75, 56, , 
2015/9/3, 80, 63, , 
2015/9/4, 89, 69, , 
2015/9/5, 108, 73, , 
2015/9/6, 110, 50, , 
2015/9/7, 84, , , 
2015/9/9, 89, 34, , 
2015/9/10, 86, 33, , 
2015/9/11, 82, 33, , 
2015/9/12, 77, 48, , 
2015/9/13, 98, 70, , 
2015/9/14, 150, 66, , 
2015/9/15, 119, 55, , 
2015/9/16, 92, 41, , 
2015/9/17, 84, 39, , 
2015/9/18, 93, 32, , 
2015/9/19, 85, 35, , 
2015/9/20, 85, 48, , 
2015/9/21, 96, 45, , 
2015/9/22, 80, 44, , 
2015/9/23, 77, 48, , 
2015/9/24, 76, 28, , 
2015/9/25, 60, 26, , 
2015/9/26, 70, 54, , 
2015/9/27, 102, 60, , 
2015/9/28, 119, 52, , 
2015/9/29, 109, 32, , 
2015/9/30, 70, 47, , 
2015/10/1, 75, 39, , 
2015/4/2, 59, 63, , 
2015/4/3, 58, 59, , 
2015/4/4, 54, 33, , 
2015/4/5, 34, 27, , 
2015/4/6, 43, 41, , 
2015/4/7, 52, 39, , 
2015/4/8, 51, 47, , 
2015/4/9, 70, 48, , 
2015/4/10, 58, 54, , 
2015/4/11, 59, 63, , 
2015/4/12, 73, 71, , 
2015/4/13, 100, 73, , 
2015/4/14, 114, , , 
2015/4/15, 103, 50, , 
2015/4/16, 67, 55, , 
2015/4/17, 74, 62, , 
2015/4/18, 69, 73, , 
2015/4/19, 70, 57, , 
2015/4/20, 62, 58, , 
2015/4/21, 78, 61, , 
2015/4/22, 72, , , 
2015/4/23, 75, , , 
2015/4/24, 76, 68, , 
2015/4/25, 90, 83, , 
2015/4/26, 125, 73, , 
2015/4/27, 145, 70, , 
2015/4/28, 157, 70, , 
2015/4/29, 137, 74, , 
2015/4/30, 102, 84, , 
2015/5/1, 148, 72, , 
2015/5/2, 144, 68, , 
2015/5/3, 155, 26, , 
2015/5/4, 69, 32, , 
2015/5/5, 67, 48, , 
2015/5/6, 82, 58, , 
2015/5/7, 104, 72, , 
2015/5/8, 136, 68, , 
2015/5/9, 147, 68, , 
2015/5/10, 154, 52, , 
2015/5/11, 116, 57, , 
2015/5/13, 113, 68, , 
2015/5/14, 142, 58, , 
2015/5/15, 113, 64, , 
2015/5/16, 129, 69, , 
2015/5/17, 140, 72, , 
2015/5/18, 144, 63, , 
2015/5/19, 128, 69, , 
2015/5/20, 139, 59, , 
2015/5/21, 113, 64, , 
2015/5/22, 159, 42, , 
2015/5/23, 101, 41, , 
2015/5/24, 91, 51, , 
2015/5/25, 119, 71, , 
2015/5/26, 150, 95, , 
2015/5/27, 172, 94, , 
2015/5/28, 179, 99, , 
2015/5/29, 175, 83, , 
2015/5/30, 166, 64, , 
2015/5/31, 153, 70, , 
2015/6/1, 162, 75, , 
2015/6/2, 165, 76, , 
2015/6/3, 156, 73, , 
2015/6/4, 153, 89, , 
2015/6/5, 160, 116, , 
2015/6/6, 178, 73, , 
2015/6/7, 131, 24, , 
2015/6/8, 60, 43, , 
2015/6/9, 89, 49, , 
2015/6/10, 98, 30, , 
2015/6/11, 64, 45, , 
2015/6/12, 94, 65, , 
2015/6/13, 152, 57, , 
2015/6/14, 147, 60, , 
2015/6/15, 154, 51, , 
2015/6/16, 112, 56, , 
2015/6/17, 130, 60, , 
2015/6/18, 151, 72, , 
2015/6/19, 157, 95, , 
2015/6/20, 166, 75, , 
2015/6/21, 153, 75, , 
2015/6/22, 159, 72, , 
2015/6/23, 158, 92, , 
2015/6/24, 164, 80, , 
2015/6/25, 160, 92, , 
2015/6/26, 172, 75, , 
2015/6/27, 154, 91, , 
2015/6/28, 159, 84, , 
2015/6/29, 166, 69, , 
2015/6/30, 157, 79, , 
2015/7/1, 164, 91, , 
2015/1/2, 33, 37, , 
2015/1/3, 33, 53, , 
2015/1/4, 49, 56, , 
2015/1/5, 55, 58, , 
2015/1/6, 60, 60, , 
2015/1/8, 59, 57, , 
2015/1/9, 58, 53, , 
2015/1/10, 55, 61, , 
2015/1/11, 58, 52, , 
2015/1/12, 52, 57, , 
2015/1/13, 68, 66, , 
2015/1/14, 90, 56, , 
2015/1/15, 63, 53, , 
2015/1/16, 65, 57, , 
2015/1/17, 67, 62, , 
2015/1/18, 73, 51, , 
2015/1/19, 62, 46, , 
2015/1/20, 59, 38, , 
2015/1/21, 51, 42, , 
2015/1/22, 53, 47, , 
2015/1/23, 51, 51, , 
2015/1/24, 56, 60, , 
2015/1/25, 68, , , 
2015/1/26, 64, , , 
2015/3/11, 59, 57, , 
2015/3/12, 67, 64, , 
2015/3/13, 85, 60, , 
2015/3/14, 74, 58, , 
2015/3/15, 63, 55, , 
2015/3/16, 61, 54, , 
2015/3/17, 55, 45, , 
2015/3/18, 53, 53, , 
2015/3/19, 56, 60, , 
2015/3/20, 59, 64, , 
2015/3/21, 58, 70, , 
2015/3/22, 56, 62, , 
2015/3/23, 52, 60, , 
2015/3/24, 61, 59, , 
2015/3/25, 73, 49, , 
2015/3/26, 64, 47, , 
2015/3/27, 66, 30, , 
2015/3/29, 60, 47, , 
2015/3/30, 58, 54, , 
2015/3/31, 51, 57, , 
2015/4/1, 53, 62, , 
2014/10/2, 64, 62, , 
2014/10/3, 67, 59, , 
2014/10/4, 68, 52, , 
2014/10/5, 56, 47, , 
2014/10/6, 57, 51, , 
2014/10/7, 60, 58, , 
2014/10/8, 62, 64, , 
2014/10/9, 65, 56, , 
2014/10/10, 51, 48, , 
2014/10/11, 41, 58, , 
2014/10/12, 55, 57, , 
2014/10/13, 54, 52, , 
2014/10/14, 48, 58, , 
2014/10/15, 54, 65, , 
2014/10/16, 65, 54, , 
2014/10/17, 47, 63, , 
2014/10/18, 58, 58, , 
2014/10/19, 44, 43, , 
2014/10/20, 47, 38, , 
2014/10/21, 57, 48, , 
2014/10/22, 133, 47, , 
2014/10/23, 101, 51, , 
2014/10/24, 55, 53, , 
2014/10/25, 50, 56, , 
2014/10/26, 52, 57, , 
2014/10/27, 54, 52, , 
2014/10/28, 53, 51, , 
2014/10/29, 49, 46, , 
2014/10/30, 40, 43, , 
2014/10/31, 30, 42, , 
2014/11/1, 30, 40, , 
2014/11/2, 32, 39, , 
2014/11/3, 30, 41, , 
2014/11/4, 28, 45, , 
2014/11/5, 39, 55, , 
2014/11/6, 49, 54, , 
2014/11/7, 43, 51, , 
2014/11/8, 37, 56, , 
2014/11/9, 44, 60, , 
2014/11/10, 51, 52, , 
2014/11/11, 107, 53, , 
2014/11/12, 82, 53, , 
2014/11/13, 35, 59, , 
2014/11/14, 41, 62, , 
2014/11/15, 46, 62, , 
2014/11/16, 55, 58, , 
2014/11/17, 55, 52, , 
2014/11/18, 49, 58, , 
2014/11/19, 49, 52, , 
2014/11/20, 53, 47, , 
2014/11/21, 44, 63, , 
2014/11/22, 40, 57, , 
2014/11/23, 43, 56, , 
2014/11/24, 44, 47, , 
2014/11/25, 31, 45, , 
2014/11/26, 28, 53, , 
2014/11/27, 38, 61, , 
2014/11/28, 52, 68, , 
2014/11/29, 52, 63, , 
2014/11/30, 44, 37, , 
2014/12/1, 38, 42, , 
2014/12/2, 43, 51, , 
2014/12/3, 40, 52, , 
2014/12/4, 51, 65, , 
2014/12/5, 59, 63, , 
2014/12/6, 50, 55, , 
2014/12/7, 40, 37, , 
2014/12/8, 28, 34, , 
2014/12/9, 36, 53, , 
2014/12/10, 37, 63, , 
2014/12/11, 48, 64, , 
2014/12/12, 52, 60, , 
2014/12/13, 48, 58, , 
2014/12/14, 46, 56, , 
2014/12/15, 47, 57, , 
2014/12/16, 40, 54, , 
2014/12/17, 33, 52, , 
2014/12/18, 41, , , 
2014/12/19, 57, 60, , 
2014/12/20, 62, 55, , 
2014/12/21, 40, , , 
2014/12/23, 29, 32, , 
2014/12/24, 29, 50, , 
2014/12/25, 41, 49, , 
2014/12/26, 44, 44, , 
2014/12/27, 37, 47, , 
2014/12/28, 44, 42, , 
2014/12/29, 36, , , 
2014/7/2, 155, 89, , 
2014/7/3, 151, 69, , 
2014/7/4, 87, 74, , 
2014/7/5, 107, 53, , 
2014/7/6, 69, 67, , 
2014/7/7, 27, 108, , 
2014/7/8, 46, 143, , 
2014/7/9, 226, 142, , 
2014/7/10, 199, 140, , 
2014/7/11, 181, 90, , 
2014/7/12, 156, 96, , 
2014/7/13, 170, 168, , 
2014/7/14, 229, 91, , 
2014/7/15, 156, 56, , 
2014/7/16, 92, 77, , 
2014/7/17, 111, 66, , 
2014/7/18, 99, 52, , 
2014/7/19, 78, 102, , 
2014/7/20, 160, 94, , 
2014/7/21, 163, 73, , 
2014/7/22, 108, 65, , 
2014/7/23, 74, 56, , 
2014/7/24, 58, 84, , 
2014/7/25, 152, 70, , 
2014/7/26, 126, , , 
2014/7/27, 153, 87, , 
2014/7/28, 159, 76, , 
2014/7/29, 146, 88, , 
2014/7/30, 160, 70, , 
2014/7/31, 128, 74, , 
2014/8/1, 134, 82, , 
2014/8/2, 151, 63, , 
2014/8/3, 104, 31, , 
2014/8/4, 62, 46, , 
2014/8/5, 79, 87, , 
2014/8/6, 146, 47, , 
2014/8/7, 75, 42, , 
2014/8/8, 70, 69, , 
2014/8/9, 128, 88, , 
2014/8/10, 157, 71, , 
2014/8/11, 136, 41, , 
2014/8/12, 75, 42, , 
2014/8/13, 75, 65, , 
2014/8/14, 117, 123, , 
2014/8/15, 171, 69, , 
2014/8/16, 116, 101, , 
2014/8/17, 165, 70, , 
2014/8/18, 98, 61, , 
2014/8/19, 74, 60, , 
2014/8/20, 74, 58, , 
2014/8/21, 113, 75, , 
2014/8/22, 153, 105, , 
2014/8/23, 172, 57, , 
2014/8/24, 129, 24, , 
2014/8/25, 64, 31, , 
2014/8/26, 75, 82, , 
2014/8/27, 151, 62, , 
2014/8/28, 99, 104, , 
2014/8/29, 167, 85, , 
2014/8/30, 159, 56, , 
2014/8/31, 96, 55, , 
2014/9/1, 87, 53, , 
2014/9/2, 104, 52, , 
2014/9/3, 118, 51, , 
2014/9/4, 89, 47, , 
2014/9/5, 95, 53, , 
2014/9/6, 94, 58, , 
2014/9/7, 104, 70, , 
2014/9/8, 135, 67, , 
2014/9/9, 105, 40, , 
2014/9/10, 58, 51, , 
2014/9/11, 70, 55, , 
2014/9/12, 78, 64, , 
2014/9/13, 91, 64, , 
2014/9/14, 85, 52, , 
2014/9/15, 87, 45, , 
2014/9/16, 69, 58, , 
2014/9/17, 80, 44, , 
2014/9/18, 78, 40, , 
2014/9/19, 69, 43, , 
2014/9/20, 69, 49, , 
2014/9/21, 68, 56, , 
2014/9/22, 66, 48, , 
2014/9/23, 47, 63, , 
2014/9/24, 82, 75, , 
2014/9/25, 125, 73, , 
2014/9/26, 115, 49, , 
2014/9/27, 59, 63, , 
2014/9/28, 86, 67, , 
2014/9/29, 93, 41, , 
2014/9/30, 46, 47, , 
2014/10/1, 56, 58, , 
2014/4/2, 54, 55, , 
2014/4/3, 61, 55, , 
2014/4/4, 64, 55, , 
2014/4/5, 93, 66, , 
2014/4/6, 119, 67, , 
2014/4/7, 104, 60, , 
2014/4/8, 103, 47, , 
2014/4/9, 49, 65, , 
2014/4/10, 61, 66, , 
2014/4/11, 78, 62, , 
2014/4/12, 84, 69, , 
2014/4/13, 99, 71, , 
2014/4/14, 79, 61, , 
2014/4/15, 64, 69, , 
2014/4/16, 69, 66, , 
2014/4/17, 104, 60, , 
2014/4/18, 76, 73, , 
2014/4/19, 76, 70, , 
2014/4/20, 89, 71, , 
2014/4/21, 74, 62, , 
2014/4/22, 66, 78, , 
2014/4/23, 91, 90, , 
2014/4/24, 136, 92, , 
2014/4/25, 153, 110, , 
2014/4/26, 175, 91, , 
2014/4/27, 165, 63, , 
2014/4/28, 124, 59, , 
2014/4/29, 97, 93, , 
2014/4/30, 161, 102, , 
2014/5/1, 157, 85, , 
2014/5/2, 162, 37, , 
2014/5/3, 83, 51, , 
2014/5/4, 111, 45, , 
2014/5/5, 67, 57, , 
2014/5/6, 87, 85, , 
2014/5/7, 147, 71, , 
2014/5/8, 76, 67, , 
2014/5/9, 2, 28, , 
2014/5/10, 13, 35, , 
2014/5/11, 60, 53, , 
2014/5/12, 78, 61, , 
2014/5/13, 85, 72, , 
2014/5/14, 103, 80, , 
2014/5/15, 116, 66, , 
2014/5/16, 92, 66, , 
2014/5/17, 90, 72, , 
2014/5/18, 113, 112, , 
2014/5/19, 160, 83, , 
2014/5/20, 118, 90, , 
2014/5/21, 125, 54, , 
2014/5/22, 83, 51, , 
2014/5/23, 84, 101, , 
2014/5/24, 154, 91, , 
2014/5/25, 134, 92, , 
2014/5/26, 150, 117, , 
2014/5/27, 168, 104, , 
2014/5/28, 157, 122, , 
2014/5/29, 159, 67, , 
2014/5/30, 94, 58, , 
2014/5/31, 93, 72, , 
2014/6/1, 119, 95, , 
2014/6/2, 154, 109, , 
2014/6/3, 160, 110, , 
2014/6/4, 159, 45, , 
2014/6/5, 90, 69, , 
2014/6/6, 163, 82, , 
2014/6/7, 177, 44, , 
2014/6/8, 108, 42, , 
2014/6/9, 110, 66, , 
2014/6/10, 160, 117, , 
2014/6/11, 229, 83, , 
2014/6/12, 179, 50, , 
2014/6/13, 128, 35, , 
2014/6/14, 91, 140, , 
2014/6/15, 272, 131, , 
2014/6/16, 257, 72, , 
2014/6/17, 143, 71, , 
2014/6/18, 135, 115, , 
2014/6/19, 190, 121, , 
2014/6/20, 189, 77, , 
2014/6/21, 157, 78, , 
2014/6/22, 159, 101, , 
2014/6/23, 175, 118, , 
2014/6/24, 192, 77, , 
2014/6/26, 159, 83, , 
2014/6/27, 157, 77, , 
2014/6/28, 138, 146, , 
2014/6/29, 219, 149, , 
2014/6/30, 215, 130, , 
2014/7/1, 191, 80, , 
2014/1/2, 59, 38, , 
2014/1/3, 43, 47, , 
2014/1/4, 27, 54, , 
2014/1/5, 54, 55, , 
2014/1/6, 56, 58, , 
2014/1/7, 82, 57, , 
2014/1/8, 74, 56, , 
2014/1/9, 61, 68, , 
2014/1/10, 87, 56, , 
2014/1/11, 78, 54, , 
2014/1/12, 56, 58, , 
2014/1/13, 77, 57, , 
2014/1/14, 73, 52, , 
2014/1/15, 46, 53, , 
2014/1/16, 60, 54, , 
2014/1/17, 80, 43, , 
2014/1/18, 65, 39, , 
2014/1/19, 45, 38, , 
2014/1/20, 39, 37, , 
2014/1/21, 40, 44, , 
2014/1/22, 34, 41, , 
2014/1/23, 29, 36, , 
2014/1/24, 25, 34, , 
2014/1/25, 19, 37, , 
2014/1/26, 45, 46, , 
2014/1/27, 38, 45, , 
2014/1/28, 32, 53, , 
2014/1/29, 40, 49, , 
2014/1/30, 41, 51, , 
2014/1/31, 43, 48, , 
2014/2/1, 43, 43, , 
2014/2/2, 13, 38, , 
2014/2/3, 18, 29, , 
2014/2/4, 28, 47, , 
2014/2/5, 30, 37, , 
2014/2/6, 22, 36, , 
2014/2/7, 42, 49, , 
2014/2/8, 58, 51, , 
2014/2/9, 66, 40, , 
2014/2/10, 44, 44, , 
2014/2/11, 52, 49, , 
2014/2/12, 61, 52, , 
2014/2/13, 44, 55, , 
2014/2/14, 30, 59, , 
2014/2/15, 58, 49, , 
2014/2/16, 52, 43, , 
2014/2/17, 53, 45, , 
2014/2/18, 47, 50, , 
2014/2/19, 55, 54, , 
2014/2/20, 63, 50, , 
2014/2/21, 57, 52, , 
2014/2/22, 44, 54, , 
2014/2/23, 49, 56, , 
2014/2/24, 58, 52, , 
2014/2/25, 52, 47, , 
2014/2/26, 59, 50, , 
2014/2/27, 47, 53, , 
2014/2/28, 41, 56, , 
2014/3/1, 46, 54, , 
2014/3/2, 61, 42, , 
2014/3/3, 55, 40, , 
2014/3/4, 49, 49, , 
2014/3/5, 47, 48, , 
2014/3/6, 58, 53, , 
2014/3/7, 64, 60, , 
2014/3/8, 55, 64, , 
2014/3/9, 63, 50, , 
2014/3/10, 60, 70, , 
2014/3/11, 45, 72, , 
2014/3/12, 49, 60, , 
2014/3/13, 97, 58, , 
2014/3/14, 121, 57, , 
2014/3/15, 93, 55, , 
2014/3/16, 78, 61, , 
2014/3/17, 76, 58, , 
2014/3/18, 74, 60, , 
2014/3/19, 65, 54, , 
2014/3/20, 65, 59, , 
2014/3/21, 71, 65, , 
2014/3/22, 74, 67, , 
2014/3/23, 52, 66, , 
2014/3/24, 72, 65, , 
2014/3/25, 74, 66, , 
2014/3/26, 63, 63, , 
2014/3/27, 79, 59, , 
2014/3/28, 83, 59, , 
2014/3/29, 93, , , 
2014/4/1, 53, 45, , 
2023/11/2, , 14, , 
2023/10/21, , 42, , 
2023/2/12, , 25, , 6
2021/10/15, , 25, , 
2020/7/6, , 44, , 
2020/4/1, , 55, , 
2020/1/1, , 50, , 
2019/7/8, , 70, , 
2019/7/9, , 55, , 
2019/7/10, , 72, , 
2019/7/11, , 71, , 
2019/1/1, , 49, , 
2018/11/16, , 35, , 
2018/11/25, , 29, , 
2018/11/26, , 36, , 
2018/5/2, , 45, , 
2018/1/14, , 49, , 
2018/2/27, , 26, 2, 9
2018/2/28, , 30, 2, 7
2018/3/1, , 45, 2, 7
2018/3/2, , 44, 2, 7
2017/11/23, , 43, , 
2017/12/13, , 27, , 
2017/9/10, , 45, , 
2017/9/21, , 43, , 
2017/4/25, , 44, , 
2016/11/3, , 31, , 
2016/4/19, , 33, , 
2016/1/13, , 40, , 
2016/1/3, , 32, , 
2015/7/14, , 60, , 
2015/7/15, , 67, , 
2015/7/20, , 52, , 
2015/7/21, , 81, , 
2015/7/22, , 84, , 
2015/7/23, , 78, , 
2015/9/8, , 32, , 
2015/5/12, , 65, , 
2015/1/1, , 39, , 
2015/1/7, , 58, , 
2015/3/10, , 55, , 
2015/3/28, , 49, , 
2014/6/25, , 92, , 
2014/1/1, , 52, , 
2014/3/31, , 36, , 