date, pm25, pm10, so2
2023/11/2, 65, 35, 
2023/11/3, 70, 28, 
2023/11/4, 57, 14, 
2023/11/5, 37, 10, 
2023/11/6, 18, 17, 
2023/11/7, 39, 13, 
2023/11/8, 29, 14, 
2023/11/9, 29, 16, 
2023/11/10, 25, 26, 
2023/11/11, 47, 16, 
2023/11/12, 39, 24, 
2023/11/13, 66, 30, 
2023/11/14, 73, 36, 
2023/11/15, 86, 12, 
2023/11/16, 27, , 
2023/10/2, 54, 15, 
2023/10/3, 56, 21, 
2023/10/4, 66, 27, 
2023/10/5, 82, 27, 
2023/10/6, 84, 15, 
2023/10/7, 51, 21, 
2023/10/8, 68, 17, 
2023/10/9, 59, 13, 
2023/10/10, 47, 15, 
2023/10/11, 51, 18, 
2023/10/12, 53, 23, 
2023/10/13, 63, 25, 
2023/10/14, 70, 14, 
2023/10/15, 34, 11, 
2023/10/16, 34, 14, 
2023/10/17, 44, 15, 
2023/10/18, 31, 29, 
2023/10/19, 68, 22, 
2023/10/20, 41, 19, 
2023/10/21, 40, 19, 
2023/10/22, 39, 25, 
2023/10/23, 65, , 
2023/7/2, 75, 19, 
2023/7/3, 59, 25, 
2023/7/4, 74, 16, 
2023/7/5, 48, 28, 
2023/7/6, 83, 64, 
2023/7/7, 160, 67, 
2023/7/8, 170, 17, 
2023/7/9, 53, 41, 
2023/7/10, 111, 48, 
2023/7/11, 124, 81, 
2023/7/12, 192, 64, 
2023/7/13, 161, 45, 
2023/7/14, 126, 27, 
2023/7/15, 89, 26, 
2023/7/16, 94, , 
2023/7/17, 172, , 
2023/7/18, 257, 275, 
2023/7/19, 235, 115, 
2023/7/20, 64, 16, 
2023/7/21, 50, 29, 
2023/7/22, 70, 52, 
2023/7/23, 134, 93, 
2023/7/24, 193, 23, 
2023/7/25, 81, 25, 
2023/7/26, 71, 82, 
2023/7/27, 188, 25, 
2023/7/28, 75, 15, 
2023/7/29, 49, 15, 
2023/7/30, 43, 44, 
2023/7/31, 103, 17, 
2023/8/1, 43, 28, 
2023/8/2, 71, 37, 
2023/8/3, 99, 46, 
2023/8/4, 117, 67, 
2023/8/5, 158, 36, 
2023/8/6, 93, 71, 
2023/8/7, 161, 91, 
2023/8/8, 199, 78, 
2023/8/9, 162, 23, 
2023/8/10, 79, 20, 
2023/8/11, 66, 48, 
2023/8/12, 122, 41, 
2023/8/13, 107, 5, 
2023/8/14, 32, 5, 
2023/8/15, 31, 21, 
2023/8/16, 79, , 
2023/8/17, 72, 999, 
2023/8/18, 61, 36, 
2023/8/19, 92, 25, 
2023/8/20, 83, 27, 
2023/8/21, 90, 23, 
2023/8/22, 65, 35, 
2023/8/23, 97, 40, 
2023/8/24, 110, 65, 
2023/8/25, 162, 121, 
2023/8/26, 224, 134, 
2023/8/27, 233, 70, 
2023/8/28, 156, 43, 
2023/8/29, 96, 30, 
2023/8/30, 101, 27, 
2023/8/31, 79, 20, 
2023/9/1, 70, 32, 
2023/9/2, 86, 68, 
2023/9/3, 161, 65, 
2023/9/4, 171, 62, 
2023/9/5, 150, 28, 
2023/9/6, 92, 15, 
2023/9/7, 53, 20, 
2023/9/8, 62, 29, 
2023/9/9, 91, 17, 
2023/9/10, 53, 28, 
2023/9/11, 80, 22, 
2023/9/12, 71, 25, 
2023/9/13, 83, 18, 
2023/9/14, 64, 11, 
2023/9/15, 39, 19, 
2023/9/16, 59, 23, 
2023/9/17, 68, 33, 
2023/9/18, 105, 33, 
2023/9/19, 106, 17, 
2023/9/20, 66, 25, 
2023/9/21, 75, 43, 
2023/9/22, 119, 28, 
2023/9/23, 96, 31, 
2023/9/24, 98, 40, 
2023/9/25, 119, 34, 
2023/9/26, 98, 18, 
2023/9/27, 58, 14, 
2023/9/28, 53, 24, 
2023/9/29, 82, 21, 
2023/9/30, 57, 30, 
2023/10/1, 81, 17, 
2023/4/2, 52, 11, 
2023/4/3, 31, 44, 
2023/4/4, 108, 60, 
2023/4/5, 126, 26, 
2023/4/6, 76, 26, 
2023/4/7, 59, 36, 
2023/4/8, 102, 68, 
2023/4/9, 158, 38, 
2023/4/10, 106, 37, 
2023/4/11, 109, 19, 
2023/4/12, 59, 14, 
2023/4/13, 36, 32, 
2023/4/14, 79, 34, 
2023/4/15, 87, 21, 
2023/4/16, 57, 24, 
2023/4/17, 66, 34, 
2023/4/18, 88, 15, 
2023/4/19, 47, 14, 
2023/4/20, 44, 13, 
2023/4/21, 41, 29, 
2023/4/22, 72, 21, 
2023/4/23, 62, 20, 
2023/4/24, 67, 20, 
2023/4/25, 61, 25, 
2023/4/26, 78, 19, 
2023/4/27, 56, 20, 
2023/4/28, 60, 9, 
2023/4/29, 30, 16, 
2023/4/30, 54, 32, 
2023/5/1, 95, 41, 
2023/5/2, 113, 31, 
2023/5/3, 91, 56, 
2023/5/4, 118, 99, 
2023/5/5, 191, 20, 
2023/5/6, 68, 11, 
2023/5/7, 39, 32, 
2023/5/8, 89, 43, 
2023/5/9, 113, 111, 
2023/5/10, 201, 61, 
2023/5/11, 153, 22, 
2023/5/12, 68, 24, 
2023/5/13, 67, 42, 
2023/5/14, 100, 38, 
2023/5/15, 110, 16, 
2023/5/16, 52, 55, 
2023/5/17, 114, 35, 
2023/5/18, 96, 23, 
2023/5/19, 75, 102, 
2023/5/20, 186, 39, 
2023/5/21, 111, 30, 
2023/5/22, 82, 49, 
2023/5/23, 127, 17, 
2023/5/24, 47, 24, 
2023/5/25, 67, 42, 
2023/5/26, 93, 80, 
2023/5/27, 168, 57, 
2023/5/28, 133, 72, 
2023/5/29, 176, 47, 
2023/5/30, 124, 30, 
2023/5/31, 90, 57, 
2023/6/1, 125, 52, 
2023/6/2, 120, 24, 
2023/6/3, 66, 27, 
2023/6/4, 66, 62, 
2023/6/5, 158, 17, 
2023/6/6, 55, 101, 
2023/6/7, 155, 48, 
2023/6/8, 110, 17, 
2023/6/9, 55, 30, 
2023/6/10, 89, 48, 
2023/6/11, 123, 81, 
2023/6/12, 189, 29, 
2023/6/13, 79, 35, 
2023/6/14, 98, 44, 
2023/6/15, 124, 25, 
2023/6/16, 68, 37, 
2023/6/17, 98, 80, 
2023/6/18, 194, 51, 
2023/6/19, 137, 63, 
2023/6/20, 145, 63, 
2023/6/21, 165, 16, 
2023/6/22, 55, 22, 
2023/6/23, 43, 37, 
2023/6/24, 101, 37, 
2023/6/25, 95, 20, 
2023/6/26, 56, 27, 
2023/6/27, 80, 27, 
2023/6/28, 82, 63, 
2023/6/29, 160, 38, 
2023/6/30, 103, 47, 
2023/7/1, 122, 28, 
2023/1/3, 17, 8, 
2023/1/4, 20, 13, 
2023/1/5, 14, 15, 
2023/1/6, 13, 16, 
2023/1/7, 15, 16, 
2023/1/8, 21, 13, 
2023/1/9, 14, 9, 
2023/1/10, 14, 11, 
2023/1/11, 20, 12, 
2023/1/12, 22, 10, 
2023/1/13, 15, 10, 
2023/1/14, 14, 8, 
2023/1/15, 12, 12, 
2023/1/16, 15, 17, 
2023/1/17, 22, 19, 
2023/1/18, 19, 22, 
2023/1/19, 22, 18, 
2023/1/20, 18, 9, 
2023/1/21, 14, 9, 
2023/1/22, 12, 8, 
2023/1/23, 12, 14, 
2023/1/24, 14, 7, 
2023/1/25, 13, 10, 
2023/1/26, 21, 8, 
2023/1/27, 10, 11, 
2023/1/28, 16, 10, 
2023/1/29, 12, 6, 
2023/1/30, 11, 10, 
2023/1/31, 14, 20, 
2023/2/1, 20, 16, 
2023/2/2, 9, 13, 
2023/2/3, 10, 19, 
2023/2/4, 18, 14, 
2023/2/5, 24, 7, 
2023/2/6, 19, 20, 
2023/2/7, 24, 16, 
2023/2/8, 22, 16, 
2023/2/9, 19, 19, 
2023/2/10, 39, 6, 
2023/2/11, 15, 10, 
2023/2/12, 24, 6, 
2023/2/13, 17, 12, 
2023/2/14, 27, 13, 
2023/2/15, 33, 6, 
2023/2/16, 17, 12, 
2023/2/17, 25, 13, 
2023/2/18, 19, 12, 
2023/2/19, 22, 11, 
2023/2/20, 21, 13, 
2023/2/21, 19, 13, 
2023/2/22, 20, 16, 
2023/2/23, 30, 14, 
2023/2/24, 17, 12, 
2023/2/25, 24, 12, 
2023/2/26, 24, 19, 
2023/2/27, 38, 15, 
2023/2/28, 29, 14, 
2023/3/1, 24, 12, 
2023/3/2, 19, 14, 
2023/3/3, 18, 15, 
2023/3/4, 23, 20, 
2023/3/5, 29, 14, 
2023/3/6, 27, 13, 
2023/3/7, 24, 9, 
2023/3/8, 27, 11, 
2023/3/9, 34, 17, 
2023/3/10, 47, 11, 
2023/3/11, 34, 8, 
2023/3/12, 21, 10, 
2023/3/13, 28, 11, 
2023/3/14, 29, 14, 
2023/3/15, 33, 10, 
2023/3/16, 35, 17, 
2023/3/17, 52, 15, 
2023/3/18, 46, 17, 
2023/3/19, 48, 11, 
2023/3/20, 35, 16, 
2023/3/21, 43, 13, 
2023/3/22, 37, , 
2023/3/28, 19, 21, 
2023/3/29, 62, 35, 
2023/3/30, 96, 35, 
2023/3/31, 94, 38, 
2023/4/1, 103, 16, 
2022/10/2, 51, 49, 
2022/10/3, 113, 20, 
2022/10/4, 49, 22, 
2022/10/5, 59, 34, 
2022/10/6, 81, 16, 
2022/10/7, 44, 11, 
2022/10/8, 33, 25, 
2022/10/9, 64, 17, 
2022/10/10, 42, 19, 
2022/10/11, 51, 35, 
2022/10/12, 91, 17, 
2022/10/13, 48, 48, 
2022/10/14, 114, 26, 
2022/10/15, 71, 21, 
2022/10/16, 56, 16, 
2022/10/17, 49, 23, 
2022/10/18, 42, 24, 
2022/10/19, 44, 18, 
2022/10/20, 36, 11, 
2022/10/21, 33, 18, 
2022/10/22, 40, 24, 
2022/10/23, 55, 15, 
2022/10/24, 40, 18, 
2022/10/25, 47, 32, 
2022/10/26, 83, 15, 
2022/10/27, 37, 21, 
2022/10/28, 54, 18, 
2022/10/29, 44, 14, 
2022/10/30, 45, 14, 
2022/10/31, 42, 16, 
2022/11/1, 43, 14, 
2022/11/2, 35, 28, 
2022/11/3, 48, 31, 
2022/11/4, 40, 25, 
2022/11/5, 40, 15, 
2022/11/6, 34, 19, 
2022/11/7, 43, 22, 
2022/11/8, 35, 19, 
2022/11/9, 30, 17, 
2022/11/10, 38, 12, 
2022/11/11, 28, 19, 
2022/11/12, 60, 15, 
2022/11/13, 55, 6, 
2022/11/14, 24, 8, 
2022/11/15, 27, 10, 
2022/11/16, 33, 8, 
2022/11/17, 26, 9, 
2022/11/18, 26, 9, 
2022/11/19, 19, 16, 
2022/11/20, 39, 12, 
2022/11/21, 34, 19, 
2022/11/22, 37, 12, 
2022/11/23, 22, 7, 
2022/11/24, 14, 18, 
2022/11/25, 28, 20, 
2022/11/26, 28, 13, 
2022/11/27, 26, 11, 
2022/11/28, 17, 19, 
2022/11/29, 22, 12, 
2022/11/30, 26, 15, 
2022/12/1, 29, 17, 
2022/12/2, 31, 14, 
2022/12/3, 27, 8, 
2022/12/4, 28, 12, 
2022/12/5, 48, 13, 
2022/12/6, 16, 12, 
2022/12/7, 23, 13, 
2022/12/8, 20, 10, 
2022/12/9, 22, 11, 
2022/12/10, 21, 14, 
2022/12/11, 23, 12, 
2022/12/12, 20, 12, 
2022/12/13, 22, 13, 
2022/12/14, 16, 10, 
2022/12/15, 18, 13, 
2022/12/16, 19, 15, 
2022/12/17, 21, 11, 
2022/12/18, 16, 15, 
2022/12/19, 17, 16, 
2022/12/20, 16, 12, 
2022/12/21, 20, 12, 
2022/12/22, 15, 10, 
2022/12/23, 14, 6, 
2022/12/24, 16, 5, 
2022/12/25, 18, 4, 
2022/12/26, 15, 9, 
2022/12/27, 24, 19, 
2022/12/28, 26, 19, 
2022/12/29, 20, 17, 
2022/12/30, 16, 13, 
2022/12/31, 18, 13, 
2023/1/1, 21, 11, 
2023/1/2, 20, 9, 
2022/7/2, 92, 39, 
2022/7/3, 104, 21, 
2022/7/4, 64, 19, 
2022/7/5, 60, 24, 
2022/7/6, 68, 28, 
2022/7/7, 76, 27, 
2022/7/8, 81, 20, 
2022/7/9, 62, 27, 
2022/7/10, 83, 29, 
2022/7/11, 88, 29, 
2022/7/12, 86, 44, 
2022/7/13, 108, 64, 
2022/7/14, 157, 99, 
2022/7/15, 222, 80, 
2022/7/16, 188, 83, 
2022/7/17, 181, 31, 
2022/7/18, 87, 182, 
2022/7/19, 295, 49, 
2022/7/20, 116, 27, 
2022/7/21, 73, 61, 
2022/7/22, 153, 23, 
2022/7/23, 74, 22, 
2022/7/24, 67, 56, 
2022/7/25, 137, 33, 
2022/7/26, 97, 53, 
2022/7/27, 136, 87, 
2022/7/28, 183, 134, 
2022/7/29, 243, 69, 
2022/7/30, 157, 52, 
2022/7/31, 134, 41, 
2022/8/1, 117, 53, 
2022/8/2, 131, 166, 
2022/8/3, 282, 98, 
2022/8/4, 177, 51, 
2022/8/5, 133, 37, 
2022/8/6, 109, 30, 
2022/8/7, 85, 39, 
2022/8/8, 109, 115, 
2022/8/9, 191, 93, 
2022/8/10, 196, 58, 
2022/8/11, 148, 21, 
2022/8/12, 59, 21, 
2022/8/13, 66, 18, 
2022/8/14, 48, 37, 
2022/8/15, 93, 19, 
2022/8/16, 61, 23, 
2022/8/17, 74, 83, 
2022/8/18, 138, 88, 
2022/8/19, 156, 114, 
2022/8/20, 203, 61, 
2022/8/21, 140, 21, 
2022/8/22, 62, 56, 
2022/8/23, 132, 23, 
2022/8/24, 65, 77, 
2022/8/25, 174, 54, 
2022/8/26, 123, 40, 
2022/8/27, 91, 57, 
2022/8/28, 142, 91, 
2022/8/29, 170, 127, 
2022/8/30, 223, 76, 
2022/8/31, 170, 65, 
2022/9/1, 141, 44, 
2022/9/2, 108, 52, 
2022/9/3, 122, 65, 
2022/9/4, 147, 90, 
2022/9/5, 173, 101, 
2022/9/6, 182, 44, 
2022/9/7, 84, 18, 
2022/9/8, 52, 28, 
2022/9/9, 84, 63, 
2022/9/10, 151, 30, 
2022/9/11, 82, 46, 
2022/9/12, 114, 52, 
2022/9/13, 124, 39, 
2022/9/14, 83, 27, 
2022/9/15, 42, 19, 
2022/9/16, 53, 43, 
2022/9/17, 115, 31, 
2022/9/18, 86, 41, 
2022/9/19, 107, 53, 
2022/9/20, 128, 34, 
2022/9/21, 91, 29, 
2022/9/22, 87, 16, 
2022/9/23, 58, 23, 
2022/9/24, 63, 26, 
2022/9/25, 75, 36, 
2022/9/26, 86, 21, 
2022/9/27, 61, 28, 
2022/9/28, 70, 18, 
2022/9/29, 47, 34, 
2022/9/30, 73, 40, 
2022/10/1, 88, 22, 
2022/4/2, 48, 22, 
2022/4/3, 58, 45, 
2022/4/4, 110, 26, 
2022/4/5, 67, 24, 
2022/4/6, 62, 15, 
2022/4/7, 44, 20, 
2022/4/8, 56, 12, 
2022/4/9, 36, 29, 
2022/4/10, 76, 30, 
2022/4/11, 86, 30, 
2022/4/12, 76, 55, 
2022/4/13, 128, 47, 
2022/4/14, 113, 30, 
2022/4/15, 76, 57, 
2022/4/16, 124, 25, 
2022/4/17, 60, 51, 
2022/4/18, 115, 30, 
2022/4/19, 65, 39, 
2022/4/20, 81, 36, 
2022/4/21, 92, 20, 
2022/4/22, 42, 10, 
2022/4/23, 34, 17, 
2022/4/24, 38, 15, 
2022/4/25, 46, 13, 
2022/4/26, 39, 19, 
2022/4/27, 58, 18, 
2022/4/28, 49, 108, 
2022/4/29, 196, 102, 
2022/4/30, 191, 108, 
2022/5/1, 216, 57, 
2022/5/2, 133, 74, 
2022/5/3, 146, 31, 
2022/5/4, 77, 25, 
2022/5/5, 69, 38, 
2022/5/6, 94, 32, 
2022/5/7, 82, 14, 
2022/5/8, 48, 24, 
2022/5/9, 62, 32, 
2022/5/10, 81, 48, 
2022/5/11, 102, 76, 
2022/5/12, 173, 27, 
2022/5/13, 73, 175, 
2022/5/14, 242, 333, 
2022/5/15, 102, 326, 
2022/5/16, 77, 713, 
2022/5/17, 196, 232, 
2022/5/18, 261, 77, 
2022/5/19, 179, 30, 
2022/5/20, 87, 21, 
2022/5/21, 54, 12, 
2022/5/22, 30, 16, 
2022/5/23, 49, 42, 
2022/5/24, 74, 61, 
2022/5/25, 137, 63, 
2022/5/26, 161, 50, 
2022/5/27, 126, 99, 
2022/5/28, 204, 72, 
2022/5/29, 154, 98, 
2022/5/30, 206, 83, 
2022/5/31, 194, 160, 
2022/6/1, 271, 82, 
2022/6/2, 185, 133, 
2022/6/3, 215, 62, 
2022/6/4, 151, 57, 
2022/6/5, 142, 47, 
2022/6/6, 116, 10, 
2022/6/7, 28, 52, 
2022/6/8, 115, 30, 
2022/6/9, 75, 140, 
2022/6/10, 258, 126, 
2022/6/11, 244, 183, 
2022/6/12, 291, 76, 
2022/6/13, 178, 31, 
2022/6/14, 97, 50, 
2022/6/15, 114, 51, 
2022/6/16, 134, 32, 
2022/6/17, 83, 78, 
2022/6/18, 178, 31, 
2022/6/19, 85, 43, 
2022/6/20, 119, 29, 
2022/6/21, 87, 31, 
2022/6/22, 90, 134, 
2022/6/23, 250, 82, 
2022/6/24, 192, 45, 
2022/6/25, 116, 90, 
2022/6/26, 185, 217, 
2022/6/27, 331, 96, 
2022/6/28, 191, 20, 
2022/6/29, 39, 29, 
2022/6/30, 81, 31, 
2022/7/1, 94, 31, 
2022/1/4, 16, 14, 
2022/1/5, 37, 13, 
2022/1/6, 19, 27, 
2022/1/7, 32, 12, 
2022/1/8, 14, 7, 
2022/1/9, 14, 6, 
2022/1/10, 11, 12, 
2022/1/11, 17, 17, 
2022/1/12, 17, 16, 
2022/1/13, 20, 12, 
2022/1/14, 18, 12, 
2022/1/15, 16, 9, 
2022/1/16, 17, 7, 
2022/1/17, 21, 10, 
2022/1/18, 29, 18, 
2022/1/19, 37, 8, 
2022/1/20, 21, 8, 
2022/1/21, 19, 8, 
2022/1/22, 18, 10, 
2022/1/23, 17, 4, 
2022/1/24, 10, 9, 
2022/1/25, 17, 16, 
2022/1/26, 17, 19, 
2022/1/27, 20, 28, 
2022/1/28, 32, 21, 
2022/1/29, 25, 15, 
2022/1/30, 21, 9, 
2022/1/31, 17, 17, 
2022/2/1, 25, 17, 
2022/2/2, 19, 15, 
2022/2/3, 13, 15, 
2022/2/4, 23, 10, 
2022/2/5, 16, 13, 
2022/2/6, 15, 12, 
2022/2/7, 14, 15, 
2022/2/8, 13, 21, 
2022/2/9, 19, 19, 
2022/2/10, 26, 23, 
2022/2/11, 30, 19, 
2022/2/12, 24, 17, 
2022/2/13, 23, 16, 
2022/2/14, 20, 25, 
2022/2/15, 25, 22, 
2022/2/16, 28, 17, 
2022/2/17, 11, 20, 
2022/2/18, 24, 18, 
2022/2/19, 26, 19, 
2022/2/20, 16, 9, 
2022/2/21, 21, 29, 
2022/2/22, 16, 16, 
2022/2/23, 16, 22, 
2022/2/24, 33, 13, 
2022/2/25, 27, 14, 
2022/2/26, 23, 2, 
2022/2/27, 16, , 
2022/2/28, 19, , 
2022/3/1, 31, 16, 
2022/3/2, 19, 12, 
2022/3/3, 24, 10, 
2022/3/4, 20, 19, 
2022/3/5, 44, 28, 
2022/3/6, 38, 8, 
2022/3/7, 19, 10, 
2022/3/8, 18, 51, 
2022/3/9, 36, 24, 
2022/3/10, 57, 15, 
2022/3/11, 33, 8, 
2022/3/12, 19, , 
2022/3/13, 20, 19, 
2022/3/14, 38, 16, 
2022/3/15, 29, 15, 
2022/3/16, 19, 22, 
2022/3/17, 44, 17, 
2022/3/18, 48, 20, 
2022/3/19, 47, 43, 
2022/3/20, 102, 31, 
2022/3/21, 80, 15, 
2022/3/22, 46, 17, 
2022/3/23, 41, 20, 
2022/3/24, 52, 39, 
2022/3/25, 95, 20, 
2022/3/26, 54, 20, 
2022/3/27, 63, 21, 
2022/3/28, 60, 17, 
2022/3/29, 49, 21, 
2022/3/30, 56, 45, 
2022/3/31, 107, 33, 
2022/4/1, 83, 23, 
2021/10/2, 69, 20, 
2021/10/3, 69, 22, 
2021/10/4, 80, 33, 
2021/10/5, 99, 18, 
2021/10/6, 60, 18, 
2021/10/7, 57, 28, 
2021/10/8, 69, 36, 
2021/10/9, 92, 26, 
2021/10/10, 72, 28, 
2021/10/11, 79, 15, 
2021/10/12, 47, 26, 
2021/10/13, 71, 14, 
2021/10/14, 50, 23, 
2021/10/15, 78, 19, 
2021/10/16, 69, 11, 
2021/10/17, 48, 15, 
2021/10/18, 58, 18, 
2021/10/19, 55, 19, 
2021/10/20, 43, 20, 
2021/10/21, 49, 14, 
2021/10/22, 50, 15, 
2021/10/23, 53, 13, 
2021/10/24, 38, 9, 
2021/10/25, 34, 7, 
2021/10/26, 29, 8, 
2021/10/27, 30, 18, 
2021/10/28, 41, 17, 
2021/10/29, 34, 19, 
2021/10/30, 44, 18, 
2021/10/31, 37, 20, 
2021/11/1, 40, 16, 
2021/11/2, 40, 13, 
2021/11/3, 31, 12, 
2021/11/4, 41, 19, 
2021/11/5, 62, 22, 
2021/11/6, 24, 14, 
2021/11/7, 37, 13, 
2021/11/8, 38, 14, 
2021/11/9, 32, 21, 
2021/11/10, 40, 23, 
2021/11/11, 54, 24, 
2021/11/12, 49, 16, 
2021/11/13, 40, 9, 
2021/11/14, 33, 9, 
2021/11/15, 35, 11, 
2021/11/16, 45, 15, 
2021/11/17, 38, 14, 
2021/11/18, 37, 14, 
2021/11/19, 36, 18, 
2021/11/20, 33, 15, 
2021/11/21, 24, 11, 
2021/11/22, 22, 11, 
2021/11/23, 22, 15, 
2021/11/24, 23, 10, 
2021/11/25, 18, 15, 
2021/11/26, 30, 16, 
2021/11/27, 35, 13, 
2021/11/28, 33, 16, 
2021/11/29, 41, 17, 
2021/11/30, 30, 19, 
2021/12/1, 35, 21, 
2021/12/2, 44, 22, 
2021/12/3, 40, 20, 
2021/12/4, 39, 18, 
2021/12/5, 38, 17, 
2021/12/6, 26, 21, 
2021/12/7, 33, 16, 
2021/12/8, 37, 15, 
2021/12/9, 34, 23, 
2021/12/10, 33, 18, 
2021/12/11, 24, 11, 
2021/12/12, 24, 11, 
2021/12/13, 34, 13, 
2021/12/14, 34, 17, 
2021/12/15, 24, 11, 
2021/12/16, 26, 3, 
2021/12/17, 27, 4, 
2021/12/18, 49, 2, 
2021/12/19, 46, 9, 
2021/12/20, 24, 17, 
2021/12/21, 34, 22, 
2021/12/22, 37, 24, 
2021/12/23, 36, 19, 
2021/12/24, 33, 16, 
2021/12/25, 33, 9, 
2021/12/26, 23, 9, 
2021/12/27, 16, 14, 
2021/12/28, 15, 18, 
2021/12/29, 20, 18, 
2021/12/30, 23, 9, 
2021/12/31, 18, 8, 
2022/1/1, 17, 66, 
2022/1/2, 12, 16, 
2022/1/3, 34, 9, 
2021/7/2, 130, 37, 
2021/7/3, 121, 127, 
2021/7/4, 197, 116, 
2021/7/5, 252, 36, 
2021/7/6, 109, 24, 
2021/7/7, 80, 28, 
2021/7/8, 94, 35, 
2021/7/9, 110, 46, 
2021/7/10, 127, 54, 
2021/7/11, 155, 36, 
2021/7/12, 112, 95, 
2021/7/13, 194, 114, 
2021/7/14, 233, 77, 
2021/7/15, 183, 48, 
2021/7/16, 145, 53, 
2021/7/17, 143, 167, 
2021/7/18, 294, 129, 
2021/7/19, 289, 84, 
2021/7/20, 195, 52, 
2021/7/21, 149, 32, 
2021/7/22, 97, 45, 
2021/7/23, 122, 51, 
2021/7/24, 143, 45, 
2021/7/25, 122, 48, 
2021/7/26, 142, 111, 
2021/7/27, 240, 86, 
2021/7/28, 198, 74, 
2021/7/29, 175, 50, 
2021/7/30, 142, 53, 
2021/7/31, 145, 188, 
2021/8/1, 335, 177, 
2021/8/2, 335, 148, 
2021/8/3, 288, 80, 
2021/8/4, 183, 33, 
2021/8/5, 96, 27, 
2021/8/6, 86, 53, 
2021/8/7, 137, 81, 
2021/8/8, 187, 30, 
2021/8/9, 92, 56, 
2021/8/10, 146, 29, 
2021/8/11, 85, 37, 
2021/8/12, 97, 60, 
2021/8/13, 128, 80, 
2021/8/14, 184, 45, 
2021/8/15, 131, 36, 
2021/8/16, 112, 20, 
2021/8/17, 70, 18, 
2021/8/18, 67, 22, 
2021/8/19, 77, 27, 
2021/8/20, 92, 38, 
2021/8/21, 112, 19, 
2021/8/22, 71, 45, 
2021/8/23, 113, 73, 
2021/8/24, 182, 36, 
2021/8/25, 102, 12, 
2021/8/26, 53, 25, 
2021/8/27, 78, 21, 
2021/8/28, 73, 19, 
2021/8/29, 71, 21, 
2021/8/30, 71, 16, 
2021/8/31, 58, 43, 
2021/9/1, 113, 34, 
2021/9/2, 99, 43, 
2021/9/3, 109, 69, 
2021/9/4, 154, 22, 
2021/9/5, 72, 16, 
2021/9/6, 62, 37, 
2021/9/7, 104, 66, 
2021/9/8, 164, 55, 
2021/9/9, 143, 30, 
2021/9/10, 98, 36, 
2021/9/11, 102, 20, 
2021/9/12, 72, 14, 
2021/9/13, 54, 40, 
2021/9/14, 123, 30, 
2021/9/15, 95, 17, 
2021/9/16, 65, 12, 
2021/9/17, 53, 17, 
2021/9/18, 59, 37, 
2021/9/19, 111, 19, 
2021/9/20, 76, 22, 
2021/9/21, 75, 22, 
2021/9/22, 57, 25, 
2021/9/23, 62, 46, 
2021/9/24, 110, 35, 
2021/9/25, 84, 13, 
2021/9/26, 55, 44, 
2021/9/27, 125, 36, 
2021/9/28, 102, 25, 
2021/9/29, 67, 44, 
2021/9/30, 114, 18, 
2021/10/1, 61, 19, 
2021/4/2, 58, 23, 
2021/4/3, 48, 27, 
2021/4/4, 59, 34, 
2021/4/5, 85, 43, 
2021/4/6, 59, 33, 
2021/4/7, 57, 17, 
2021/4/8, 49, 14, 
2021/4/9, 45, 27, 
2021/4/10, 82, 34, 
2021/4/11, 106, 49, 
2021/4/12, 119, 63, 
2021/4/13, 169, 51, 
2021/4/14, 142, 18, 
2021/4/15, 56, 22, 
2021/4/16, 64, 71, 
2021/4/17, 182, 68, 
2021/4/18, 175, 43, 
2021/4/19, 130, 29, 
2021/4/20, 92, 27, 
2021/4/21, 96, 36, 
2021/4/22, 115, 37, 
2021/4/23, 118, 37, 
2021/4/24, 105, 113, 
2021/4/25, 233, 90, 
2021/4/26, 199, 75, 
2021/4/27, 184, 60, 
2021/4/28, 157, 68, 
2021/4/29, 111, 78, 
2021/4/30, 167, 26, 
2021/5/1, 80, 21, 
2021/5/2, 73, 37, 
2021/5/3, 102, 64, 
2021/5/4, 165, 45, 
2021/5/5, 134, 110, 
2021/5/6, 229, 84, 
2021/5/7, 192, 47, 
2021/5/8, 147, 71, 
2021/5/9, 178, 61, 
2021/5/10, 165, 47, 
2021/5/11, 126, 150, 
2021/5/12, 266, 104, 
2021/5/13, 217, 102, 
2021/5/14, 210, 79, 
2021/5/15, 188, 82, 
2021/5/16, 198, 72, 
2021/5/17, 183, 120, 
2021/5/18, 233, 90, 
2021/5/19, 195, 35, 
2021/5/20, 98, 17, 
2021/5/21, 65, 36, 
2021/5/22, 102, 78, 
2021/5/23, 192, 40, 
2021/5/24, 118, 44, 
2021/5/25, 125, 61, 
2021/5/26, 165, 31, 
2021/5/27, 98, 23, 
2021/5/28, 72, 41, 
2021/5/29, 107, 58, 
2021/5/30, 158, 34, 
2021/5/31, 105, 21, 
2021/6/1, 76, 43, 
2021/6/2, 117, 74, 
2021/6/3, 182, 27, 
2021/6/4, 91, 50, 
2021/6/5, 138, 102, 
2021/6/6, 223, 82, 
2021/6/7, 191, 27, 
2021/6/8, 90, 27, 
2021/6/9, 83, 46, 
2021/6/10, 121, 54, 
2021/6/11, 152, 26, 
2021/6/12, 82, 27, 
2021/6/13, 91, 89, 
2021/6/14, 185, 94, 
2021/6/15, 214, 57, 
2021/6/16, 155, 124, 
2021/6/17, 254, 353, 
2021/6/18, 447, 305, 
2021/6/19, 428, 312, 
2021/6/20, 503, 165, 
2021/6/21, 362, 62, 
2021/6/22, 152, 65, 
2021/6/23, 166, 57, 
2021/6/24, 162, 35, 
2021/6/25, 109, 63, 
2021/6/26, 167, 104, 
2021/6/27, 231, 169, 
2021/6/28, 345, 160, 
2021/6/29, 324, 94, 
2021/6/30, 222, 92, 
2021/7/1, 207, 43, 
2021/1/5, 27, 28, 
2021/1/6, 35, 23, 
2021/1/7, 32, 23, 
2021/1/8, 26, 22, 
2021/1/9, 28, 16, 
2021/1/10, 26, 11, 
2021/1/11, 33, 13, 
2021/1/12, 42, 15, 
2021/1/13, 30, 19, 
2021/1/14, 31, 18, 
2021/1/15, 31, 14, 
2021/1/16, 35, 13, 
2021/1/17, 48, 12, 
2021/1/18, 33, 14, 
2021/1/19, 24, 19, 
2021/1/20, 24, 21, 
2021/1/21, 26, 24, 
2021/1/22, 24, 28, 
2021/1/23, 33, 29, 
2021/1/24, 37, 24, 
2021/1/25, 31, 25, 
2021/1/26, 33, 23, 
2021/1/27, 29, 21, 
2021/1/28, 31, 17, 
2021/1/29, 32, 24, 
2021/1/30, 34, 25, 
2021/1/31, 31, 21, 
2021/2/1, 25, 25, 
2021/2/2, 28, 31, 
2021/2/3, 34, 34, 
2021/2/4, 36, 38, 
2021/2/5, 42, 39, 
2021/2/6, 44, 33, 
2021/2/7, 39, 40, 
2021/2/8, 41, 44, 
2021/2/9, 49, 43, 
2021/2/10, 54, 36, 
2021/2/11, 51, 30, 
2021/2/12, 40, 31, 
2021/2/13, 38, 30, 
2021/2/14, 34, 27, 
2021/2/15, 30, 33, 
2021/2/16, 32, 30, 
2021/2/17, 26, 22, 
2021/2/18, 20, 16, 
2021/2/19, 21, 25, 
2021/2/20, 43, 22, 
2021/2/21, 39, 18, 
2021/2/22, 36, 17, 
2021/2/23, 31, 21, 
2021/2/24, 21, 22, 
2021/2/25, 22, 30, 
2021/2/26, 30, 36, 
2021/2/27, 35, 25, 
2021/2/28, 32, 19, 
2021/3/1, 28, 22, 
2021/3/2, 19, 34, 
2021/3/3, 33, 42, 
2021/3/4, 44, 39, 
2021/3/5, 37, 39, 
2021/3/6, 42, 29, 
2021/3/7, 38, 15, 
2021/3/8, 32, 23, 
2021/3/9, 40, 29, 
2021/3/10, 45, 19, 
2021/3/11, 38, 18, 
2021/3/12, 45, 17, 
2021/3/13, 46, 19, 
2021/3/14, 42, 20, 
2021/3/15, 51, 19, 
2021/3/16, 43, 20, 
2021/3/17, 35, 24, 
2021/3/18, 35, 26, 
2021/3/19, 48, 28, 
2021/3/20, 56, 27, 
2021/3/21, 51, 25, 
2021/3/22, 56, 25, 
2021/3/23, 63, 30, 
2021/3/24, 64, 36, 
2021/3/25, 55, 44, 
2021/3/26, 67, 39, 
2021/3/27, 65, 33, 
2021/3/28, 75, 21, 
2021/3/29, 46, 30, 
2021/3/30, 50, 47, 
2021/3/31, 66, 42, 
2021/4/1, 64, 31, 
2020/10/2, 93, 47, 
2020/10/3, 97, 53, 
2020/10/4, 141, 48, 
2020/10/5, 110, 45, 
2020/10/6, 97, 33, 
2020/10/7, 60, 38, 
2020/10/8, 74, 32, 
2020/10/9, 64, 37, 
2020/10/10, 76, 32, 
2020/10/11, 55, 50, 
2020/10/12, 101, 45, 
2020/10/13, 85, 38, 
2020/10/14, 80, 47, 
2020/10/15, 81, 60, 
2020/10/16, 104, 71, 
2020/10/17, 148, 40, 
2020/10/18, 67, 31, 
2020/10/19, 58, 36, 
2020/10/20, 76, 38, 
2020/10/21, 74, 38, 
2020/10/22, 65, 33, 
2020/10/23, 70, 29, 
2020/10/24, 70, 25, 
2020/10/25, 74, 25, 
2020/10/26, 79, 23, 
2020/10/27, 78, 23, 
2020/10/28, 81, 26, 
2020/10/29, 75, 25, 
2020/10/30, 68, 22, 
2020/10/31, 57, 27, 
2020/11/1, 64, 25, 
2020/11/2, 65, 26, 
2020/11/3, 54, 31, 
2020/11/4, 64, 21, 
2020/11/5, 56, 15, 
2020/11/6, 46, 16, 
2020/11/7, 43, 19, 
2020/11/8, 39, 19, 
2020/11/9, 41, 23, 
2020/11/10, 43, 28, 
2020/11/11, 50, 35, 
2020/11/12, 64, 21, 
2020/11/13, 42, 18, 
2020/11/14, 46, 15, 
2020/11/15, 48, 16, 
2020/11/16, 41, 19, 
2020/11/17, 37, 23, 
2020/11/18, 38, 33, 
2020/11/19, 54, 32, 
2020/11/20, 55, 18, 
2020/11/21, 36, 12, 
2020/11/22, 35, 11, 
2020/11/23, 35, 12, 
2020/11/24, 38, 13, 
2020/11/25, 46, 17, 
2020/11/26, 47, 26, 
2020/11/27, 64, 24, 
2020/11/28, 50, 19, 
2020/11/29, 59, 35, 
2020/11/30, 103, 16, 
2020/12/1, 44, 13, 
2020/12/2, 35, 14, 
2020/12/3, 37, 15, 
2020/12/4, 31, 23, 
2020/12/5, 27, 26, 
2020/12/6, 16, 26, 
2020/12/7, 13, 24, 
2020/12/8, 14, 8, 
2020/12/9, 27, 2, 
2020/12/10, 29, 5, 
2020/12/11, 36, 13, 
2020/12/12, 41, 17, 
2020/12/13, 57, 36, 
2020/12/14, 105, 13, 
2020/12/15, 33, 16, 
2020/12/16, 32, 19, 
2020/12/17, 34, 21, 
2020/12/18, 32, 17, 
2020/12/19, 29, 15, 
2020/12/20, 31, 16, 
2020/12/21, 47, 19, 
2020/12/22, 29, 18, 
2020/12/23, 25, 18, 
2020/12/24, 27, 17, 
2020/12/25, 32, 16, 
2020/12/26, 33, 14, 
2020/12/27, 24, 13, 
2020/12/28, 26, 15, 
2020/12/29, 26, 17, 
2020/12/30, 33, 15, 
2020/12/31, 31, 21, 
2021/1/1, 41, 19, 
2021/1/2, 79, 20, 
2021/1/3, 37, 20, 
2021/1/4, 30, 24, 
2020/7/2, 70, 34, 
2020/7/3, 111, 34, 
2020/7/4, 83, 37, 
2020/7/5, 109, 74, 
2020/7/6, 147, 69, 
2020/7/7, 163, 52, 
2020/7/8, 138, 55, 
2020/7/9, 148, 25, 
2020/7/10, 93, 34, 
2020/7/11, 84, 38, 
2020/7/12, 82, 108, 
2020/7/13, 156, 125, 
2020/7/14, 238, 84, 
2020/7/15, 184, 115, 
2020/7/16, 197, 86, 
2020/7/17, 196, 28, 
2020/7/18, 93, 25, 
2020/7/19, 67, 34, 
2020/7/20, 76, 76, 
2020/7/21, 154, 115, 
2020/7/22, 173, 102, 
2020/7/23, 214, 60, 
2020/7/24, 129, 104, 
2020/7/25, 187, 43, 
2020/7/26, 103, 57, 
2020/7/27, 105, 131, 
2020/7/28, 178, 153, 
2020/7/29, 234, 111, 
2020/7/30, 221, 42, 
2020/7/31, 127, 25, 
2020/8/1, 82, 26, 
2020/8/2, 62, 32, 
2020/8/3, 88, 72, 
2020/8/4, 89, 94, 
2020/8/5, 179, 59, 
2020/8/6, 157, 130, 
2020/8/7, 153, 119, 
2020/8/8, 189, 55, 
2020/8/9, 154, 24, 
2020/8/10, 73, 41, 
2020/8/11, 77, 62, 
2020/8/12, 155, 57, 
2020/8/13, 152, 27, 
2020/8/14, 80, 40, 
2020/8/15, 80, 48, 
2020/8/16, 139, 35, 
2020/8/17, 78, 34, 
2020/8/18, 90, 43, 
2020/8/19, 89, 70, 
2020/8/20, 162, 57, 
2020/8/21, 140, 53, 
2020/8/22, 128, 118, 
2020/8/23, 129, 97, 
2020/8/24, 194, 52, 
2020/8/25, 111, 106, 
2020/8/26, 126, 98, 
2020/8/27, 198, 45, 
2020/8/28, 100, 43, 
2020/8/29, 70, 115, 
2020/8/30, 165, 77, 
2020/8/31, 176, 45, 
2020/9/1, 95, 87, 
2020/9/2, 130, 78, 
2020/9/3, 166, 58, 
2020/9/4, 133, 65, 
2020/9/5, 159, 105, 
2020/9/6, 218, 85, 
2020/9/7, 184, 78, 
2020/9/8, 174, 41, 
2020/9/9, 84, 59, 
2020/9/10, 144, 44, 
2020/9/11, 91, 41, 
2020/9/12, 84, 34, 
2020/9/13, 66, 47, 
2020/9/14, 104, 65, 
2020/9/15, 149, 52, 
2020/9/16, 106, 56, 
2020/9/17, 125, 39, 
2020/9/18, 81, 38, 
2020/9/19, 78, 38, 
2020/9/20, 71, 48, 
2020/9/21, 93, 75, 
2020/9/22, 170, 56, 
2020/9/23, 111, 48, 
2020/9/24, 97, 50, 
2020/9/25, 88, 53, 
2020/9/26, 89, 59, 
2020/9/27, 122, 40, 
2020/9/28, 68, 40, 
2020/9/29, 71, 37, 
2020/9/30, 64, 39, 
2020/10/1, 83, 42, 
2020/4/2, 64, 21, 
2020/4/3, 60, 22, 
2020/4/4, 53, 24, 
2020/4/5, 48, 36, 
2020/4/6, 70, 75, 
2020/4/7, 154, 35, 
2020/4/8, 76, 81, 
2020/4/9, 113, 75, 
2020/4/10, 168, 37, 
2020/4/11, 87, 42, 
2020/4/12, 105, 35, 
2020/4/13, 61, 115, 
2020/4/14, 157, 93, 
2020/4/15, 190, 44, 
2020/4/16, 129, 20, 
2020/4/17, 70, 26, 
2020/4/18, 51, 44, 
2020/4/19, 110, 27, 
2020/4/20, 52, 52, 
2020/4/21, 124, 51, 
2020/4/22, 80, 100, 
2020/4/23, 168, 75, 
2020/4/24, 174, 22, 
2020/4/25, 70, 32, 
2020/4/26, 54, 69, 
2020/4/27, 153, 24, 
2020/4/28, 72, 45, 
2020/4/29, 74, 70, 
2020/4/30, 159, 60, 
2020/5/1, 121, 80, 
2020/5/2, 167, 44, 
2020/5/3, 127, 23, 
2020/5/4, 57, 63, 
2020/5/5, 71, 110, 
2020/5/6, 182, 168, 
2020/5/7, 188, 220, 
2020/5/8, 309, 95, 
2020/5/9, 198, 27, 
2020/5/10, 73, 30, 
2020/5/11, 65, 73, 
2020/5/12, 127, 139, 
2020/5/13, 185, 82, 
2020/5/14, 186, 32, 
2020/5/15, 89, 18, 
2020/5/16, 63, 35, 
2020/5/17, 49, 65, 
2020/5/18, 154, 43, 
2020/5/19, 79, 67, 
2020/5/20, 145, 110, 
2020/5/21, 160, 90, 
2020/5/22, 195, 64, 
2020/5/23, 134, 60, 
2020/5/24, 160, 46, 
2020/5/25, 85, 177, 
2020/5/26, 173, 122, 
2020/5/27, 228, 87, 
2020/5/28, 170, 126, 
2020/5/29, 185, 124, 
2020/5/30, 191, 163, 
2020/5/31, 227, 93, 
2020/6/1, 195, 49, 
2020/6/2, 146, 35, 
2020/6/3, 85, 106, 
2020/6/4, 108, 75, 
2020/6/5, 177, 29, 
2020/6/6, 85, 46, 
2020/6/7, 81, 49, 
2020/6/8, 146, 29, 
2020/6/9, 67, 24, 
2020/6/10, 72, 19, 
2020/6/11, 64, 15, 
2020/6/12, 64, 39, 
2020/6/13, 75, 46, 
2020/6/14, 142, 72, 
2020/6/15, 105, 79, 
2020/6/16, 184, 29, 
2020/6/17, 85, 20, 
2020/6/18, 76, 21, 
2020/6/19, 51, 29, 
2020/6/20, 70, 50, 
2020/6/21, 93, 57, 
2020/6/22, 159, 35, 
2020/6/23, 86, 37, 
2020/6/24, 104, 74, 
2020/6/25, 153, 58, 
2020/6/26, 161, 33, 
2020/6/27, 113, 40, 
2020/6/28, 84, 68, 
2020/6/29, 151, 67, 
2020/6/30, 162, 58, 
2020/7/1, 159, 30, 
2020/1/2, 27, 17, 
2020/1/3, 26, 21, 
2020/1/4, 21, 15, 
2020/1/5, 19, 11, 
2020/1/6, 14, 12, 
2020/1/7, 18, 10, 
2020/1/8, 24, 10, 
2020/1/9, 16, 12, 
2020/1/10, 26, 15, 
2020/1/11, 38, 10, 
2020/1/12, 24, 8, 
2020/1/13, 17, 14, 
2020/1/14, 17, 14, 
2020/1/15, 16, 16, 
2020/1/16, 27, 18, 
2020/1/17, 24, 23, 
2020/1/18, 19, 18, 
2020/1/19, 16, 19, 
2020/1/20, 24, 16, 
2020/1/21, 27, 19, 
2020/1/22, 16, 18, 
2020/1/23, 16, 20, 
2020/1/24, 21, 18, 
2020/1/25, 19, 17, 
2020/1/26, 19, 14, 
2020/1/27, 15, 20, 
2020/1/28, 22, 17, 
2020/1/29, 18, 19, 
2020/1/30, 23, 21, 
2020/1/31, 27, 15, 
2020/2/1, 16, 15, 
2020/2/2, 15, 18, 
2020/2/3, 38, 14, 
2020/2/4, 27, 12, 
2020/2/5, 31, 12, 
2020/2/6, 27, 16, 
2020/2/7, 24, 16, 
2020/2/8, 24, 15, 
2020/2/9, 19, 16, 
2020/2/10, 20, 18, 
2020/2/11, 16, 20, 
2020/2/12, 24, 15, 
2020/2/13, 16, 17, 
2020/2/14, 20, 17, 
2020/2/15, 25, 12, 
2020/2/16, 30, 9, 
2020/2/17, 17, 11, 
2020/2/18, 22, 21, 
2020/2/19, 31, 19, 
2020/2/20, 29, 20, 
2020/2/21, 22, 64, 
2020/2/22, 30, 55, 
2020/2/23, 41, 26, 
2020/2/24, 37, 17, 
2020/2/25, 25, 18, 
2020/2/26, 37, 18, 
2020/2/27, 23, 17, 
2020/2/28, 25, 15, 
2020/2/29, 17, 16, 
2020/3/1, 21, 16, 
2020/3/2, 19, 17, 
2020/3/3, 21, 35, 
2020/3/4, 50, 31, 
2020/3/5, 37, 26, 
2020/3/6, 20, 25, 
2020/3/7, 31, 18, 
2020/3/8, 34, 19, 
2020/3/9, 48, 20, 
2020/3/10, 27, 27, 
2020/3/11, 43, 16, 
2020/3/12, 21, 15, 
2020/3/13, 22, 14, 
2020/3/14, 28, 22, 
2020/3/15, 57, 10, 
2020/3/16, 29, 14, 
2020/3/17, 25, 16, 
2020/3/18, 38, 20, 
2020/3/19, 30, 19, 
2020/3/20, 36, 23, 
2020/3/21, 24, 18, 
2020/3/22, 36, 16, 
2020/3/23, 29, 20, 
2020/3/24, 45, 14, 
2020/3/25, 43, 11, 
2020/3/26, 33, 23, 
2020/3/27, 41, 19, 
2020/3/28, 44, 19, 
2020/3/29, 34, 17, 
2020/3/30, 58, , 
2019/10/2, 116, 51, 
2019/10/3, 154, 33, 
2019/10/4, 86, 49, 
2019/10/5, 111, 32, 
2019/10/6, 84, 14, 
2019/10/7, 46, 24, 
2019/10/8, 50, 40, 
2019/10/9, 85, 43, 
2019/10/10, 85, 39, 
2019/10/11, 69, 34, 
2019/10/12, 74, 24, 
2019/10/13, 58, 19, 
2019/10/14, 50, 54, 
2019/10/15, 52, 50, 
2019/10/16, 78, 44, 
2019/10/17, 83, 43, 
2019/10/18, 69, 62, 
2019/10/19, 67, 42, 
2019/10/20, 52, 20, 
2019/10/21, 42, 49, 
2019/10/22, 50, 19, 
2019/10/23, 50, 21, 
2019/10/24, 48, 23, 
2019/10/25, 56, 15, 
2019/10/26, 53, 15, 
2019/10/27, 35, 16, 
2019/10/28, 53, 13, 
2019/10/29, 34, 17, 
2019/10/30, 42, 33, 
2019/10/31, 71, 20, 
2019/11/1, 62, 20, 
2019/11/2, 35, 58, 
2019/11/3, 133, 35, 
2019/11/4, 88, 21, 
2019/11/5, 53, 47, 
2019/11/6, 90, 20, 
2019/11/7, 56, 22, 
2019/11/8, 35, 24, 
2019/11/9, 32, 19, 
2019/11/10, 29, 13, 
2019/11/11, 18, 25, 
2019/11/12, 38, 21, 
2019/11/13, 42, 15, 
2019/11/14, 19, 20, 
2019/11/15, 27, 16, 
2019/11/16, 21, 18, 
2019/11/17, 48, 14, 
2019/11/18, 34, 15, 
2019/11/19, 48, 18, 
2019/11/20, 41, 21, 
2019/11/21, 52, 18, 
2019/11/22, 28, 30, 
2019/11/23, 23, 34, 
2019/11/24, 44, 16, 
2019/11/25, 25, 12, 
2019/11/26, 27, 11, 
2019/11/27, 31, 14, 
2019/11/28, 36, 12, 
2019/11/29, 40, 14, 
2019/11/30, 28, 14, 
2019/12/1, 36, 10, 
2019/12/2, 28, 14, 
2019/12/3, 22, 18, 
2019/12/4, 24, 18, 
2019/12/5, 31, 16, 
2019/12/6, 33, 16, 
2019/12/7, 25, 15, 
2019/12/8, 24, 11, 
2019/12/9, 21, 14, 
2019/12/10, 15, 13, 
2019/12/11, 15, 12, 
2019/12/12, 16, 19, 
2019/12/13, 33, 17, 
2019/12/14, 21, 16, 
2019/12/15, 26, 18, 
2019/12/16, 32, 17, 
2019/12/17, 29, 16, 
2019/12/18, 29, 12, 
2019/12/19, 16, 24, 
2019/12/20, 44, 21, 
2019/12/21, 63, 14, 
2019/12/22, 17, 13, 
2019/12/23, 11, 10, 
2019/12/24, 10, 4, 
2019/12/25, 31, 3, 
2019/12/26, 45, 4, 
2019/12/27, 23, 10, 
2019/12/28, 17, 13, 
2019/12/30, 17, , 
2019/7/2, 218, 158, 
2019/7/3, 184, 173, 
2019/7/4, 149, 145, 
2019/7/5, 220, 164, 
2019/7/6, 195, 172, 
2019/7/7, 249, 210, 
2019/7/8, 200, 107, 
2019/7/9, 79, 34, 
2019/7/10, 75, 31, 
2019/7/11, 72, 28, 
2019/7/12, 73, 28, 
2019/7/13, 74, 21, 
2019/7/14, 55, 37, 
2019/7/15, 58, 71, 
2019/7/16, 125, 50, 
2019/7/17, 128, 40, 
2019/7/18, 60, 45, 
2019/7/19, 105, 28, 
2019/7/20, 59, 42, 
2019/7/21, 83, 65, 
2019/7/22, 93, 230, 
2019/7/23, 195, 177, 
2019/7/24, 287, 202, 
2019/7/25, 206, 174, 
2019/7/26, 246, 146, 
2019/7/27, 127, 127, 
2019/7/28, 187, 129, 
2019/7/29, 263, 28, 
2019/7/30, 76, 31, 
2019/7/31, 62, 40, 
2019/8/1, 86, 66, 
2019/8/2, 85, 150, 
2019/8/3, 170, 115, 
2019/8/4, 195, 41, 
2019/8/5, 98, 33, 
2019/8/6, 68, 45, 
2019/8/7, 87, 91, 
2019/8/8, 151, 56, 
2019/8/9, 145, 65, 
2019/8/10, 141, 23, 
2019/8/11, 77, 66, 
2019/8/12, 81, 95, 
2019/8/13, 176, 109, 
2019/8/14, 188, 97, 
2019/8/15, 171, 46, 
2019/8/16, 162, 17, 
2019/8/17, 74, 23, 
2019/8/18, 79, 55, 
2019/8/19, 138, 99, 
2019/8/20, 163, 291, 
2019/8/21, 175, 295, 
2019/8/22, 145, 123, 
2019/8/23, 238, 56, 
2019/8/24, 152, 47, 
2019/8/25, 78, 53, 
2019/8/26, 143, 60, 
2019/8/27, 60, 67, 
2019/8/28, 170, 29, 
2019/8/29, 58, 35, 
2019/8/30, 73, 41, 
2019/8/31, 92, 48, 
2019/9/1, 109, 30, 
2019/9/2, 84, 31, 
2019/9/3, 71, 31, 
2019/9/4, 72, 45, 
2019/9/5, 75, 77, 
2019/9/6, 139, 65, 
2019/9/7, 153, 40, 
2019/9/8, 97, 23, 
2019/9/9, 68, 28, 
2019/9/10, 56, 34, 
2019/9/11, 72, 81, 
2019/9/12, 142, 45, 
2019/9/13, 86, 43, 
2019/9/14, 109, 19, 
2019/9/15, 57, 44, 
2019/9/16, 76, 65, 
2019/9/17, 154, 47, 
2019/9/18, 121, 35, 
2019/9/19, 89, 31, 
2019/9/20, 72, 24, 
2019/9/21, 77, 24, 
2019/9/22, 54, 23, 
2019/9/23, 67, 67, 
2019/9/24, 126, 43, 
2019/9/25, 84, 32, 
2019/9/26, 36, 42, 
2019/9/27, 37, 45, 
2019/9/28, 60, 17, 
2019/9/29, 34, 16, 
2019/9/30, 36, 26, 
2019/10/1, 59, 44, 
2019/4/3, 41, 28, 
2019/4/4, 61, 39, 
2019/4/5, 56, 38, 
2019/4/6, 136, 78, 
2019/4/7, 113, 54, 
2019/4/8, 76, 40, 
2019/4/9, 75, 41, 
2019/4/10, 51, 27, 
2019/4/11, 44, 34, 
2019/4/12, 48, 63, 
2019/4/13, 163, 108, 
2019/4/14, 164, 100, 
2019/4/15, 82, 97, 
2019/4/16, 190, 172, 
2019/4/17, 195, 126, 
2019/4/18, 56, 24, 
2019/4/19, 62, 41, 
2019/4/20, 164, 120, 
2019/4/21, 73, 28, 
2019/4/22, 51, 29, 
2019/4/23, 90, 39, 
2019/4/24, 57, 32, 
2019/4/25, 139, 91, 
2019/4/26, 160, 84, 
2019/4/27, 155, 74, 
2019/4/28, 70, 32, 
2019/4/29, 87, 55, 
2019/4/30, 154, 96, 
2019/5/1, 172, 106, 
2019/5/2, 69, 23, 
2019/5/3, 34, 29, 
2019/5/4, 112, 53, 
2019/5/5, 70, 32, 
2019/5/6, 97, 52, 
2019/5/7, 137, 81, 
2019/5/8, 131, 155, 
2019/5/9, 180, 93, 
2019/5/10, 99, 57, 
2019/5/11, 111, 48, 
2019/5/12, 49, 23, 
2019/5/13, 52, 30, 
2019/5/14, 127, 100, 
2019/5/15, 200, 219, 
2019/5/16, 260, 234, 
2019/5/17, 263, 206, 
2019/5/18, 91, 58, 
2019/5/19, 137, 64, 
2019/5/20, 118, 54, 
2019/5/21, 64, 30, 
2019/5/22, 118, 62, 
2019/5/23, 84, 52, 
2019/5/24, 146, 61, 
2019/5/25, 104, 61, 
2019/5/26, 143, 74, 
2019/5/27, 142, 71, 
2019/5/28, 159, 95, 
2019/5/29, 168, 127, 
2019/5/30, 194, 140, 
2019/5/31, 155, 70, 
2019/6/1, 65, 32, 
2019/6/2, 79, 38, 
2019/6/3, 73, 41, 
2019/6/4, 79, 36, 
2019/6/5, 62, 27, 
2019/6/6, 66, 30, 
2019/6/7, 81, 49, 
2019/6/8, 115, 47, 
2019/6/9, 77, 29, 
2019/6/10, 66, 37, 
2019/6/11, 177, 186, 
2019/6/12, 250, 157, 
2019/6/13, 170, 80, 
2019/6/14, 130, 75, 
2019/6/15, 156, 67, 
2019/6/16, 132, 71, 
2019/6/17, 160, 110, 
2019/6/18, 203, 137, 
2019/6/19, 174, 120, 
2019/6/20, 167, 114, 
2019/6/21, 186, 116, 
2019/6/22, 96, 39, 
2019/6/23, 72, 49, 
2019/6/24, 135, 51, 
2019/6/25, 60, 46, 
2019/6/26, 138, 52, 
2019/6/27, 68, 37, 
2019/6/28, 109, 51, 
2019/6/29, 125, 70, 
2019/6/30, 194, 149, 
2019/7/1, 151, 157, 
2019/1/2, 34, 40, 
2019/1/3, 20, 60, 
2019/1/4, 21, 75, 
2019/1/5, 23, 52, 
2019/1/6, 21, 23, 
2019/1/7, 18, 12, 
2019/1/8, 12, 11, 
2019/1/9, 19, 15, 
2019/1/10, 23, 41, 
2019/1/11, 51, 41, 
2019/1/12, 33, 24, 
2019/1/13, 30, 12, 
2019/1/14, 17, 51, 
2019/1/15, 26, 50, 
2019/1/16, 33, 70, 
2019/1/17, 23, 76, 
2019/1/18, 29, 64, 
2019/1/19, 28, 42, 
2019/1/20, 25, 24, 
2019/1/21, 19, 43, 
2019/1/22, 17, 56, 
2019/1/23, 28, 80, 
2019/1/24, 36, 75, 
2019/1/25, 33, 54, 
2019/1/26, 29, 44, 
2019/1/27, 19, 25, 
2019/1/28, 16, 42, 
2019/1/29, 20, 46, 
2019/1/30, 25, 68, 
2019/1/31, 30, 61, 
2019/2/1, 38, 99, 
2019/2/2, 30, 120, 
2019/2/3, 34, 89, 
2019/2/4, 31, 73, 
2019/2/5, 35, 53, 
2019/2/6, 32, 73, 
2019/2/7, 32, 92, 
2019/2/8, 27, 86, 
2019/2/9, 31, 53, 
2019/2/10, 27, 20, 
2019/2/11, 23, 40, 
2019/2/12, 20, 65, 
2019/2/13, 21, 61, 
2019/2/14, 32, 105, 
2019/2/15, 35, 69, 
2019/2/16, 29, 33, 
2019/2/17, 21, 19, 
2019/2/18, 17, 27, 
2019/2/19, 11, 58, 
2019/2/20, 15, 52, 
2019/2/21, 29, 45, 
2019/2/22, 32, 29, 
2019/2/23, 47, 15, 
2019/2/24, 34, 12, 
2019/2/25, 13, 60, 
2019/2/26, 23, 67, 
2019/2/27, 35, 54, 
2019/2/28, 33, 56, 
2019/3/1, 47, 55, 
2019/3/2, 47, 30, 
2019/3/3, 27, 25, 
2019/3/4, 32, 23, 
2019/3/5, 19, 29, 
2019/3/6, 29, 18, 
2019/3/7, 22, 18, 
2019/3/8, 26, 29, 
2019/3/9, 31, 23, 
2019/3/10, 27, 20, 
2019/3/11, 18, 40, 
2019/3/12, 35, 57, 
2019/3/13, 53, 57, 
2019/3/14, 43, 60, 
2019/3/15, 27, 47, 
2019/3/16, 37, 31, 
2019/3/17, 30, 28, 
2019/3/18, 44, 31, 
2019/3/19, 37, 62, 
2019/3/20, 69, 59, 
2019/3/21, 57, 50, 
2019/3/22, 56, 35, 
2019/3/23, 51, 23, 
2019/3/24, 31, 20, 
2019/3/25, 36, 48, 
2019/3/26, 25, 63, 
2019/3/27, 47, 62, 
2019/3/28, 51, 53, 
2019/3/29, 55, 35, 
2019/3/30, 46, , 
2018/10/2, 139, 41, 
2018/10/3, 81, 65, 
2018/10/4, 135, 45, 
2018/10/5, 91, 50, 
2018/10/6, 64, 45, 
2018/10/7, 79, 22, 
2018/10/8, 52, 27, 
2018/10/9, 53, 40, 
2018/10/10, 88, 57, 
2018/10/11, 113, 38, 
2018/10/12, 61, 42, 
2018/10/13, 52, 67, 
2018/10/14, 123, 22, 
2018/10/15, 57, 13, 
2018/10/16, 22, 18, 
2018/10/17, 33, 21, 
2018/10/18, 60, 40, 
2018/10/19, 74, 25, 
2018/10/20, 58, 24, 
2018/10/21, 50, 31, 
2018/10/22, 37, 74, 
2018/10/23, 153, 54, 
2018/10/24, 61, 59, 
2018/10/25, 48, 83, 
2018/10/26, 160, 27, 
2018/10/27, 59, 18, 
2018/10/28, 34, 10, 
2018/10/29, 26, 14, 
2018/10/30, 24, 26, 
2018/10/31, 43, 31, 
2018/11/1, 60, 33, 
2018/11/2, 60, 22, 
2018/11/3, 62, 15, 
2018/11/4, 33, 19, 
2018/11/5, 21, 29, 
2018/11/6, 55, 47, 
2018/11/7, 56, 53, 
2018/11/8, 59, 45, 
2018/11/9, 48, 22, 
2018/11/10, 25, 33, 
2018/11/11, 54, 34, 
2018/11/12, 92, 20, 
2018/11/13, 44, 18, 
2018/11/14, 31, 19, 
2018/11/15, 39, 35, 
2018/11/16, 53, 50, 
2018/11/17, 68, 33, 
2018/11/18, 69, 14, 
2018/11/19, 44, 24, 
2018/11/20, 34, 26, 
2018/11/21, 27, 15, 
2018/11/22, 23, 42, 
2018/11/23, 77, 38, 
2018/11/24, 57, , 
2018/11/27, 37, 79, 
2018/11/28, 48, 66, 
2018/11/29, 47, 53, 
2018/11/30, 48, , 
2018/12/3, 38, 72, 
2018/12/4, 45, 70, 
2018/12/5, 47, 85, 
2018/12/6, 45, 112, 
2018/12/7, 52, 89, 
2018/12/8, 54, 44, 
2018/12/9, 44, 16, 
2018/12/10, 31, 16, 
2018/12/11, 27, 14, 
2018/12/12, 39, 36, 
2018/12/13, 50, 30, 
2018/12/14, 38, 19, 
2018/12/15, 20, 14, 
2018/12/16, 13, 6, 
2018/12/17, 10, 6, 
2018/12/18, 16, 4, 
2018/12/19, 29, 3, 
2018/12/20, 31, 31, 
2018/12/21, 26, 53, 
2018/12/22, 24, 37, 
2018/12/23, 27, 19, 
2018/12/24, 22, 31, 
2018/12/25, 16, 18, 
2018/12/26, 17, 38, 
2018/12/27, 14, 60, 
2018/12/28, 24, 52, 
2018/12/29, 20, 23, 
2018/12/30, 12, 16, 
2018/12/31, 19, , 
2018/7/2, 99, 62, 
2018/7/3, 128, 150, 
2018/7/4, 184, 142, 
2018/7/5, 259, 51, 
2018/7/6, 134, 69, 
2018/7/7, 137, 64, 
2018/7/8, 146, 124, 
2018/7/9, 176, 133, 
2018/7/10, 198, 112, 
2018/7/11, 209, 72, 
2018/7/12, 172, 37, 
2018/7/13, 90, 43, 
2018/7/14, 114, 36, 
2018/7/15, 74, 78, 
2018/7/16, 140, 181, 
2018/7/17, 180, 165, 
2018/7/18, 221, 141, 
2018/7/19, 230, 170, 
2018/7/20, 211, 185, 
2018/7/21, 274, 52, 
2018/7/22, 122, 123, 
2018/7/23, 136, 131, 
2018/7/24, 231, 119, 
2018/7/26, 141, 47, 
2018/7/27, 109, 51, 
2018/7/28, 148, 57, 
2018/7/29, 144, 83, 
2018/7/30, 104, 100, 
2018/7/31, 190, 81, 
2018/8/1, 173, 95, 
2018/8/3, 98, 40, 
2018/8/4, 97, 28, 
2018/8/5, 81, 16, 
2018/8/6, 74, 24, 
2018/8/7, 64, 88, 
2018/8/8, 129, 179, 
2018/8/9, 187, 186, 
2018/8/10, 276, 95, 
2018/8/11, 192, 55, 
2018/8/12, 150, 26, 
2018/8/13, 79, 66, 
2018/8/14, 79, 149, 
2018/8/15, 191, 141, 
2018/8/16, 217, 47, 
2018/8/17, 134, 30, 
2018/8/18, 80, 53, 
2018/8/19, 112, 79, 
2018/8/20, 164, 83, 
2018/8/21, 128, 128, 
2018/8/22, 190, 44, 
2018/8/23, 118, 53, 
2018/8/24, 86, 111, 
2018/8/25, 176, 41, 
2018/8/26, 100, 47, 
2018/8/27, 102, 36, 
2018/8/28, 111, 30, 
2018/8/29, 89, 40, 
2018/8/30, 79, 63, 
2018/8/31, 119, 86, 
2018/9/1, 131, 142, 
2018/9/2, 192, 52, 
2018/9/3, 92, 103, 
2018/9/4, 169, 71, 
2018/9/5, 157, 49, 
2018/9/6, 110, 68, 
2018/9/7, 76, 111, 
2018/9/8, 185, 85, 
2018/9/9, 168, 46, 
2018/9/10, 86, 98, 
2018/9/11, 168, 60, 
2018/9/12, 139, 74, 
2018/9/13, 141, 105, 
2018/9/14, 172, 62, 
2018/9/15, 115, 76, 
2018/9/16, 150, 25, 
2018/9/17, 62, 23, 
2018/9/18, 41, 34, 
2018/9/19, 73, 21, 
2018/9/20, 59, 17, 
2018/9/21, 45, 23, 
2018/9/22, 50, 21, 
2018/9/23, 50, 27, 
2018/9/24, 58, 60, 
2018/9/25, 117, 41, 
2018/9/26, 77, 41, 
2018/9/27, 92, 34, 
2018/9/28, 83, 25, 
2018/9/29, 58, 21, 
2018/9/30, 64, 28, 
2018/10/1, 63, 62, 
2018/4/2, 57, 54, 
2018/4/3, 104, 36, 
2018/4/4, 79, 24, 
2018/4/5, 54, 43, 
2018/4/6, 72, 72, 
2018/4/7, 146, 71, 
2018/4/8, 159, 53, 
2018/4/9, 147, 20, 
2018/4/10, 76, 29, 
2018/4/11, 59, 68, 
2018/4/12, 118, 72, 
2018/4/13, 165, 63, 
2018/4/14, 133, 94, 
2018/4/15, 165, 81, 
2018/4/16, 172, 47, 
2018/4/17, 90, 126, 
2018/4/18, 173, 102, 
2018/4/19, 191, 29, 
2018/4/20, 96, 62, 
2018/4/21, 69, 61, 
2018/4/22, 164, 31, 
2018/4/23, 66, 99, 
2018/4/24, 163, 112, 
2018/4/25, 169, 73, 
2018/4/26, 166, 31, 
2018/4/27, 71, 67, 
2018/4/28, 100, 82, 
2018/4/29, 176, 35, 
2018/4/30, 84, 84, 
2018/5/1, 153, 48, 
2018/5/2, 128, 30, 
2018/5/3, 79, 72, 
2018/5/4, 134, 54, 
2018/5/5, 145, 80, 
2018/5/6, 131, 121, 
2018/5/7, 174, 94, 
2018/5/8, 190, 63, 
2018/5/9, 153, 96, 
2018/5/10, 104, 71, 
2018/5/11, 179, 45, 
2018/5/12, 97, 34, 
2018/5/13, 131, 18, 
2018/5/14, 61, 31, 
2018/5/15, 65, 69, 
2018/5/16, 125, 101, 
2018/5/17, 183, 55, 
2018/5/18, 116, 113, 
2018/5/19, 163, 79, 
2018/5/20, 174, 66, 
2018/5/21, 126, 152, 
2018/5/22, 195, 208, 
2018/5/23, 223, 164, 
2018/5/24, 279, 119, 
2018/5/25, 202, 88, 
2018/5/26, 179, 46, 
2018/5/27, 95, 36, 
2018/5/28, 121, 44, 
2018/5/29, 72, 91, 
2018/5/30, 168, 58, 
2018/5/31, 158, 36, 
2018/6/1, 95, 40, 
2018/6/2, 97, 131, 
2018/6/3, 183, 309, 
2018/6/4, 241, 354, 
2018/6/5, 451, 143, 
2018/6/6, 188, 135, 
2018/6/7, 235, 116, 
2018/6/8, 210, 103, 
2018/6/9, 157, 89, 
2018/6/10, 187, 63, 
2018/6/11, 132, 86, 
2018/6/12, 167, 113, 
2018/6/13, 176, 102, 
2018/6/14, 196, 49, 
2018/6/15, 132, 33, 
2018/6/16, 98, 34, 
2018/6/17, 80, 38, 
2018/6/18, 106, 23, 
2018/6/19, 73, 155, 
2018/6/20, 84, 117, 
2018/6/21, 228, 50, 
2018/6/22, 133, 73, 
2018/6/23, 118, 115, 
2018/6/24, 174, 114, 
2018/6/25, 217, 31, 
2018/6/26, 101, 46, 
2018/6/27, 129, 48, 
2018/6/28, 98, 47, 
2018/6/29, 95, 28, 
2018/6/30, 73, 24, 
2018/7/1, 80, 39, 
2018/1/2, 36, 11, 
2018/1/3, 31, 7, 
2018/1/4, 26, 14, 
2018/1/5, 37, 17, 
2018/1/6, 52, 13, 
2018/1/7, 44, 8, 
2018/1/8, 31, 21, 
2018/1/9, 26, 25, 
2018/1/10, 29, 31, 
2018/1/11, 32, 37, 
2018/1/12, 41, 29, 
2018/1/13, 34, 30, 
2018/1/14, 39, 17, 
2018/1/15, 32, 34, 
2018/1/16, 30, 37, 
2018/1/17, 37, 30, 
2018/1/18, 37, 36, 
2018/1/19, 26, 47, 
2018/1/20, 28, 27, 
2018/1/21, 25, 15, 
2018/1/22, 26, 38, 
2018/1/23, 44, 58, 
2018/1/24, 48, 64, 
2018/1/25, 53, 52, 
2018/1/26, 54, 42, 
2018/1/27, 50, 19, 
2018/1/28, 34, 17, 
2018/1/29, 34, 25, 
2018/1/30, 39, 27, 
2018/1/31, 28, 43, 
2018/2/1, 36, 50, 
2018/2/2, 38, 41, 
2018/2/3, 37, 22, 
2018/2/4, 32, 14, 
2018/2/5, 30, 42, 
2018/2/6, 30, 49, 
2018/2/7, 38, 39, 
2018/2/8, 36, 46, 
2018/2/9, 37, 77, 
2018/2/10, 57, 15, 
2018/2/11, 37, 9, 
2018/2/12, 31, 40, 
2018/2/13, 33, 37, 
2018/2/14, 35, 48, 
2018/2/15, 49, 37, 
2018/2/16, 35, 43, 
2018/2/17, 41, 30, 
2018/2/18, 38, 21, 
2018/2/19, 34, 48, 
2018/2/20, 43, 52, 
2018/2/21, 50, 35, 
2018/2/22, 50, 18, 
2018/2/23, 57, 19, 
2018/2/24, 46, 23, 
2018/2/25, 40, 10, 
2018/2/26, 30, 18, 
2018/3/3, 44, 29, 
2018/3/4, 39, 13, 
2018/3/5, 31, 24, 
2018/3/6, 41, 30, 
2018/3/7, 37, 36, 
2018/3/8, 40, 30, 
2018/3/9, 41, 18, 
2018/3/10, 39, 20, 
2018/3/11, 64, 14, 
2018/3/12, 45, 23, 
2018/3/13, 55, 24, 
2018/3/14, 75, 21, 
2018/3/15, 50, 26, 
2018/3/16, 77, 29, 
2018/3/17, 58, 34, 
2018/3/18, 83, 34, 
2018/3/19, 88, 32, 
2018/3/20, 83, 34, 
2018/3/21, 63, 38, 
2018/3/22, 87, 23, 
2018/3/23, 63, 30, 
2018/3/24, 60, 39, 
2018/3/25, 98, 49, 
2018/3/26, 118, 58, 
2018/3/27, 121, 42, 
2018/3/28, 115, 19, 
2018/3/29, 57, 48, 
2018/3/30, 82, 30, 
2018/3/31, 80, 16, 
2018/4/1, 48, 20, 
2017/10/2, 47, 29, 
2017/10/3, 54, 31, 
2017/10/4, 93, 29, 
2017/10/6, 56, 67, 
2017/10/7, 77, 71, 
2017/10/8, 165, 33, 
2017/10/9, 88, 23, 
2017/10/11, 87, 75, 
2017/10/12, 160, 23, 
2017/10/13, 60, 32, 
2017/10/14, 64, 36, 
2017/10/15, 62, 80, 
2017/10/18, 39, 53, 
2017/10/19, 106, 44, 
2017/10/20, 109, 23, 
2017/10/21, 60, 65, 
2017/10/22, 117, 78, 
2017/10/26, 54, 26, 
2017/10/27, 62, 14, 
2017/10/28, 39, 15, 
2017/10/29, 25, 18, 
2017/10/30, 52, 21, 
2017/10/31, 60, 19, 
2017/11/1, 57, 17, 
2017/11/2, 50, 39, 
2017/11/3, 66, 39, 
2017/11/4, 111, 24, 
2017/11/6, 43, 28, 
2017/11/7, 53, 20, 
2017/11/8, 51, 29, 
2017/11/9, 48, 32, 
2017/11/10, 55, 37, 
2017/11/11, 49, 34, 
2017/11/12, 59, 13, 
2017/11/13, 34, 20, 
2017/11/14, 22, 35, 
2017/11/15, 39, 26, 
2017/11/16, 66, 18, 
2017/11/17, 49, 25, 
2017/11/18, 55, 24, 
2017/11/19, 66, 18, 
2017/11/20, 49, 37, 
2017/11/21, 50, 44, 
2017/11/22, 47, 33, 
2017/11/24, 46, 71, 
2017/11/25, 53, 47, 
2017/11/26, 42, 20, 
2017/11/27, 27, 67, 
2017/11/28, 41, 67, 
2017/11/29, 55, 54, 
2017/11/30, 56, 75, 
2017/12/1, 53, 115, 
2017/12/2, 53, 60, 
2017/12/3, 52, 26, 
2017/12/4, 54, 60, 
2017/12/5, 46, 44, 
2017/12/6, 47, 44, 
2017/12/7, 38, 48, 
2017/12/8, 36, 29, 
2017/12/9, 34, 13, 
2017/12/10, 13, 15, 
2017/12/11, 11, 37, 
2017/12/12, 15, 45, 
2017/12/13, 32, 71, 
2017/12/14, 30, 56, 
2017/12/15, 21, 26, 
2017/12/16, 19, 16, 
2017/12/17, 20, 15, 
2017/12/18, 38, 23, 
2017/12/19, 25, 32, 
2017/12/20, 29, 20, 
2017/12/21, 28, 23, 
2017/12/22, 42, 17, 
2017/12/23, 26, 14, 
2017/12/24, 29, 8, 
2017/12/25, 27, 4, 
2017/12/26, 22, 7, 
2017/12/27, 15, 10, 
2017/12/28, 16, 17, 
2017/12/29, 8, 14, 
2017/12/30, 6, 12, 
2017/12/31, 7, 6, 
2018/1/1, 28, 9, 
2017/7/2, 160, 35, 
2017/7/3, 97, 76, 
2017/7/4, 87, 162, 
2017/7/5, 203, 90, 
2017/7/6, 192, 82, 
2017/7/7, 168, 56, 
2017/7/8, 146, 33, 
2017/7/9, 93, 125, 
2017/7/10, 127, 145, 
2017/7/11, 240, 106, 
2017/7/12, 211, 66, 
2017/7/13, 169, 38, 
2017/7/14, 100, 50, 
2017/7/15, 102, 130, 
2017/7/16, 155, 258, 
2017/7/17, 362, 118, 
2017/7/18, 185, 121, 
2017/7/19, 250, 51, 
2017/7/20, 132, 50, 
2017/7/21, 101, 44, 
2017/7/22, 112, 23, 
2017/7/23, 74, 22, 
2017/7/24, 65, 33, 
2017/7/25, 73, 37, 
2017/7/26, 96, 24, 
2017/7/27, 73, 26, 
2017/7/28, 59, 38, 
2017/7/29, 82, 82, 
2017/7/30, 152, 39, 
2017/7/31, 117, 30, 
2017/8/1, 69, 35, 
2017/8/2, 95, 66, 
2017/8/3, 133, 134, 
2017/8/4, 187, 108, 
2017/8/5, 190, 20, 
2017/8/6, 72, 27, 
2017/8/7, 68, 46, 
2017/8/8, 111, 25, 
2017/8/9, 81, 17, 
2017/8/10, 54, 32, 
2017/8/11, 83, 30, 
2017/8/12, 95, 25, 
2017/8/13, 73, 19, 
2017/8/14, 54, 22, 
2017/8/15, 62, 147, 
2017/8/16, 78, 174, 
2017/8/17, 285, 23, 
2017/8/18, 80, 22, 
2017/8/19, 54, 53, 
2017/8/20, 71, 52, 
2017/8/21, 153, 21, 
2017/8/22, 77, 28, 
2017/8/23, 54, 21, 
2017/8/24, 76, 50, 
2017/8/25, 58, 67, 
2017/8/26, 167, 47, 
2017/8/27, 98, 52, 
2017/8/28, 125, 71, 
2017/8/29, 153, 54, 
2017/8/30, 143, 61, 
2017/8/31, 141, 34, 
2017/9/1, 77, 31, 
2017/9/2, 79, 64, 
2017/9/3, 92, 78, 
2017/9/4, 170, 87, 
2017/9/5, 168, 52, 
2017/9/6, 143, , 
2017/9/11, 171, 31, 
2017/9/12, 80, 75, 
2017/9/13, 138, 40, 
2017/9/14, 103, 42, 
2017/9/15, 64, 120, 
2017/9/16, 191, 68, 
2017/9/17, 155, 124, 
2017/9/18, 167, 105, 
2017/9/19, 187, 17, 
2017/9/21, 71, 74, 
2017/9/22, 161, 58, 
2017/9/23, 123, 55, 
2017/9/24, 135, 35, 
2017/9/25, 55, 61, 
2017/9/26, 142, 27, 
2017/9/27, 72, 46, 
2017/9/28, 77, 67, 
2017/9/30, 58, 16, 
2017/10/1, 56, 14, 
2017/4/2, 143, 19, 
2017/4/3, 62, 19, 
2017/4/4, 42, 22, 
2017/4/5, 71, 29, 
2017/4/6, 69, 32, 
2017/4/7, 65, 47, 
2017/4/8, 106, 76, 
2017/4/9, 163, 73, 
2017/4/10, 167, 40, 
2017/4/11, 111, 24, 
2017/4/12, 69, 44, 
2017/4/13, 83, 83, 
2017/4/14, 158, 55, 
2017/4/15, 124, 40, 
2017/4/16, 88, 45, 
2017/4/17, 103, 53, 
2017/4/18, 105, 60, 
2017/4/19, 119, 34, 
2017/4/20, 81, 20, 
2017/4/21, 62, 26, 
2017/4/22, 65, 31, 
2017/4/23, 78, 44, 
2017/4/24, 95, 28, 
2017/4/25, 83, 37, 
2017/4/26, 87, 31, 
2017/4/27, 87, 20, 
2017/4/28, 64, 31, 
2017/4/29, 64, 90, 
2017/4/30, 160, 57, 
2017/5/1, 148, 22, 
2017/5/2, 69, 80, 
2017/5/3, 67, 94, 
2017/5/4, 186, 24, 
2017/5/5, 63, 17, 
2017/5/6, 55, 22, 
2017/5/7, 60, 29, 
2017/5/8, 73, 60, 
2017/5/9, 135, 47, 
2017/5/10, 127, 87, 
2017/5/11, 144, 79, 
2017/5/12, 172, 68, 
2017/5/13, 163, 25, 
2017/5/14, 70, 18, 
2017/5/15, 46, 26, 
2017/5/16, 66, 20, 
2017/5/17, 66, 109, 
2017/5/18, 76, 194, 
2017/5/19, 246, 180, 
2017/5/20, 224, 114, 
2017/5/21, 204, 35, 
2017/5/22, 68, 111, 
2017/5/23, 157, 149, 
2017/5/24, 191, 203, 
2017/5/25, 235, 144, 
2017/5/26, 254, 96, 
2017/5/27, 187, 38, 
2017/5/28, 115, 32, 
2017/5/29, 92, 35, 
2017/5/30, 112, 39, 
2017/5/31, 103, 37, 
2017/6/1, 94, 128, 
2017/6/2, 121, 68, 
2017/6/3, 177, 44, 
2017/6/4, 113, 169, 
2017/6/5, 170, 121, 
2017/6/6, 238, 48, 
2017/6/7, 103, 38, 
2017/6/8, 97, 93, 
2017/6/9, 169, 41, 
2017/6/10, 104, 41, 
2017/6/11, 71, 239, 
2017/6/12, 200, 135, 
2017/6/13, 260, 41, 
2017/6/14, 100, 29, 
2017/6/15, 83, 31, 
2017/6/16, 70, 39, 
2017/6/17, 91, 132, 
2017/6/18, 160, 235, 
2017/6/19, 256, 301, 
2017/6/20, 357, 160, 
2017/6/21, 312, 38, 
2017/6/22, 108, 29, 
2017/6/23, 71, 84, 
2017/6/24, 126, 77, 
2017/6/25, 170, 62, 
2017/6/26, 154, 38, 
2017/6/27, 108, 41, 
2017/6/28, 96, 46, 
2017/6/29, 126, 60, 
2017/6/30, 88, 136, 
2017/7/1, 212, 64, 
2017/1/3, 10, 12, 
2017/1/4, 16, 14, 
2017/1/5, 21, 17, 
2017/1/6, 12, 17, 
2017/1/7, 19, 12, 
2017/1/8, 10, 7, 
2017/1/9, 12, 14, 
2017/1/10, 14, 19, 
2017/1/11, 39, 16, 
2017/1/12, 17, 13, 
2017/1/13, 13, 12, 
2017/1/14, 16, 13, 
2017/1/15, 17, 12, 
2017/1/16, 19, 14, 
2017/1/17, 16, 15, 
2017/1/18, 20, 26, 
2017/1/19, 29, 20, 
2017/1/20, 22, 17, 
2017/1/21, 17, 20, 
2017/1/22, 19, 18, 
2017/1/23, 16, 27, 
2017/1/24, 29, 16, 
2017/1/25, 19, 21, 
2017/1/26, 15, 29, 
2017/1/27, 18, 26, 
2017/1/28, 21, 22, 
2017/1/29, 15, 17, 
2017/1/30, 19, 21, 
2017/1/31, 20, 23, 
2017/2/1, 18, 27, 
2017/2/2, 14, 25, 
2017/2/3, 15, 12, 
2017/2/4, 16, 9, 
2017/2/5, 20, 66, 
2017/2/6, 19, 29, 
2017/2/7, 13, 44, 
2017/2/8, 19, 33, 
2017/2/9, 18, 32, 
2017/2/10, 22, 36, 
2017/2/11, 26, 15, 
2017/2/12, 21, 17, 
2017/2/13, 16, 53, 
2017/2/14, 25, 48, 
2017/2/15, 30, 30, 
2017/2/16, 20, 20, 
2017/2/17, 20, 13, 
2017/2/18, 29, 19, 
2017/2/19, 33, 9, 
2017/2/20, 20, 6, 
2017/2/21, 13, 7, 
2017/2/22, 10, 11, 
2017/2/23, 13, 15, 
2017/2/24, 9, 18, 
2017/2/25, 10, 20, 
2017/2/26, 17, 15, 
2017/2/27, 11, 23, 
2017/2/28, 19, 24, 
2017/3/1, 27, 22, 
2017/3/2, 47, 17, 
2017/3/3, 37, 19, 
2017/3/4, 54, 15, 
2017/3/5, 28, 23, 
2017/3/6, 54, 31, 
2017/3/7, 48, 23, 
2017/3/8, 48, 12, 
2017/3/9, 35, 15, 
2017/3/10, 41, 23, 
2017/3/11, 57, 36, 
2017/3/12, 68, 51, 
2017/3/13, 139, 22, 
2017/3/14, 59, 17, 
2017/3/15, 38, 18, 
2017/3/16, 43, 23, 
2017/3/17, 52, 34, 
2017/3/18, 61, 29, 
2017/3/19, 64, 14, 
2017/3/20, 40, 20, 
2017/3/21, 39, 18, 
2017/3/22, 39, 36, 
2017/3/23, 60, 39, 
2017/3/24, 58, 53, 
2017/3/25, 111, 50, 
2017/3/26, 106, 22, 
2017/3/27, 58, 23, 
2017/3/28, 49, 43, 
2017/3/29, 75, 47, 
2017/3/30, 103, 42, 
2017/3/31, 93, 51, 
2017/4/1, 99, 60, 
2016/10/2, 89, 51, 
2016/10/3, 139, 41, 
2016/10/4, 92, 51, 
2016/10/5, 70, 74, 
2016/10/6, 166, 28, 
2016/10/7, 73, 47, 
2016/10/8, 82, 59, 
2016/10/9, 118, 75, 
2016/10/10, 155, 42, 
2016/10/11, 133, 22, 
2016/10/13, 34, 44, 
2016/10/14, 80, 48, 
2016/10/15, 107, 32, 
2016/10/16, 90, 25, 
2016/10/17, 64, 35, 
2016/10/18, 62, 64, 
2016/10/19, 116, 83, 
2016/10/20, 155, 63, 
2016/10/21, 159, 32, 
2016/10/22, 66, 32, 
2016/10/23, 58, 32, 
2016/10/24, 71, 17, 
2016/10/25, 51, 18, 
2016/10/26, 49, 20, 
2016/10/27, 48, 25, 
2016/10/28, 38, 23, 
2016/10/29, 26, 26, 
2016/10/30, 43, 24, 
2016/10/31, 63, 24, 
2016/11/1, 40, 39, 
2016/11/2, 104, 19, 
2016/11/3, 56, 19, 
2016/11/4, 39, 20, 
2016/11/5, 59, 10, 
2016/11/6, 17, 9, 
2016/11/7, 9, 15, 
2016/11/8, 18, 19, 
2016/11/9, 25, 19, 
2016/11/10, 19, 21, 
2016/11/12, 24, 16, 
2016/11/13, 27, 11, 
2016/11/14, 22, 14, 
2016/11/15, 26, 16, 
2016/11/16, 43, 23, 
2016/11/17, 54, 16, 
2016/11/18, 29, 15, 
2016/11/19, 24, 13, 
2016/11/20, 12, 13, 
2016/11/21, 14, 22, 
2016/11/22, 17, 27, 
2016/11/23, 24, 25, 
2016/11/24, 28, 22, 
2016/11/25, 21, 22, 
2016/11/26, 24, 13, 
2016/11/27, 25, 9, 
2016/11/28, 23, 9, 
2016/11/29, 11, 16, 
2016/11/30, 13, 16, 
2016/12/1, 9, 13, 
2016/12/2, 15, 23, 
2016/12/3, 17, 21, 
2016/12/4, 20, 12, 
2016/12/5, 18, 10, 
2016/12/6, 19, 9, 
2016/12/7, 17, 12, 
2016/12/8, 16, 13, 
2016/12/9, 11, 14, 
2016/12/10, 14, 9, 
2016/12/11, 8, 6, 
2016/12/12, 6, 6, 
2016/12/13, 11, 18, 
2016/12/14, 32, 18, 
2016/12/15, 21, 18, 
2016/12/16, 12, 11, 
2016/12/17, 9, 12, 
2016/12/18, 19, 12, 
2016/12/19, 12, 14, 
2016/12/20, 14, 13, 
2016/12/21, 18, 12, 
2016/12/22, 31, 19, 
2016/12/23, 30, 20, 
2016/12/24, 24, 17, 
2016/12/25, 24, 8, 
2016/12/26, 31, 12, 
2016/12/27, 15, 4, 
2016/12/28, 18, 4, 
2016/12/29, 6, 5, 
2016/12/30, 6, 12, 
2016/12/31, 8, 13, 
2017/1/1, 9, 12, 
2017/1/2, 23, 8, 
2016/7/2, 181, 222, 
2016/7/3, 220, 252, 
2016/7/4, 357, 271, 
2016/7/5, 322, 121, 
2016/7/6, 256, 46, 
2016/7/7, 99, 33, 
2016/7/8, 75, 33, 
2016/7/9, 75, 25, 
2016/7/10, 59, 30, 
2016/7/11, 66, 40, 
2016/7/12, 61, 73, 
2016/7/13, 93, 70, 
2016/7/14, 161, 55, 
2016/7/15, 94, 196, 
2016/7/16, 186, 174, 
2016/7/17, 286, 59, 
2016/7/18, 125, 103, 
2016/7/19, 76, 116, 
2016/7/20, 213, 60, 
2016/7/21, 97, 136, 
2016/7/22, 185, 90, 
2016/7/23, 177, 91, 
2016/7/24, 169, 116, 
2016/7/25, 188, 77, 
2016/7/26, 165, 106, 
2016/7/27, 173, 84, 
2016/7/28, 175, 45, 
2016/7/29, 92, 34, 
2016/7/30, 76, 28, 
2016/7/31, 75, 28, 
2016/8/1, 70, 165, 
2016/8/2, 132, 146, 
2016/8/3, 259, 39, 
2016/8/4, 108, 28, 
2016/8/5, 66, 35, 
2016/8/6, 83, 50, 
2016/8/7, 128, 33, 
2016/8/8, 72, 56, 
2016/8/9, 94, 182, 
2016/8/10, 181, 131, 
2016/8/11, 246, 109, 
2016/8/12, 97, 81, 
2016/8/13, 186, 55, 
2016/8/14, 121, 34, 
2016/8/15, 90, 25, 
2016/8/16, 57, 31, 
2016/8/17, 63, 39, 
2016/8/18, 83, 32, 
2016/8/19, 73, 42, 
2016/8/20, 92, 214, 
2016/8/21, 189, 147, 
2016/8/22, 270, 86, 
2016/8/23, 160, 59, 
2016/8/24, 157, 42, 
2016/8/25, 100, 27, 
2016/8/26, 64, 46, 
2016/8/27, 75, 75, 
2016/8/28, 163, 64, 
2016/8/29, 143, 22, 
2016/8/30, 58, 22, 
2016/8/31, 45, 47, 
2016/9/1, 72, 100, 
2016/9/2, 175, 44, 
2016/9/3, 105, 38, 
2016/9/4, 68, 78, 
2016/9/5, 157, 133, 
2016/9/6, 164, 160, 
2016/9/7, 216, 82, 
2016/9/8, 168, 47, 
2016/9/9, 67, 75, 
2016/9/10, 126, 106, 
2016/9/11, 175, 75, 
2016/9/12, 169, 25, 
2016/9/13, 68, 33, 
2016/9/14, 55, 60, 
2016/9/15, 141, 29, 
2016/9/16, 77, 35, 
2016/9/17, 67, 38, 
2016/9/18, 110, 61, 
2016/9/19, 65, 76, 
2016/9/20, 168, 52, 
2016/9/21, 125, 38, 
2016/9/22, 66, 60, 
2016/9/23, 142, 50, 
2016/9/24, 88, 106, 
2016/9/25, 146, 97, 
2016/9/26, 178, 46, 
2016/9/27, 89, 27, 
2016/9/28, 58, 52, 
2016/9/29, 67, 40, 
2016/9/30, 117, 22, 
2016/10/1, 51, 48, 
2016/4/2, 81, 37, 
2016/4/3, 85, 30, 
2016/4/4, 45, 55, 
2016/4/5, 123, 50, 
2016/4/6, 110, 31, 
2016/4/7, 59, 42, 
2016/4/8, 67, 49, 
2016/4/9, 107, 32, 
2016/4/10, 59, 40, 
2016/4/11, 84, 28, 
2016/4/12, 60, 60, 
2016/4/13, 102, 36, 
2016/4/14, 80, 14, 
2016/4/15, 45, 16, 
2016/4/16, 28, 23, 
2016/4/17, 48, 32, 
2016/4/18, 70, 81, 
2016/4/19, 146, 52, 
2016/4/20, 133, 29, 
2016/4/21, 50, 91, 
2016/4/22, 97, 77, 
2016/4/23, 175, 46, 
2016/4/24, 93, 57, 
2016/4/25, 118, 89, 
2016/4/26, 173, 74, 
2016/4/27, 161, 157, 
2016/4/28, 172, 146, 
2016/4/29, 239, 147, 
2016/4/30, 201, 170, 240
2016/5/1, 199, 117, 77
2016/5/2, 219, 114, 60
2016/5/3, 151, 103, 
2016/5/4, 180, 84, 
2016/5/5, 164, 106, 
2016/5/7, 182, 91, 
2016/5/8, 151, 72, 
2016/5/9, 166, 101, 
2016/5/10, 142, 114, 
2016/5/11, 195, 108, 
2016/5/12, 196, 90, 
2016/5/13, 149, 122, 
2016/5/14, 190, 93, 
2016/5/15, 178, 75, 
2016/5/16, 166, 179, 
2016/5/17, 161, 186, 
2016/5/18, 253, 147, 
2016/5/19, 263, 95, 
2016/5/20, 179, 61, 
2016/5/21, 94, 169, 
2016/5/22, 190, 207, 
2016/5/23, 245, 233, 
2016/5/24, 316, 169, 
2016/5/25, 359, 71, 
2016/5/26, 130, 82, 
2016/5/27, 151, 169, 
2016/5/28, 182, 187, 
2016/5/29, 281, 59, 
2016/5/30, 132, 45, 
2016/5/31, 99, 63, 
2016/6/1, 109, 91, 
2016/6/2, 173, 56, 
2016/6/3, 117, 61, 
2016/6/4, 100, 79, 
2016/6/5, 165, 82, 
2016/6/6, 165, 58, 
2016/6/7, 115, 58, 
2016/6/8, 139, 55, 
2016/6/9, 121, 60, 
2016/6/10, 129, 50, 
2016/6/11, 109, 154, 
2016/6/12, 169, 121, 
2016/6/13, 213, 88, 
2016/6/14, 115, 145, 
2016/6/15, 211, 66, 
2016/6/16, 130, 87, 
2016/6/17, 162, 47, 
2016/6/18, 164, 33, 
2016/6/19, 68, 129, 
2016/6/20, 95, 95, 
2016/6/21, 201, 102, 
2016/6/22, 127, 78, 
2016/6/23, 195, 73, 
2016/6/24, 141, 108, 
2016/6/25, 167, 70, 
2016/6/26, 166, 78, 
2016/6/27, 154, 56, 
2016/6/28, 148, 43, 
2016/6/29, 96, 58, 
2016/6/30, 118, 103, 
2016/7/1, 171, 120, 
2016/1/5, 13, 16, 
2016/1/6, 16, 18, 
2016/1/7, 14, 26, 
2016/1/8, 9, 24, 
2016/1/9, 7, 22, 
2016/1/10, 6, 21, 
2016/1/11, 6, 17, 
2016/1/12, 6, 20, 
2016/1/13, 37, 22, 
2016/1/14, 30, 24, 
2016/1/15, 15, 15, 
2016/1/16, 17, 15, 
2016/1/17, 25, 13, 
2016/1/18, 18, 15, 
2016/1/19, 14, 21, 
2016/1/21, 16, 30, 
2016/1/22, 18, 21, 
2016/1/23, 11, 22, 
2016/1/24, 10, 15, 
2016/1/25, 11, 13, 
2016/1/26, 16, 9, 
2016/1/28, 10, 8, 
2016/1/29, 8, 13, 
2016/1/30, 10, 14, 
2016/1/31, 10, 19, 
2016/2/1, 7, 31, 
2016/2/2, 14, 18, 
2016/2/3, 17, 20, 
2016/2/4, 13, 18, 
2016/2/5, 9, 27, 
2016/2/6, 12, 27, 
2016/2/7, 16, 23, 
2016/2/8, 15, 19, 
2016/2/9, 12, 23, 
2016/2/10, 10, 23, 
2016/2/11, 35, 33, 
2016/2/12, 79, 25, 
2016/2/13, 19, 14, 
2016/2/14, 14, 9, 
2016/2/15, 10, 17, 
2016/2/16, 8, 14, 
2016/2/17, 7, 11, 
2016/2/18, 12, 12, 
2016/2/19, 30, 12, 
2016/2/20, 15, 15, 
2016/2/21, 12, 14, 
2016/2/22, 14, 12, 
2016/2/23, 7, 18, 
2016/2/24, 13, 16, 
2016/2/25, 12, 14, 
2016/2/26, 13, 23, 
2016/2/27, 17, 20, 
2016/2/28, 35, 14, 
2016/2/29, 15, 19, 
2016/3/1, 19, 23, 
2016/3/2, 24, 26, 
2016/3/3, 26, 19, 
2016/3/4, 16, 24, 
2016/3/5, 13, 30, 
2016/3/6, 23, 25, 
2016/3/7, 22, 24, 
2016/3/8, 19, 25, 
2016/3/9, 28, 22, 
2016/3/10, 20, 26, 
2016/3/11, 20, 27, 
2016/3/12, 22, 33, 
2016/3/13, 23, 25, 
2016/3/14, 24, 30, 
2016/3/15, 37, 25, 
2016/3/16, 25, 29, 
2016/3/17, 28, 20, 
2016/3/18, 28, 37, 
2016/3/19, 62, 20, 
2016/3/20, 30, 20, 
2016/3/21, 21, 24, 
2016/3/22, 50, 27, 
2016/3/23, 36, 27, 
2016/3/24, 33, 27, 
2016/3/25, 27, 38, 
2016/3/26, 28, 40, 
2016/3/27, 43, 34, 
2016/3/28, 38, 36, 
2016/3/29, 33, 43, 
2016/3/30, 59, 29, 
2016/3/31, 33, 42, 
2016/4/1, 96, 43, 
2015/10/2, 63, 19, 
2015/10/3, 46, 60, 
2015/10/4, 146, 18, 
2015/10/5, 45, 14, 
2015/10/6, 41, 27, 
2015/10/7, 75, 21, 
2015/10/8, 63, 56, 
2015/10/9, 149, 31, 
2015/10/10, 80, 35, 
2015/10/11, 80, 41, 
2015/10/12, 93, 52, 
2015/10/13, 119, 20, 
2015/10/14, 56, 46, 
2015/10/15, 117, 33, 
2015/10/16, 81, 51, 
2015/10/17, 137, 32, 
2015/10/18, 76, 20, 
2015/10/19, 44, 39, 
2015/10/20, 86, 24, 
2015/10/21, 46, 34, 
2015/10/22, 80, 31, 
2015/10/23, 80, 26, 
2015/10/24, 62, 56, 
2015/10/25, 50, 15, 
2015/10/26, 36, 21, 
2015/10/27, 64, 23, 
2015/10/28, 66, 18, 
2015/10/29, 42, 42, 
2015/10/30, 101, 23, 
2015/10/31, 51, 20, 
2015/11/1, 42, 17, 
2015/11/2, 30, 17, 
2015/11/3, 30, 27, 
2015/11/4, 42, 35, 
2015/11/5, 47, 36, 
2015/11/6, 38, 29, 
2015/11/7, 27, 26, 
2015/11/8, 29, 15, 
2015/11/9, 20, 13, 
2015/11/10, 30, 20, 
2015/11/12, 32, 23, 
2015/11/13, 42, 15, 
2015/11/14, 28, , 
2015/11/16, 19, 11, 
2015/11/17, 25, 29, 
2015/11/18, 76, 15, 
2015/11/19, 44, 31, 
2015/11/20, 86, 15, 
2015/11/21, 43, 14, 
2015/11/22, 42, 17, 
2015/11/23, 41, 14, 
2015/11/24, 38, 13, 
2015/11/25, 26, 12, 
2015/11/26, 18, 15, 
2015/11/27, 37, 32, 
2015/11/28, 83, 20, 
2015/11/29, 55, 11, 
2015/11/30, 19, 10, 
2015/12/1, 11, 16, 
2015/12/2, 17, 27, 
2015/12/3, 23, 28, 
2015/12/4, 19, 17, 
2015/12/5, 16, 21, 
2015/12/6, 16, 23, 
2015/12/7, 17, 13, 
2015/12/8, 19, 13, 
2015/12/9, 18, 15, 
2015/12/10, 21, 10, 
2015/12/11, 10, 11, 
2015/12/12, 12, 9, 
2015/12/13, 13, 8, 
2015/12/14, 24, 11, 
2015/12/15, 35, 17, 
2015/12/16, 48, 14, 
2015/12/17, 22, 14, 
2015/12/18, 27, 13, 
2015/12/19, 25, 16, 
2015/12/20, 17, 12, 
2015/12/21, 14, 9, 
2015/12/22, 13, 16, 
2015/12/23, 48, 5, 
2015/12/24, 31, 4, 
2015/12/25, 28, 4, 
2015/12/26, 23, 4, 
2015/12/27, 20, 7, 
2015/12/28, 23, 9, 
2015/12/29, 10, 16, 
2015/12/30, 20, 17, 
2015/12/31, 17, , 
2016/1/4, 12, 15, 
2015/7/2, 180, 104, 
2015/7/3, 166, 76, 
2015/7/4, 259, 45, 
2015/7/5, 129, 45, 
2015/7/6, 82, 28, 
2015/7/7, 71, 40, 
2015/7/8, 102, 50, 
2015/7/9, 54, 49, 
2015/7/10, 107, 135, 
2015/7/11, 260, 67, 
2015/7/12, 164, 63, 
2015/7/13, 157, 69, 
2015/7/14, 163, 92, 
2015/7/15, 186, 40, 
2015/7/16, 87, 63, 
2015/7/17, 157, 63, 
2015/7/18, 89, , 
2015/7/19, 173, , 
2015/7/20, 130, , 
2015/7/21, 199, , 
2015/7/22, 108, , 
2015/7/23, 96, , 
2015/7/24, 63, , 
2015/7/25, 63, , 
2015/7/26, 62, , 
2015/7/27, 56, 24, 
2015/7/28, 63, 31, 
2015/7/29, 87, 34, 
2015/7/30, 97, 57, 
2015/7/31, 154, 57, 
2015/8/1, 150, 18, 
2015/8/2, 61, 22, 
2015/8/3, 64, 44, 
2015/8/4, 118, 40, 
2015/8/5, 102, 21, 
2015/8/6, 61, 64, 
2015/8/7, 162, 60, 
2015/8/8, 158, 28, 
2015/8/9, 80, 26, 
2015/8/10, 74, 71, 
2015/8/11, 168, 72, 
2015/8/12, 171, 103, 
2015/8/13, 207, 70, 
2015/8/14, 168, 113, 
2015/8/15, 219, 41, 
2015/8/16, 107, 53, 
2015/8/17, 147, 26, 
2015/8/18, 77, 28, 
2015/8/19, 80, 56, 
2015/8/20, 146, 134, 
2015/8/21, 253, 66, 
2015/8/22, 158, 28, 
2015/8/23, 82, 34, 
2015/8/24, 94, 21, 
2015/8/25, 67, 20, 
2015/8/26, 63, 22, 
2015/8/27, 68, 28, 
2015/8/28, 70, 18, 
2015/8/29, 56, 24, 
2015/8/30, 68, 40, 
2015/8/31, 100, 24, 
2015/9/1, 67, 29, 
2015/9/2, 67, 33, 
2015/9/3, 71, 28, 
2015/9/4, 67, 28, 
2015/9/5, 65, 63, 
2015/9/6, 151, 56, 
2015/9/7, 144, 42, 
2015/9/8, 113, 17, 
2015/9/9, 53, 51, 
2015/9/10, 135, 41, 
2015/9/11, 103, 31, 
2015/9/12, 80, 26, 
2015/9/13, 72, 67, 
2015/9/14, 159, 61, 
2015/9/15, 154, 37, 
2015/9/16, 95, 89, 
2015/9/17, 181, 59, 
2015/9/18, 134, 43, 
2015/9/19, 111, 32, 
2015/9/20, 86, 18, 
2015/9/21, 53, 42, 
2015/9/22, 100, 70, 
2015/9/23, 156, 53, 
2015/9/24, 120, 26, 
2015/9/25, 67, 15, 
2015/9/26, 49, 55, 
2015/9/27, 146, 20, 
2015/9/28, 61, 24, 
2015/9/29, 71, 40, 
2015/9/30, 101, 20, 
2015/10/1, 60, 23, 
2015/4/17, 162, 69, 
2015/4/18, 144, 48, 
2015/4/19, 61, 22, 
2015/4/20, 78, 28, 
2015/4/21, 96, 35, 
2015/4/22, 116, 49, 
2015/4/23, 161, , 
2015/4/24, 188, , 
2015/4/25, 245, 95, 
2015/4/26, 250, 120, 
2015/4/27, 104, 41, 
2015/4/28, 182, 114, 
2015/4/29, 166, 181, 
2015/4/30, 73, 48, 
2015/5/1, 157, 65, 
2015/5/2, 104, 37, 
2015/5/3, 157, 64, 
2015/5/4, 168, 69, 
2015/5/5, 90, 31, 
2015/5/6, 211, 105, 
2015/5/7, 155, 57, 
2015/5/8, 224, 123, 
2015/5/9, 155, 78, 
2015/5/10, 74, 29, 
2015/5/11, 123, 49, 
2015/5/12, 179, 82, 
2015/5/13, 95, 39, 
2015/5/14, 102, 43, 
2015/5/15, 107, 43, 
2015/5/16, 56, 19, 
2015/5/17, 29, 10, 
2015/5/18, 51, 17, 
2015/5/19, 151, 56, 
2015/5/20, 70, 28, 
2015/5/21, 47, 17, 
2015/5/22, 67, 23, 
2015/5/23, 104, 39, 
2015/5/24, 119, 43, 
2015/5/25, 180, 82, 
2015/5/26, 178, 79, 
2015/5/27, 183, 85, 
2015/5/28, 127, 48, 
2015/5/29, 140, 51, 
2015/5/30, 84, 30, 
2015/5/31, 92, 34, 
2015/6/1, 122, 45, 
2015/6/2, 76, 26, 
2015/6/3, 53, 18, 
2015/6/4, 56, 22, 
2015/6/5, 67, 28, 
2015/6/6, 62, 22, 
2015/6/7, 61, 20, 
2015/6/8, 105, 37, 
2015/6/9, 139, 47, 
2015/6/10, 164, , 
2015/6/11, 163, 64, 
2015/6/12, 163, 65, 
2015/6/13, 158, 63, 
2015/6/14, 91, 33, 
2015/6/15, 144, 53, 
2015/6/16, 105, 40, 
2015/6/17, 128, 53, 
2015/6/18, 165, 88, 
2015/6/19, 260, 132, 
2015/6/20, 161, 67, 
2015/6/21, 162, 66, 
2015/6/22, 225, 115, 
2015/6/23, 158, 65, 
2015/6/24, 277, 143, 
2015/6/25, 370, 201, 
2015/6/26, 202, 66, 
2015/6/27, 104, 67, 
2015/6/28, 103, 50, 
2015/6/29, 173, 81, 
2015/6/30, 97, 37, 
2015/7/1, 123, 46, 
2015/1/2, 63, 18, 
2015/1/3, 32, 17, 
2015/1/4, 26, 17, 
2015/1/5, 22, 16, 
2015/1/6, 25, 22, 
2015/1/7, 27, 22, 
2015/1/8, 21, 29, 
2015/1/9, 38, 20, 
2015/1/10, 27, 19, 
2015/1/11, 22, 23, 
2015/1/12, 26, 23, 
2015/1/13, 31, 22, 
2015/1/14, 25, 23, 
2015/1/15, 27, 28, 
2015/1/16, 29, 25, 
2015/1/17, 26, 21, 
2015/1/18, 22, 18, 
2015/1/19, 20, 19, 
2015/1/20, 21, 27, 
2015/1/21, 26, 34, 
2015/1/22, 36, 25, 
2015/1/23, 30, 27, 
2015/1/24, 37, 20, 
2015/1/25, 32, 24, 
2015/1/26, 28, 22, 
2015/1/27, 26, 22, 
2015/1/28, 28, 25, 
2015/1/29, 35, 28, 
2015/1/30, 36, 30, 
2015/1/31, 37, 28, 
2015/2/1, 31, 23, 
2015/2/2, 30, 27, 
2015/2/3, 35, 30, 
2015/2/4, 41, 27, 
2015/2/5, 42, 31, 
2015/2/6, 44, 22, 
2015/2/7, 29, 19, 
2015/2/8, 27, 21, 
2015/2/9, 26, 19, 
2015/2/10, 27, 28, 
2015/2/11, 35, 31, 
2015/2/12, 46, 22, 
2015/2/13, 27, 26, 
2015/2/14, 30, 27, 
2015/2/15, 35, 21, 
2015/2/16, 37, 23, 
2015/2/17, 36, 29, 
2015/2/18, 36, 29, 
2015/2/19, 35, 34, 
2015/2/20, 47, 27, 
2015/2/21, 34, 31, 
2015/2/22, 46, 26, 
2015/2/23, 43, 29, 
2015/2/24, 39, 35, 
2015/2/25, 47, 47, 
2015/2/26, 47, 60, 
2015/2/27, 55, 48, 
2015/2/28, 61, 42, 
2015/3/1, 59, 29, 
2015/3/2, 48, 27, 
2015/3/3, 41, 23, 
2015/3/4, 40, 27, 
2015/3/5, 43, 24, 
2015/3/6, 40, 37, 
2015/3/7, 52, 22, 
2015/3/8, 47, 26, 
2015/3/9, 56, 27, 
2015/3/10, 42, 31, 
2015/3/11, 49, 27, 
2015/3/12, 40, 39, 
2015/3/13, 51, 35, 
2015/3/14, 49, 37, 
2015/3/15, 57, 34, 
2015/3/16, 43, 32, 
2015/3/17, 32, 21, 
2015/3/18, 29, 28, 
2015/3/19, 50, 32, 
2015/3/20, 51, 36, 
2015/3/21, 63, 27, 
2015/3/22, 43, 32, 
2015/3/23, 51, 36, 
2015/3/24, 61, 55, 
2015/3/25, 56, 76, 
2015/3/26, 79, 58, 
2015/3/27, 76, , 
2015/3/28, 76, 44, 
2015/3/29, 72, 33, 
2015/3/30, 52, 31, 
2015/3/31, 57, 27, 
2014/10/2, 67, 48, 
2014/10/3, 101, 27, 
2014/10/4, 66, 26, 
2014/10/5, 64, 31, 
2014/10/6, 65, , 
2014/10/7, 55, 23, 
2014/10/8, 55, 42, 
2014/10/9, 88, 49, 
2014/10/10, 105, 64, 
2014/10/11, 150, 31, 
2014/10/12, 77, 40, 
2014/10/13, 91, 63, 
2014/10/14, 138, 39, 
2014/10/15, 80, 33, 
2014/10/16, 72, 18, 
2014/10/17, 56, 19, 
2014/10/18, 56, , 
2014/10/19, 58, , 
2014/10/20, 63, , 
2014/10/21, 61, , 
2014/10/22, 51, 21, 
2014/10/23, 51, 21, 
2014/10/24, 50, 27, 
2014/10/25, 62, 46, 
2014/10/26, 75, 32, 
2014/10/27, 57, 24, 
2014/10/28, 61, 19, 
2014/10/29, 51, , 
2014/10/30, 49, , 
2014/10/31, 58, 35, 
2014/11/1, 84, , 
2014/11/2, 72, 40, 
2014/11/3, 86, 27, 
2014/11/4, 72, 43, 
2014/11/5, 94, 21, 
2014/11/6, 45, 17, 
2014/11/7, 36, 22, 
2014/11/8, 44, 20, 
2014/11/9, 35, 15, 
2014/11/10, 26, 17, 
2014/11/11, 27, 20, 
2014/11/12, 35, 30, 
2014/11/13, 60, 26, 
2014/11/14, 38, 21, 
2014/11/15, 33, 17, 
2014/11/16, 24, 16, 
2014/11/17, 24, 17, 
2014/11/18, 24, 18, 
2014/11/19, 27, 19, 
2014/11/20, 46, 19, 
2014/11/21, 48, 20, 
2014/11/22, 35, 18, 
2014/11/23, 33, 14, 
2014/11/24, 32, 14, 
2014/11/25, 39, 18, 
2014/11/26, 43, 21, 
2014/11/27, 35, 22, 
2014/11/28, 37, 16, 
2014/11/29, 34, 15, 
2014/11/30, 30, 16, 
2014/12/1, 32, 15, 
2014/12/2, 25, 20, 
2014/12/3, 29, 26, 
2014/12/4, 39, 24, 
2014/12/5, 38, 19, 
2014/12/6, 34, 19, 
2014/12/7, 37, 16, 
2014/12/8, 29, 14, 
2014/12/9, 20, 25, 
2014/12/10, 35, 27, 
2014/12/11, 31, 29, 
2014/12/12, 30, 27, 
2014/12/13, 27, 29, 
2014/12/14, 33, 29, 
2014/12/15, 36, 22, 
2014/12/16, 31, 24, 
2014/12/17, 28, 25, 
2014/12/18, 29, 28, 
2014/12/19, 30, 19, 
2014/12/20, 24, 18, 
2014/12/21, 32, , 
2014/12/23, 33, 26, 
2014/12/24, 32, 16, 
2014/12/25, 19, 19, 
2014/12/26, 31, 18, 
2014/12/27, 25, 20, 
2014/12/28, 23, 16, 
2014/12/29, 18, , 
2014/7/2, 66, 52, 
2014/7/3, 126, 42, 
2014/7/4, 89, 35, 
2014/7/5, 77, 59, 
2014/7/6, 131, 59, 
2014/7/7, 132, 33, 
2014/7/8, 80, 123, 
2014/7/9, 187, 176, 
2014/7/10, 236, 162, 
2014/7/11, 217, 171, 
2014/7/12, 263, 70, 
2014/7/13, 137, 103, 
2014/7/14, 175, 42, 
2014/7/15, 97, 43, 
2014/7/16, 92, 40, 
2014/7/17, 91, 68, 
2014/7/18, 145, 48, 
2014/7/19, 103, 115, 
2014/7/20, 182, 100, 
2014/7/21, 172, 61, 
2014/7/22, 136, 121, 
2014/7/23, 187, 108, 
2014/7/24, 178, 128, 
2014/7/25, 218, 49, 
2014/7/26, 106, 152, 
2014/7/27, 244, 60, 
2014/7/28, 118, 27, 
2014/7/29, 68, 44, 
2014/7/30, 90, 41, 
2014/7/31, 82, 27, 
2014/8/1, 64, 53, 
2014/8/2, 109, 22, 
2014/8/5, 161, 41, 
2014/8/6, 88, 49, 
2014/8/7, 98, 70, 
2014/8/8, 149, 137, 
2014/8/9, 216, 93, 
2014/8/10, 111, , 
2014/8/11, 182, 61, 
2014/8/12, 96, 72, 
2014/8/13, 144, 114, 
2014/8/14, 180, 142, 
2014/8/15, 200, 82, 
2014/8/16, 157, 31, 
2014/8/17, 74, 20, 
2014/8/18, 50, 91, 
2014/8/19, 160, 81, 
2014/8/20, 158, 34, 
2014/8/21, 79, 61, 
2014/8/22, 130, 115, 
2014/8/23, 182, 41, 
2014/8/24, 93, 74, 
2014/8/25, 145, 51, 
2014/8/26, 97, 74, 
2014/8/27, 151, 89, 
2014/8/28, 158, 65, 
2014/8/29, 103, 57, 
2014/8/30, 116, 44, 
2014/8/31, 93, 35, 
2014/9/1, 80, 83, 
2014/9/2, 160, 58, 
2014/9/3, 62, 49, 
2014/9/4, 80, 66, 
2014/9/5, 107, 64, 
2014/9/6, 139, 34, 
2014/9/7, 78, 25, 
2014/9/8, 67, 19, 
2014/9/9, 56, 41, 
2014/9/10, 87, 56, 
2014/9/11, 95, 69, 
2014/9/12, 133, 54, 
2014/9/13, 109, 55, 
2014/9/14, 109, 67, 
2014/9/15, 145, 81, 
2014/9/16, 125, 72, 
2014/9/17, 143, 79, 
2014/9/18, 158, 38, 
2014/9/19, 90, 17, 
2014/9/20, 55, 17, 
2014/9/21, 56, 16, 
2014/9/22, 52, 28, 
2014/9/23, 72, 17, 
2014/9/24, 53, 27, 
2014/9/25, 70, 49, 
2014/9/26, 115, 34, 
2014/9/27, 81, 36, 
2014/9/28, 85, 20, 
2014/9/29, 60, 39, 
2014/9/30, 96, 24, 
2014/10/1, 66, 25, 
2014/4/2, 121, 42, 
2014/4/3, 76, 62, 
2014/4/4, 146, , 
2014/4/5, 83, , 
2014/4/6, 110, 95, 
2014/4/7, 172, 43, 
2014/4/8, 131, 42, 
2014/4/9, 114, 35, 
2014/4/10, 105, 40, 
2014/4/11, 72, 19, 
2014/4/12, 48, 85, 
2014/4/13, 140, 132, 
2014/4/14, 176, 87, 
2014/4/15, 151, 52, 
2014/4/16, 77, 46, 
2014/4/17, 68, 66, 
2014/4/18, 120, 52, 
2014/4/19, 90, 66, 
2014/4/20, 113, 57, 
2014/4/21, 110, 57, 
2014/4/22, 107, 82, 
2014/4/23, 142, 37, 
2014/4/24, 96, 28, 
2014/4/25, 91, 35, 
2014/4/26, 69, 65, 
2014/4/27, 115, 62, 
2014/4/28, 115, 72, 
2014/4/29, 135, 141, 
2014/4/30, 185, 96, 
2014/5/1, 156, 78, 
2014/5/2, 143, 64, 
2014/5/3, 125, 18, 
2014/5/4, 45, 28, 
2014/5/5, 56, 41, 
2014/5/6, 70, 33, 
2014/5/7, 65, 18, 
2014/5/8, 54, 46, 
2014/5/9, 92, 32, 
2014/5/10, 67, 58, 
2014/5/11, 107, 61, 
2014/5/12, 108, 44, 
2014/5/13, 82, 53, 
2014/5/14, 98, 65, 
2014/5/15, 126, 55, 
2014/5/16, 100, 47, 
2014/5/17, 81, 73, 
2014/5/18, 137, 68, 
2014/5/19, 134, 23, 
2014/5/20, 59, 41, 
2014/5/21, 79, 60, 
2014/5/22, 141, 89, 
2014/5/23, 176, 98, 
2014/5/24, 163, 149, 
2014/5/25, 188, 63, 
2014/5/26, 114, 37, 
2014/5/27, 73, 51, 
2014/5/28, 92, 62, 
2014/5/29, 108, , 
2014/5/30, 69, 29, 
2014/5/31, 68, 16, 
2014/6/1, 47, 18, 
2014/6/2, 53, 9, 
2014/6/3, 53, , 
2014/6/4, 107, 54, 
2014/6/5, 172, 93, 
2014/6/6, 188, 37, 
2014/6/7, 96, 16, 
2014/6/8, 53, 19, 
2014/6/9, 59, 23, 
2014/6/10, 68, 22, 
2014/6/11, 55, 44, 
2014/6/12, 80, 91, 
2014/6/13, 173, 86, 
2014/6/14, 195, 22, 
2014/6/15, 64, 32, 
2014/6/16, 80, 130, 
2014/6/17, 203, 140, 
2014/6/18, 204, 121, 
2014/6/19, 185, 149, 
2014/6/20, 256, 100, 
2014/6/21, 175, 39, 
2014/6/22, 90, 19, 
2014/6/23, 59, 58, 
2014/6/24, 126, 90, 
2014/6/25, 169, 136, 
2014/6/26, 199, 122, 
2014/6/27, 187, 49, 
2014/6/28, 126, 52, 
2014/6/29, 133, 41, 
2014/6/30, 99, 23, 
2014/7/1, 65, 23, 
2014/1/2, 56, 23, 
2014/1/3, 43, 22, 
2014/1/4, 44, 21, 
2014/1/5, 36, 17, 
2014/1/6, 28, 23, 
2014/1/7, 68, 25, 
2014/1/8, 399, 25, 
2014/1/9, 108, 22, 
2014/1/10, 70, 25, 
2014/1/11, 37, 27, 
2014/1/12, 30, 26, 
2014/1/13, 37, 23, 
2014/1/14, 32, 29, 
2014/1/15, 29, 31, 
2014/1/16, 32, 30, 
2014/1/17, 35, 23, 
2014/1/18, 27, 23, 
2014/1/19, 28, 26, 
2014/1/20, 48, 25, 
2014/1/21, 85, 20, 
2014/1/22, 30, 23, 
2014/1/23, 33, 18, 
2014/1/24, 37, 20, 
2014/1/25, 101, 21, 
2014/1/26, 117, 23, 
2014/1/27, 32, 21, 
2014/1/28, 34, 23, 
2014/1/29, 97, 23, 
2014/1/30, 37, 21, 
2014/1/31, 34, 17, 
2014/2/1, 33, 17, 
2014/2/2, 40, 13, 
2014/2/3, 29, 18, 
2014/2/4, 35, 14, 
2014/2/5, 31, 33, 
2014/2/6, 69, 24, 
2014/2/7, 54, 17, 
2014/2/8, 37, 17, 
2014/2/9, 27, 19, 
2014/2/10, 35, 20, 
2014/2/11, 37, 22, 
2014/2/12, 36, 20, 
2014/2/13, 31, 70, 
2014/2/14, 49, 151, 
2014/2/15, 60, 56, 
2014/2/16, 54, 35, 
2014/2/17, 107, 22, 
2014/2/18, 41, 19, 
2014/2/19, 39, 25, 
2014/2/20, 39, 23, 
2014/2/21, 52, 15, 
2014/2/22, 45, 21, 
2014/2/23, 49, 16, 
2014/2/24, 44, 16, 
2014/2/25, 31, 36, 
2014/2/26, 43, 43, 
2014/2/27, 54, 24, 
2014/2/28, 41, 18, 
2014/3/1, 38, 15, 
2014/3/2, 40, 14, 
2014/3/3, 42, 25, 
2014/3/4, 51, 24, 
2014/3/5, 46, 25, 
2014/3/6, 58, 36, 
2014/3/7, 66, 31, 
2014/3/8, 64, 23, 
2014/3/9, 62, 19, 
2014/3/10, 59, 16, 
2014/3/11, 58, 18, 
2014/3/12, 61, 9, 
2014/3/13, 40, 11, 
2014/3/14, 43, 18, 
2014/3/15, 55, 18, 
2014/3/16, 59, 13, 
2014/3/17, 52, 20, 
2014/3/18, 78, 20, 
2014/3/19, 89, 21, 
2014/3/20, 57, 18, 
2014/3/21, 48, 22, 
2014/3/22, 50, 22, 
2014/3/23, 53, 20, 
2014/3/24, 42, 20, 
2014/3/25, 40, 25, 
2014/3/26, 50, 37, 
2014/3/27, 123, 50, 
2014/3/28, 118, 34, 
2014/3/29, 63, , 
2023/11/1, , 25, 
2023/3/27, , 11, 
2020/4/1, , 31, 
2020/1/1, , 16, 
2019/12/29, , 14, 
2019/4/2, , 49, 
2019/1/1, , 14, 
2018/11/25, , 13, 
2018/11/26, , 72, 
2018/12/1, , 28, 
2018/12/2, , 24, 
2018/7/25, , 58, 
2018/8/2, , 79, 
2018/2/27, , 23, 
2018/2/28, , 23, 
2018/3/1, , 25, 
2018/3/2, , 38, 
2017/10/5, , 25, 
2017/10/10, , 51, 
2017/10/16, , 39, 
2017/10/17, , 28, 
2017/10/23, , 49, 
2017/10/24, , 41, 
2017/10/25, , 23, 
2017/11/5, , 13, 
2017/11/23, , 46, 
2017/9/10, , 40, 
2017/9/20, , 46, 
2017/9/29, , 51, 
2016/10/12, , 23, 
2016/11/11, , 20, 
2016/5/6, , 96, 
2016/1/20, , 25, 
2016/1/27, , 6, 
2015/11/11, , 19, 
2015/11/15, , 11, 
2016/1/3, , 13, 
2015/4/2, , 46, 
2015/4/3, , 25, 
2015/4/4, , 12, 
2015/4/5, , 12, 
2015/4/6, , 12, 
2015/4/7, , 42, 
2015/4/8, , 26, 
2015/4/9, , 11, 
2015/4/10, , 40, 
2015/4/11, , 58, 
2015/4/12, , 31, 
2015/4/13, , 64, 
2015/4/14, , 23, 
2015/4/15, , 43, 
2015/4/16, , 41, 
2015/1/1, , 29, 
2015/4/1, , 18, 
2014/12/22, , 26, 
2014/8/3, , 126, 
2014/8/4, , 98, 
2014/1/1, , 33, 