date, pm25
2023/11/2, 57
2023/11/3, 41
2023/11/4, 30
2023/11/5, 49
2023/11/6, 41
2023/11/7, 51
2023/11/8, 48
2023/11/9, 30
2023/11/10, 26
2023/11/11, 50
2023/11/12, 41
2023/11/13, 50
2023/11/14, 35
2023/11/15, 42
2023/11/16, 34
2023/10/2, 32
2023/10/3, 49
2023/10/4, 40
2023/10/5, 39
2023/10/6, 21
2023/10/7, 28
2023/10/8, 28
2023/10/9, 29
2023/10/10, 45
2023/10/11, 38
2023/10/12, 25
2023/10/13, 22
2023/10/14, 34
2023/10/15, 16
2023/10/16, 15
2023/10/17, 14
2023/10/18, 35
2023/10/19, 48
2023/10/20, 17
2023/10/21, 16
2023/10/22, 28
2023/10/23, 41
2023/10/24, 42
2023/7/2, 69
2023/7/3, 79
2023/7/4, 54
2023/7/5, 74
2023/7/6, 101
2023/7/7, 132
2023/7/8, 106
2023/7/9, 93
2023/7/10, 88
2023/7/11, 108
2023/7/12, 84
2023/7/13, 105
2023/7/14, 109
2023/7/15, 99
2023/7/16, 118
2023/7/17, 120
2023/7/18, 109
2023/7/19, 85
2023/7/20, 116
2023/7/21, 105
2023/7/22, 72
2023/7/23, 85
2023/7/24, 108
2023/7/25, 82
2023/7/26, 90
2023/7/27, 142
2023/7/28, 86
2023/7/29, 120
2023/7/30, 49
2023/7/31, 78
2023/8/1, 84
2023/8/2, 40
2023/8/3, 45
2023/8/4, 46
2023/8/5, 38
2023/8/6, 37
2023/8/7, 74
2023/8/8, 87
2023/8/9, 98
2023/8/10, 99
2023/8/11, 54
2023/8/12, 105
2023/8/13, 105
2023/8/14, 75
2023/8/15, 86
2023/8/16, 30
2023/8/17, 52
2023/8/18, 62
2023/8/19, 87
2023/8/20, 69
2023/8/21, 73
2023/8/22, 77
2023/8/23, 90
2023/8/24, 66
2023/8/25, 78
2023/8/26, 83
2023/8/27, 100
2023/8/28, 76
2023/8/29, 55
2023/8/30, 75
2023/8/31, 56
2023/9/1, 67
2023/9/2, 64
2023/9/3, 84
2023/9/4, 85
2023/9/5, 101
2023/9/6, 74
2023/9/7, 55
2023/9/8, 56
2023/9/9, 75
2023/9/10, 68
2023/9/11, 55
2023/9/12, 65
2023/9/13, 75
2023/9/14, 54
2023/9/15, 54
2023/9/16, 55
2023/9/17, 38
2023/9/18, 37
2023/9/19, 87
2023/9/20, 59
2023/9/21, 63
2023/9/22, 80
2023/9/23, 65
2023/9/24, 51
2023/9/25, 55
2023/9/26, 28
2023/9/27, 45
2023/9/28, 66
2023/9/29, 35
2023/9/30, 64
2023/10/1, 39
2023/4/2, 46
2023/4/3, 89
2023/4/4, 87
2023/4/5, 55
2023/4/6, 36
2023/4/7, 46
2023/4/8, 62
2023/4/9, 86
2023/4/10, 53
2023/4/11, 70
2023/4/12, 67
2023/4/13, 63
2023/4/14, 76
2023/4/15, 95
2023/4/16, 74
2023/4/17, 36
2023/4/18, 42
2023/4/19, 26
2023/4/20, 24
2023/4/21, 20
2023/4/22, 33
2023/4/23, 81
2023/4/24, 68
2023/4/25, 76
2023/4/26, 24
2023/4/27, 23
2023/4/28, 73
2023/4/29, 84
2023/4/30, 69
2023/5/1, 52
2023/5/2, 76
2023/5/3, 37
2023/5/4, 119
2023/5/5, 55
2023/5/6, 31
2023/5/7, 49
2023/5/8, 60
2023/5/9, 99
2023/5/10, 103
2023/5/11, 80
2023/5/12, 43
2023/5/13, 64
2023/5/14, 70
2023/5/15, 71
2023/5/16, 72
2023/5/17, 45
2023/5/18, 52
2023/5/19, 74
2023/5/20, 80
2023/5/21, 84
2023/5/22, 108
2023/5/23, 94
2023/5/24, 73
2023/5/25, 66
2023/5/26, 77
2023/5/27, 82
2023/5/28, 85
2023/5/29, 143
2023/5/30, 128
2023/5/31, 94
2023/6/1, 102
2023/6/2, 110
2023/6/3, 52
2023/6/4, 62
2023/6/5, 79
2023/6/6, 84
2023/6/7, 56
2023/6/8, 88
2023/6/9, 49
2023/6/10, 83
2023/6/11, 67
2023/6/12, 37
2023/6/13, 81
2023/6/14, 113
2023/6/15, 78
2023/6/16, 117
2023/6/17, 106
2023/6/18, 84
2023/6/19, 168
2023/6/20, 91
2023/6/21, 103
2023/6/22, 86
2023/6/23, 118
2023/6/24, 106
2023/6/25, 106
2023/6/26, 89
2023/6/27, 79
2023/6/28, 85
2023/6/29, 126
2023/6/30, 109
2023/7/1, 103
2023/1/3, 19
2023/1/4, 14
2023/1/5, 11
2023/1/6, 19
2023/1/7, 9
2023/1/8, 21
2023/1/9, 20
2023/1/10, 12
2023/1/11, 29
2023/1/12, 14
2023/1/13, 17
2023/1/14, 13
2023/1/15, 17
2023/1/16, 15
2023/1/17, 17
2023/1/18, 21
2023/1/19, 19
2023/1/20, 28
2023/1/21, 16
2023/1/22, 11
2023/1/23, 13
2023/1/24, 29
2023/1/25, 30
2023/1/26, 35
2023/1/27, 25
2023/1/28, 22
2023/1/29, 17
2023/1/30, 11
2023/1/31, 11
2023/2/1, 23
2023/2/2, 19
2023/2/3, 12
2023/2/4, 20
2023/2/5, 19
2023/2/6, 16
2023/2/7, 19
2023/2/8, 10
2023/2/9, 11
2023/2/10, 19
2023/2/11, 29
2023/2/12, 31
2023/2/13, 22
2023/2/14, 37
2023/2/15, 38
2023/2/16, 17
2023/2/17, 30
2023/2/18, 24
2023/2/19, 14
2023/2/20, 15
2023/2/21, 18
2023/2/22, 14
2023/2/23, 21
2023/2/24, 12
2023/2/25, 26
2023/2/26, 23
2023/2/27, 36
2023/2/28, 16
2023/3/1, 17
2023/3/2, 17
2023/3/3, 26
2023/3/4, 23
2023/3/5, 34
2023/3/6, 30
2023/3/7, 41
2023/3/8, 42
2023/3/9, 55
2023/3/10, 40
2023/3/11, 57
2023/3/12, 57
2023/3/13, 25
2023/3/14, 56
2023/3/15, 38
2023/3/16, 92
2023/3/17, 76
2023/3/18, 56
2023/3/19, 46
2023/3/20, 21
2023/3/21, 41
2023/3/22, 50
2023/3/23, 26
2023/3/24, 24
2023/3/25, 39
2023/3/26, 44
2023/3/27, 37
2023/3/28, 48
2023/3/29, 62
2023/3/30, 73
2023/3/31, 74
2023/4/1, 79
2022/10/2, 78
2022/10/3, 52
2022/10/4, 61
2022/10/5, 63
2022/10/6, 51
2022/10/7, 49
2022/10/8, 43
2022/10/9, 49
2022/10/10, 39
2022/10/11, 41
2022/10/12, 60
2022/10/13, 42
2022/10/14, 61
2022/10/15, 50
2022/10/16, 44
2022/10/17, 51
2022/10/18, 49
2022/10/19, 55
2022/10/20, 37
2022/10/21, 39
2022/10/22, 61
2022/10/23, 36
2022/10/24, 73
2022/10/25, 66
2022/10/26, 66
2022/10/27, 43
2022/10/28, 63
2022/10/29, 26
2022/10/30, 25
2022/10/31, 20
2022/11/1, 29
2022/11/2, 29
2022/11/3, 26
2022/11/4, 48
2022/11/5, 49
2022/11/6, 28
2022/11/7, 25
2022/11/8, 34
2022/11/9, 20
2022/11/10, 13
2022/11/11, 18
2022/11/12, 22
2022/11/13, 21
2022/11/14, 21
2022/11/15, 28
2022/11/16, 28
2022/11/17, 32
2022/11/18, 34
2022/11/19, 26
2022/11/20, 36
2022/11/21, 41
2022/11/22, 41
2022/11/23, 19
2022/11/24, 37
2022/11/25, 30
2022/11/26, 23
2022/11/27, 23
2022/11/28, 32
2022/11/29, 27
2022/11/30, 16
2022/12/1, 14
2022/12/2, 17
2022/12/3, 33
2022/12/4, 35
2022/12/5, 38
2022/12/6, 36
2022/12/7, 34
2022/12/8, 48
2022/12/9, 38
2022/12/10, 57
2022/12/11, 58
2022/12/12, 46
2022/12/13, 22
2022/12/14, 21
2022/12/15, 19
2022/12/16, 15
2022/12/17, 17
2022/12/18, 18
2022/12/19, 22
2022/12/20, 28
2022/12/21, 39
2022/12/22, 26
2022/12/23, 32
2022/12/24, 25
2022/12/25, 20
2022/12/26, 10
2022/12/27, 13
2022/12/28, 16
2022/12/29, 19
2022/12/30, 17
2022/12/31, 30
2023/1/1, 30
2023/1/2, 36
2022/7/2, 113
2022/7/3, 112
2022/7/4, 111
2022/7/5, 96
2022/7/6, 110
2022/7/7, 102
2022/7/8, 114
2022/7/9, 108
2022/7/10, 99
2022/7/11, 57
2022/7/12, 99
2022/7/13, 125
2022/7/14, 108
2022/7/15, 128
2022/7/16, 112
2022/7/17, 123
2022/7/18, 121
2022/7/19, 95
2022/7/20, 74
2022/7/21, 71
2022/7/22, 136
2022/7/23, 101
2022/7/24, 77
2022/7/25, 63
2022/7/26, 89
2022/7/27, 67
2022/7/28, 98
2022/7/29, 54
2022/7/30, 83
2022/7/31, 105
2022/8/1, 146
2022/8/2, 157
2022/8/3, 147
2022/8/4, 105
2022/8/5, 91
2022/8/6, 108
2022/8/7, 71
2022/8/8, 74
2022/8/9, 81
2022/8/10, 136
2022/8/11, 133
2022/8/12, 83
2022/8/13, 83
2022/8/14, 93
2022/8/15, 71
2022/8/16, 97
2022/8/17, 74
2022/8/18, 64
2022/8/19, 94
2022/8/20, 78
2022/8/21, 82
2022/8/22, 74
2022/8/23, 103
2022/8/24, 68
2022/8/25, 95
2022/8/26, 86
2022/8/27, 49
2022/8/28, 61
2022/8/29, 113
2022/8/30, 112
2022/8/31, 92
2022/9/1, 87
2022/9/2, 76
2022/9/3, 112
2022/9/4, 53
2022/9/5, 59
2022/9/6, 44
2022/9/7, 80
2022/9/8, 71
2022/9/9, 85
2022/9/10, 65
2022/9/11, 41
2022/9/12, 40
2022/9/13, 79
2022/9/14, 104
2022/9/15, 86
2022/9/16, 77
2022/9/17, 90
2022/9/18, 89
2022/9/19, 49
2022/9/20, 63
2022/9/21, 72
2022/9/22, 69
2022/9/23, 60
2022/9/24, 76
2022/9/25, 76
2022/9/26, 73
2022/9/27, 58
2022/9/28, 47
2022/9/29, 59
2022/9/30, 60
2022/10/1, 41
2022/4/2, 38
2022/4/3, 74
2022/4/4, 57
2022/4/5, 42
2022/4/6, 87
2022/4/7, 94
2022/4/8, 68
2022/4/9, 87
2022/4/10, 56
2022/4/11, 47
2022/4/12, 55
2022/4/13, 59
2022/4/14, 52
2022/4/15, 78
2022/4/16, 65
2022/4/17, 88
2022/4/18, 67
2022/4/19, 65
2022/4/20, 81
2022/4/21, 109
2022/4/22, 63
2022/4/23, 83
2022/4/24, 98
2022/4/25, 68
2022/4/26, 100
2022/4/27, 100
2022/4/28, 98
2022/4/29, 95
2022/4/30, 91
2022/5/1, 94
2022/5/2, 113
2022/5/3, 83
2022/5/4, 69
2022/5/5, 60
2022/5/6, 80
2022/5/7, 101
2022/5/8, 104
2022/5/9, 60
2022/5/10, 73
2022/5/11, 105
2022/5/12, 89
2022/5/13, 80
2022/5/14, 104
2022/5/15, 109
2022/5/16, 86
2022/5/17, 82
2022/5/18, 91
2022/5/19, 116
2022/5/20, 118
2022/5/21, 102
2022/5/22, 74
2022/5/23, 90
2022/5/24, 105
2022/5/25, 105
2022/5/26, 148
2022/5/27, 111
2022/5/28, 102
2022/5/29, 89
2022/5/30, 114
2022/5/31, 110
2022/6/1, 97
2022/6/2, 116
2022/6/3, 111
2022/6/4, 105
2022/6/5, 139
2022/6/6, 118
2022/6/7, 118
2022/6/8, 149
2022/6/9, 95
2022/6/10, 107
2022/6/11, 167
2022/6/12, 147
2022/6/13, 122
2022/6/14, 125
2022/6/15, 165
2022/6/16, 95
2022/6/17, 67
2022/6/18, 50
2022/6/19, 96
2022/6/20, 113
2022/6/21, 128
2022/6/22, 132
2022/6/23, 120
2022/6/24, 114
2022/6/25, 137
2022/6/26, 113
2022/6/27, 145
2022/6/28, 137
2022/6/29, 97
2022/6/30, 103
2022/7/1, 121
2022/1/4, 64
2022/1/5, 46
2022/1/6, 31
2022/1/7, 31
2022/1/8, 25
2022/1/9, 22
2022/1/10, 35
2022/1/11, 25
2022/1/12, 26
2022/1/13, 24
2022/1/14, 26
2022/1/15, 33
2022/1/16, 50
2022/1/17, 56
2022/1/18, 38
2022/1/19, 38
2022/1/20, 36
2022/1/21, 32
2022/1/22, 41
2022/1/23, 39
2022/1/24, 36
2022/1/25, 30
2022/1/26, 23
2022/1/27, 36
2022/1/28, 36
2022/1/29, 41
2022/1/30, 29
2022/1/31, 38
2022/2/1, 38
2022/2/2, 23
2022/2/3, 24
2022/2/4, 22
2022/2/5, 27
2022/2/6, 27
2022/2/7, 22
2022/2/8, 23
2022/2/9, 41
2022/2/10, 37
2022/2/11, 35
2022/2/12, 34
2022/2/13, 29
2022/2/14, 21
2022/2/15, 42
2022/2/16, 33
2022/2/17, 36
2022/2/18, 38
2022/2/19, 21
2022/2/20, 31
2022/2/21, 38
2022/2/22, 32
2022/2/23, 48
2022/2/24, 33
2022/2/25, 33
2022/2/26, 28
2022/2/27, 47
2022/2/28, 46
2022/3/1, 44
2022/3/2, 43
2022/3/3, 34
2022/3/4, 40
2022/3/5, 61
2022/3/6, 62
2022/3/7, 52
2022/3/8, 54
2022/3/9, 71
2022/3/10, 56
2022/3/11, 55
2022/3/12, 35
2022/3/13, 29
2022/3/14, 40
2022/3/15, 39
2022/3/16, 26
2022/3/17, 54
2022/3/18, 48
2022/3/19, 67
2022/3/20, 57
2022/3/21, 57
2022/3/22, 53
2022/3/23, 56
2022/3/24, 52
2022/3/25, 69
2022/3/26, 64
2022/3/27, 73
2022/3/28, 83
2022/3/29, 60
2022/3/30, 68
2022/3/31, 62
2022/4/1, 59
2021/10/2, 65
2021/10/3, 50
2021/10/4, 55
2021/10/5, 63
2021/10/6, 59
2021/10/7, 62
2021/10/8, 47
2021/10/9, 42
2021/10/10, 47
2021/10/11, 32
2021/10/12, 41
2021/10/13, 72
2021/10/14, 64
2021/10/15, 65
2021/10/16, 60
2021/10/17, 32
2021/10/18, 37
2021/10/19, 48
2021/10/20, 32
2021/10/21, 59
2021/10/22, 52
2021/10/23, 27
2021/10/24, 8
2021/10/25, 10
2021/10/26, 20
2021/10/27, 49
2021/10/28, 43
2021/10/29, 46
2021/10/30, 50
2021/10/31, 54
2021/11/1, 49
2021/11/2, 45
2021/11/3, 56
2021/11/4, 63
2021/11/5, 70
2021/11/6, 57
2021/11/7, 53
2021/11/8, 29
2021/11/9, 50
2021/11/10, 40
2021/11/11, 35
2021/11/12, 46
2021/11/13, 49
2021/11/14, 37
2021/11/15, 68
2021/11/16, 56
2021/11/17, 45
2021/11/18, 37
2021/11/19, 30
2021/11/20, 31
2021/11/21, 32
2021/11/22, 32
2021/11/23, 33
2021/11/24, 35
2021/11/25, 26
2021/11/26, 38
2021/11/27, 40
2021/11/28, 39
2021/11/29, 45
2021/11/30, 37
2021/12/1, 39
2021/12/2, 45
2021/12/3, 45
2021/12/4, 37
2021/12/5, 36
2021/12/6, 31
2021/12/7, 38
2021/12/8, 41
2021/12/9, 38
2021/12/10, 37
2021/12/11, 52
2021/12/12, 36
2021/12/13, 39
2021/12/14, 39
2021/12/15, 34
2021/12/16, 33
2021/12/17, 24
2021/12/18, 31
2021/12/19, 33
2021/12/20, 26
2021/12/21, 37
2021/12/22, 32
2021/12/23, 32
2021/12/24, 23
2021/12/25, 28
2021/12/26, 21
2021/12/27, 23
2021/12/28, 25
2021/12/29, 30
2021/12/30, 33
2021/12/31, 47
2022/1/1, 60
2022/1/2, 68
2022/1/3, 43
2021/7/2, 152
2021/7/3, 114
2021/7/4, 70
2021/7/5, 84
2021/7/6, 162
2021/7/7, 136
2021/7/8, 139
2021/7/9, 170
2021/7/10, 116
2021/7/11, 103
2021/7/12, 89
2021/7/13, 83
2021/7/14, 129
2021/7/15, 152
2021/7/16, 151
2021/7/17, 140
2021/7/18, 118
2021/7/19, 191
2021/7/20, 158
2021/7/21, 123
2021/7/22, 134
2021/7/23, 150
2021/7/24, 138
2021/7/25, 137
2021/7/26, 148
2021/7/27, 68
2021/7/28, 103
2021/7/29, 115
2021/7/30, 166
2021/7/31, 107
2021/8/1, 155
2021/8/2, 148
2021/8/3, 133
2021/8/4, 157
2021/8/5, 156
2021/8/6, 155
2021/8/7, 73
2021/8/8, 86
2021/8/9, 126
2021/8/10, 76
2021/8/11, 108
2021/8/12, 129
2021/8/13, 174
2021/8/14, 168
2021/8/15, 107
2021/8/16, 135
2021/8/17, 102
2021/8/18, 101
2021/8/19, 101
2021/8/20, 100
2021/8/21, 137
2021/8/22, 91
2021/8/23, 85
2021/8/24, 93
2021/8/25, 88
2021/8/26, 94
2021/8/27, 108
2021/8/28, 111
2021/8/29, 116
2021/8/30, 95
2021/8/31, 70
2021/9/1, 50
2021/9/2, 88
2021/9/3, 77
2021/9/4, 100
2021/9/5, 107
2021/9/6, 87
2021/9/7, 93
2021/9/8, 89
2021/9/9, 116
2021/9/10, 75
2021/9/11, 86
2021/9/12, 111
2021/9/13, 75
2021/9/14, 55
2021/9/15, 71
2021/9/16, 84
2021/9/17, 77
2021/9/18, 91
2021/9/19, 83
2021/9/20, 51
2021/9/21, 52
2021/9/22, 60
2021/9/23, 50
2021/9/24, 61
2021/9/25, 52
2021/9/26, 52
2021/9/27, 66
2021/9/28, 91
2021/9/29, 58
2021/9/30, 72
2021/10/1, 60
2021/4/2, 42
2021/4/3, 30
2021/4/4, 44
2021/4/5, 63
2021/4/6, 68
2021/4/7, 68
2021/4/8, 66
2021/4/9, 81
2021/4/10, 78
2021/4/11, 82
2021/4/12, 84
2021/4/13, 56
2021/4/14, 65
2021/4/15, 67
2021/4/16, 91
2021/4/17, 91
2021/4/18, 119
2021/4/19, 115
2021/4/20, 105
2021/4/21, 101
2021/4/22, 111
2021/4/23, 106
2021/4/24, 109
2021/4/25, 119
2021/4/26, 155
2021/4/27, 99
2021/4/28, 97
2021/4/29, 95
2021/4/30, 109
2021/5/1, 105
2021/5/2, 85
2021/5/3, 86
2021/5/4, 112
2021/5/5, 170
2021/5/6, 180
2021/5/7, 154
2021/5/8, 151
2021/5/9, 180
2021/5/10, 107
2021/5/11, 154
2021/5/12, 158
2021/5/13, 108
2021/5/14, 122
2021/5/15, 142
2021/5/16, 172
2021/5/17, 164
2021/5/18, 105
2021/5/19, 101
2021/5/20, 123
2021/5/21, 129
2021/5/22, 120
2021/5/23, 135
2021/5/24, 153
2021/5/25, 100
2021/5/26, 103
2021/5/27, 115
2021/5/28, 104
2021/5/29, 118
2021/5/30, 100
2021/5/31, 130
2021/6/1, 119
2021/6/2, 98
2021/6/3, 148
2021/6/4, 131
2021/6/5, 140
2021/6/6, 157
2021/6/7, 157
2021/6/8, 147
2021/6/9, 110
2021/6/10, 114
2021/6/11, 161
2021/6/12, 175
2021/6/13, 147
2021/6/14, 140
2021/6/15, 124
2021/6/16, 127
2021/6/17, 117
2021/6/18, 111
2021/6/19, 132
2021/6/20, 171
2021/6/21, 171
2021/6/22, 162
2021/6/23, 146
2021/6/24, 140
2021/6/25, 136
2021/6/26, 103
2021/6/27, 144
2021/6/28, 171
2021/6/29, 154
2021/6/30, 127
2021/7/1, 165
2021/1/5, 22
2021/1/6, 20
2021/1/7, 16
2021/1/8, 21
2021/1/9, 19
2021/1/10, 31
2021/1/11, 58
2021/1/12, 66
2021/1/13, 30
2021/1/14, 16
2021/1/15, 10
2021/1/16, 7
2021/1/17, 5
2021/1/18, 6
2021/1/19, 21
2021/1/20, 11
2021/1/21, 5
2021/1/22, 5
2021/1/23, 9
2021/1/24, 9
2021/1/25, 20
2021/1/26, 29
2021/1/27, 45
2021/1/28, 35
2021/1/29, 21
2021/1/30, 20
2021/1/31, 26
2021/2/1, 14
2021/2/2, 6
2021/2/3, 9
2021/2/4, 9
2021/2/5, 21
2021/2/6, 15
2021/2/7, 15
2021/2/8, 42
2021/2/9, 21
2021/2/10, 13
2021/2/11, 13
2021/2/12, 9
2021/2/13, 15
2021/2/14, 9
2021/2/15, 15
2021/2/16, 21
2021/2/17, 8
2021/2/18, 18
2021/2/19, 25
2021/2/20, 34
2021/2/21, 33
2021/2/22, 29
2021/2/23, 28
2021/2/24, 7
2021/2/25, 7
2021/2/26, 12
2021/2/27, 16
2021/2/28, 10
2021/3/1, 17
2021/3/2, 17
2021/3/3, 30
2021/3/4, 31
2021/3/5, 40
2021/3/6, 36
2021/3/7, 18
2021/3/8, 30
2021/3/9, 56
2021/3/10, 70
2021/3/11, 62
2021/3/12, 45
2021/3/13, 20
2021/3/14, 49
2021/3/15, 45
2021/3/16, 20
2021/3/17, 46
2021/3/18, 62
2021/3/19, 53
2021/3/20, 38
2021/3/21, 36
2021/3/22, 32
2021/3/23, 32
2021/3/24, 52
2021/3/25, 61
2021/3/26, 65
2021/3/27, 60
2021/3/28, 49
2021/3/29, 38
2021/3/30, 50
2021/3/31, 46
2021/4/1, 46
2020/10/2, 48
2020/10/3, 85
2020/10/4, 107
2020/10/5, 117
2020/10/6, 71
2020/10/7, 80
2020/10/8, 106
2020/10/9, 96
2020/10/10, 71
2020/10/11, 80
2020/10/12, 49
2020/10/13, 48
2020/10/14, 61
2020/10/15, 67
2020/10/16, 70
2020/10/17, 61
2020/10/18, 59
2020/10/19, 54
2020/10/20, 67
2020/10/21, 74
2020/10/22, 76
2020/10/23, 67
2020/10/24, 91
2020/10/25, 72
2020/10/26, 59
2020/10/27, 75
2020/10/28, 89
2020/10/29, 80
2020/10/30, 27
2020/10/31, 24
2020/11/1, 40
2020/11/2, 58
2020/11/3, 36
2020/11/4, 45
2020/11/5, 70
2020/11/6, 73
2020/11/7, 58
2020/11/8, 37
2020/11/9, 38
2020/11/10, 32
2020/11/11, 27
2020/11/12, 38
2020/11/13, 30
2020/11/14, 41
2020/11/15, 38
2020/11/16, 28
2020/11/17, 22
2020/11/18, 14
2020/11/19, 23
2020/11/20, 43
2020/11/21, 32
2020/11/22, 41
2020/11/23, 64
2020/11/24, 65
2020/11/25, 58
2020/11/26, 53
2020/11/27, 48
2020/11/28, 61
2020/11/29, 51
2020/11/30, 30
2020/12/1, 27
2020/12/2, 31
2020/12/3, 30
2020/12/4, 22
2020/12/5, 33
2020/12/6, 32
2020/12/7, 20
2020/12/8, 12
2020/12/9, 25
2020/12/10, 44
2020/12/11, 60
2020/12/12, 52
2020/12/13, 40
2020/12/14, 27
2020/12/15, 34
2020/12/16, 28
2020/12/17, 26
2020/12/18, 21
2020/12/19, 20
2020/12/20, 22
2020/12/21, 19
2020/12/22, 18
2020/12/23, 24
2020/12/24, 19
2020/12/25, 26
2020/12/26, 32
2020/12/27, 27
2020/12/28, 38
2020/12/29, 17
2020/12/30, 22
2020/12/31, 28
2021/1/1, 48
2021/1/2, 28
2020/7/2, 71
2020/7/3, 107
2020/7/4, 155
2020/7/5, 124
2020/7/6, 93
2020/7/7, 148
2020/7/8, 141
2020/7/9, 154
2020/7/10, 138
2020/7/11, 142
2020/7/12, 138
2020/7/13, 131
2020/7/14, 126
2020/7/15, 125
2020/7/16, 113
2020/7/17, 92
2020/7/18, 98
2020/7/19, 106
2020/7/20, 92
2020/7/21, 107
2020/7/22, 46
2020/7/23, 30
2020/7/24, 88
2020/7/25, 188
2020/7/26, 192
2020/7/27, 145
2020/7/28, 73
2020/7/29, 70
2020/7/30, 99
2020/7/31, 118
2020/8/1, 123
2020/8/2, 99
2020/8/3, 90
2020/8/4, 99
2020/8/5, 156
2020/8/6, 129
2020/8/7, 101
2020/8/8, 131
2020/8/9, 99
2020/8/10, 107
2020/8/11, 73
2020/8/12, 75
2020/8/13, 65
2020/8/14, 92
2020/8/15, 71
2020/8/16, 56
2020/8/17, 50
2020/8/18, 57
2020/8/19, 60
2020/8/20, 156
2020/8/21, 99
2020/8/22, 151
2020/8/23, 67
2020/8/24, 58
2020/8/25, 119
2020/8/26, 66
2020/8/27, 70
2020/8/28, 62
2020/8/29, 81
2020/8/30, 53
2020/8/31, 43
2020/9/1, 64
2020/9/2, 83
2020/9/3, 143
2020/9/4, 138
2020/9/5, 109
2020/9/6, 104
2020/9/7, 138
2020/9/8, 130
2020/9/9, 116
2020/9/10, 99
2020/9/11, 77
2020/9/12, 87
2020/9/13, 86
2020/9/14, 73
2020/9/15, 94
2020/9/16, 124
2020/9/17, 117
2020/9/18, 75
2020/9/19, 49
2020/9/20, 62
2020/9/21, 99
2020/9/22, 114
2020/9/23, 70
2020/9/24, 57
2020/9/25, 71
2020/9/26, 55
2020/9/27, 45
2020/9/28, 58
2020/9/29, 78
2020/9/30, 56
2020/10/1, 41
2020/4/2, 62
2020/4/3, 63
2020/4/4, 64
2020/4/5, 69
2020/4/6, 49
2020/4/7, 89
2020/4/8, 81
2020/4/9, 101
2020/4/10, 111
2020/4/11, 60
2020/4/12, 82
2020/4/13, 97
2020/4/14, 72
2020/4/15, 55
2020/4/16, 64
2020/4/17, 72
2020/4/18, 56
2020/4/19, 72
2020/4/20, 69
2020/4/21, 110
2020/4/22, 74
2020/4/23, 142
2020/4/24, 84
2020/4/25, 145
2020/4/26, 92
2020/4/27, 89
2020/4/28, 74
2020/4/29, 84
2020/4/30, 109
2020/5/1, 107
2020/5/2, 102
2020/5/3, 94
2020/5/4, 91
2020/5/5, 107
2020/5/6, 101
2020/5/7, 122
2020/5/8, 151
2020/5/9, 141
2020/5/10, 111
2020/5/11, 119
2020/5/12, 109
2020/5/13, 126
2020/5/14, 128
2020/5/15, 131
2020/5/16, 155
2020/5/17, 79
2020/5/18, 102
2020/5/19, 97
2020/5/20, 112
2020/5/21, 152
2020/5/22, 164
2020/5/23, 151
2020/5/24, 146
2020/5/25, 88
2020/5/26, 99
2020/5/27, 113
2020/5/28, 145
2020/5/29, 153
2020/5/30, 153
2020/5/31, 77
2020/6/1, 96
2020/6/2, 169
2020/6/3, 149
2020/6/4, 155
2020/6/5, 97
2020/6/6, 145
2020/6/7, 127
2020/6/8, 125
2020/6/9, 104
2020/6/10, 97
2020/6/11, 85
2020/6/12, 102
2020/6/13, 160
2020/6/14, 147
2020/6/15, 126
2020/6/16, 126
2020/6/17, 118
2020/6/18, 107
2020/6/19, 115
2020/6/20, 77
2020/6/21, 90
2020/6/22, 163
2020/6/23, 124
2020/6/24, 120
2020/6/25, 157
2020/6/26, 125
2020/6/27, 119
2020/6/28, 30
2020/6/29, 32
2020/6/30, 55
2020/7/1, 64
2020/1/2, 44
2020/1/3, 25
2020/1/4, 15
2020/1/5, 28
2020/1/6, 30
2020/1/7, 34
2020/1/8, 45
2020/1/9, 52
2020/1/10, 54
2020/1/11, 47
2020/1/12, 42
2020/1/13, 25
2020/1/14, 24
2020/1/15, 21
2020/1/16, 36
2020/1/17, 30
2020/1/18, 24
2020/1/19, 19
2020/1/20, 27
2020/1/21, 19
2020/1/22, 17
2020/1/23, 15
2020/1/24, 16
2020/1/25, 26
2020/1/26, 16
2020/1/27, 23
2020/1/28, 39
2020/1/29, 38
2020/1/30, 39
2020/1/31, 23
2020/2/1, 14
2020/2/2, 17
2020/2/3, 47
2020/2/4, 40
2020/2/5, 49
2020/2/6, 43
2020/2/7, 42
2020/2/8, 55
2020/2/9, 32
2020/2/10, 26
2020/2/11, 15
2020/2/12, 22
2020/2/13, 24
2020/2/14, 50
2020/2/15, 32
2020/2/16, 23
2020/2/17, 49
2020/2/18, 50
2020/2/19, 35
2020/2/20, 36
2020/2/21, 42
2020/2/22, 42
2020/2/23, 29
2020/2/24, 16
2020/2/25, 18
2020/2/26, 22
2020/2/27, 25
2020/2/28, 14
2020/2/29, 14
2020/3/1, 14
2020/3/2, 17
2020/3/3, 19
2020/3/4, 34
2020/3/5, 57
2020/3/6, 43
2020/3/7, 24
2020/3/8, 34
2020/3/9, 23
2020/3/10, 25
2020/3/11, 42
2020/3/12, 32
2020/3/13, 47
2020/3/14, 63
2020/3/15, 51
2020/3/16, 38
2020/3/17, 25
2020/3/18, 37
2020/3/19, 52
2020/3/20, 31
2020/3/21, 21
2020/3/22, 27
2020/3/23, 29
2020/3/24, 59
2020/3/25, 49
2020/3/26, 66
2020/3/27, 56
2020/3/28, 26
2020/3/29, 56
2020/3/30, 74
2020/3/31, 78
2020/4/1, 93
2019/10/2, 81
2019/10/3, 59
2019/10/4, 95
2019/10/5, 49
2019/10/6, 48
2019/10/7, 60
2019/10/8, 50
2019/10/9, 53
2019/10/10, 38
2019/10/11, 41
2019/10/12, 67
2019/10/13, 48
2019/10/14, 41
2019/10/15, 79
2019/10/16, 33
2019/10/17, 54
2019/10/18, 68
2019/10/19, 42
2019/10/20, 42
2019/10/21, 23
2019/10/22, 30
2019/10/23, 31
2019/10/24, 48
2019/10/25, 26
2019/10/26, 18
2019/10/27, 25
2019/10/28, 57
2019/10/29, 65
2019/10/30, 72
2019/10/31, 62
2019/11/1, 43
2019/11/2, 64
2019/11/3, 32
2019/11/4, 32
2019/11/5, 55
2019/11/6, 36
2019/11/7, 41
2019/11/8, 42
2019/11/9, 44
2019/11/10, 39
2019/11/11, 31
2019/11/12, 35
2019/11/13, 30
2019/11/14, 18
2019/11/15, 35
2019/11/16, 31
2019/11/17, 60
2019/11/18, 50
2019/11/19, 69
2019/11/21, 55
2019/11/22, 60
2019/11/23, 44
2019/11/24, 38
2019/11/25, 21
2019/11/26, 29
2019/11/27, 41
2019/11/28, 44
2019/11/29, 77
2019/11/30, 49
2019/12/1, 51
2019/12/2, 50
2019/12/3, 18
2019/12/4, 24
2019/12/5, 24
2019/12/6, 23
2019/12/7, 22
2019/12/8, 12
2019/12/9, 11
2019/12/10, 9
2019/12/11, 17
2019/12/12, 35
2019/12/13, 36
2019/12/14, 56
2019/12/15, 46
2019/12/16, 27
2019/12/17, 31
2019/12/18, 36
2019/12/19, 42
2019/12/20, 58
2019/12/21, 36
2019/12/22, 32
2019/12/23, 67
2019/12/24, 50
2019/12/25, 54
2019/12/26, 47
2019/12/27, 37
2019/12/28, 44
2019/12/29, 50
2019/12/30, 51
2019/7/2, 99
2019/7/3, 95
2019/7/4, 132
2019/7/5, 99
2019/7/6, 157
2019/7/7, 151
2019/7/8, 98
2019/7/9, 116
2019/7/10, 102
2019/7/11, 107
2019/7/12, 147
2019/7/13, 110
2019/7/14, 104
2019/7/15, 113
2019/7/16, 150
2019/7/17, 123
2019/7/18, 128
2019/7/19, 91
2019/7/20, 75
2019/7/21, 92
2019/7/22, 120
2019/7/23, 89
2019/7/24, 108
2019/7/25, 118
2019/7/26, 145
2019/7/27, 139
2019/7/28, 145
2019/7/29, 151
2019/7/30, 113
2019/7/31, 111
2019/8/1, 125
2019/8/2, 122
2019/8/3, 149
2019/8/4, 94
2019/8/5, 84
2019/8/6, 114
2019/8/7, 89
2019/8/8, 90
2019/8/9, 77
2019/8/10, 103
2019/8/11, 84
2019/8/12, 99
2019/8/13, 105
2019/8/14, 169
2019/8/15, 120
2019/8/16, 68
2019/8/17, 112
2019/8/18, 158
2019/8/19, 64
2019/8/20, 90
2019/8/21, 124
2019/8/22, 58
2019/8/23, 152
2019/8/24, 91
2019/8/25, 127
2019/8/26, 143
2019/8/27, 68
2019/8/28, 111
2019/8/29, 98
2019/8/30, 86
2019/8/31, 115
2019/9/1, 64
2019/9/2, 60
2019/9/3, 124
2019/9/4, 134
2019/9/5, 91
2019/9/6, 28
2019/9/7, 90
2019/9/8, 83
2019/9/9, 130
2019/9/10, 71
2019/9/11, 87
2019/9/12, 157
2019/9/13, 137
2019/9/14, 84
2019/9/15, 97
2019/9/16, 97
2019/9/17, 51
2019/9/18, 41
2019/9/19, 41
2019/9/20, 42
2019/9/21, 42
2019/9/22, 48
2019/9/23, 47
2019/9/24, 65
2019/9/25, 65
2019/9/26, 31
2019/9/27, 68
2019/9/28, 60
2019/9/29, 48
2019/9/30, 53
2019/10/1, 76
2019/4/2, 22
2019/4/3, 22
2019/4/4, 32
2019/4/5, 26
2019/4/6, 27
2019/4/7, 39
2019/4/8, 27
2019/4/9, 110
2019/4/10, 68
2019/4/11, 26
2019/4/12, 23
2019/4/13, 74
2019/4/14, 67
2019/4/15, 59
2019/4/16, 72
2019/4/17, 76
2019/4/18, 41
2019/4/19, 26
2019/4/20, 22
2019/4/21, 31
2019/4/22, 64
2019/4/23, 98
2019/4/24, 69
2019/4/25, 144
2019/4/27, 178
2019/4/28, 113
2019/4/29, 91
2019/5/1, 61
2019/5/2, 84
2019/5/3, 54
2019/5/4, 97
2019/5/5, 87
2019/5/7, 71
2019/5/8, 5
2019/5/9, 8
2019/5/10, 98
2019/5/11, 77
2019/5/12, 56
2019/5/13, 39
2019/5/14, 56
2019/5/15, 99
2019/5/16, 140
2019/5/17, 77
2019/5/18, 94
2019/5/19, 80
2019/5/20, 81
2019/5/21, 154
2019/5/22, 102
2019/5/23, 120
2019/5/24, 158
2019/5/25, 159
2019/5/26, 76
2019/5/27, 86
2019/5/28, 136
2019/5/29, 157
2019/5/30, 147
2019/5/31, 70
2019/6/1, 78
2019/6/2, 89
2019/6/3, 115
2019/6/4, 143
2019/6/5, 124
2019/6/6, 144
2019/6/7, 145
2019/6/8, 132
2019/6/9, 99
2019/6/10, 105
2019/6/11, 113
2019/6/12, 125
2019/6/13, 143
2019/6/14, 109
2019/6/15, 141
2019/6/16, 148
2019/6/17, 83
2019/6/18, 110
2019/6/19, 163
2019/6/20, 171
2019/6/21, 150
2019/6/22, 160
2019/6/23, 106
2019/6/24, 132
2019/6/25, 129
2019/6/26, 98
2019/6/27, 112
2019/6/28, 118
2019/6/29, 184
2019/6/30, 179
2019/7/1, 169
2019/1/2, 47
2019/1/3, 42
2019/1/4, 25
2019/1/5, 15
2019/1/6, 14
2019/1/7, 19
2019/1/8, 43
2019/1/9, 53
2019/1/10, 58
2019/1/11, 32
2019/1/12, 23
2019/1/13, 28
2019/1/14, 24
2019/1/15, 18
2019/1/16, 19
2019/1/17, 29
2019/1/18, 17
2019/1/19, 17
2019/1/20, 15
2019/1/21, 11
2019/1/22, 21
2019/1/23, 31
2019/1/24, 25
2019/1/25, 19
2019/1/26, 21
2019/1/27, 35
2019/1/28, 17
2019/1/29, 15
2019/1/30, 17
2019/1/31, 32
2019/2/1, 32
2019/2/2, 24
2019/2/3, 24
2019/2/4, 29
2019/2/5, 43
2019/2/6, 55
2019/2/7, 19
2019/2/8, 26
2019/2/9, 19
2019/2/10, 13
2019/2/11, 19
2019/2/12, 18
2019/2/13, 26
2019/2/14, 15
2019/2/15, 12
2019/2/16, 9
2019/2/17, 6
2019/2/18, 9
2019/2/19, 11
2019/2/20, 15
2019/2/21, 23
2019/2/22, 35
2019/2/23, 26
2019/2/24, 16
2019/2/25, 13
2019/2/26, 11
2019/2/27, 16
2019/2/28, 32
2019/3/1, 36
2019/3/2, 22
2019/3/3, 11
2019/3/4, 32
2019/3/5, 48
2019/3/6, 56
2019/3/7, 52
2019/3/8, 46
2019/3/9, 51
2019/3/10, 56
2019/3/11, 63
2019/3/12, 21
2019/3/13, 41
2019/3/14, 38
2019/3/15, 65
2019/3/16, 53
2019/3/17, 49
2019/3/18, 22
2019/3/19, 33
2019/3/20, 35
2019/3/21, 37
2019/3/22, 69
2019/3/23, 43
2019/3/24, 74
2019/3/25, 23
2019/3/26, 49
2019/3/27, 65
2019/3/28, 85
2019/3/29, 46
2019/3/30, 42
2019/3/31, 52
2019/4/1, 68
2018/10/2, 82
2018/10/3, 74
2018/10/4, 53
2018/10/5, 49
2018/10/6, 79
2018/10/7, 139
2018/10/8, 78
2018/10/9, 81
2018/10/10, 69
2018/10/11, 54
2018/10/12, 59
2018/10/13, 40
2018/10/14, 87
2018/10/15, 94
2018/10/16, 55
2018/10/17, 54
2018/10/18, 81
2018/10/19, 41
2018/10/20, 31
2018/10/21, 57
2018/10/22, 81
2018/10/23, 44
2018/10/24, 59
2018/10/25, 52
2018/10/26, 46
2018/10/27, 53
2018/10/28, 49
2018/10/29, 59
2018/10/30, 33
2018/10/31, 30
2018/11/1, 60
2018/11/2, 57
2018/11/3, 58
2018/11/4, 43
2018/11/6, 62
2018/11/7, 49
2018/11/8, 59
2018/11/9, 48
2018/11/10, 40
2018/11/11, 74
2018/11/12, 57
2018/11/13, 52
2018/11/14, 33
2018/11/15, 25
2018/11/16, 34
2018/11/17, 43
2018/11/18, 45
2018/11/19, 33
2018/11/20, 39
2018/11/21, 40
2018/11/22, 54
2018/11/23, 70
2018/11/24, 58
2018/11/27, 26
2018/11/28, 42
2018/11/29, 23
2018/11/30, 18
2018/12/1, 26
2018/12/2, 34
2018/12/3, 42
2018/12/4, 27
2018/12/5, 20
2018/12/6, 23
2018/12/7, 21
2018/12/8, 26
2018/12/9, 26
2018/12/10, 20
2018/12/11, 18
2018/12/12, 26
2018/12/13, 26
2018/12/14, 30
2018/12/15, 23
2018/12/16, 26
2018/12/17, 18
2018/12/18, 19
2018/12/19, 18
2018/12/20, 18
2018/12/21, 26
2018/12/22, 12
2018/12/23, 12
2018/12/24, 16
2018/12/25, 19
2018/12/26, 18
2018/12/27, 26
2018/12/28, 12
2018/12/29, 19
2018/12/30, 51
2018/12/31, 36
2018/7/2, 173
2018/7/3, 160
2018/7/4, 106
2018/7/5, 114
2018/7/6, 59
2018/7/7, 84
2018/7/8, 137
2018/7/9, 160
2018/7/10, 157
2018/7/11, 178
2018/7/12, 165
2018/7/13, 155
2018/7/14, 162
2018/7/15, 97
2018/7/16, 100
2018/7/17, 147
2018/7/18, 141
2018/7/19, 120
2018/7/20, 78
2018/7/21, 142
2018/7/22, 164
2018/7/23, 161
2018/7/24, 168
2018/7/25, 166
2018/7/26, 161
2018/7/27, 157
2018/7/28, 151
2018/7/29, 166
2018/7/30, 89
2018/7/31, 57
2018/8/1, 121
2018/8/2, 154
2018/8/3, 154
2018/8/4, 81
2018/8/5, 106
2018/8/6, 133
2018/8/7, 110
2018/8/8, 156
2018/8/9, 159
2018/8/10, 98
2018/8/11, 160
2018/8/12, 137
2018/8/13, 164
2018/8/14, 143
2018/8/15, 145
2018/8/16, 148
2018/8/17, 119
2018/8/18, 63
2018/8/19, 97
2018/8/20, 91
2018/8/21, 115
2018/8/22, 173
2018/8/23, 151
2018/8/24, 86
2018/8/25, 92
2018/8/26, 158
2018/8/27, 131
2018/8/28, 68
2018/8/29, 68
2018/8/30, 73
2018/8/31, 109
2018/9/1, 132
2018/9/2, 134
2018/9/3, 120
2018/9/4, 131
2018/9/5, 108
2018/9/6, 92
2018/9/7, 90
2018/9/8, 99
2018/9/9, 96
2018/9/10, 106
2018/9/11, 94
2018/9/12, 70
2018/9/13, 60
2018/9/14, 57
2018/9/15, 63
2018/9/16, 78
2018/9/17, 70
2018/9/18, 92
2018/9/19, 53
2018/9/20, 81
2018/9/21, 75
2018/9/22, 119
2018/9/23, 81
2018/9/24, 107
2018/9/25, 107
2018/9/26, 78
2018/9/27, 71
2018/9/28, 86
2018/9/29, 83
2018/9/30, 61
2018/10/1, 83
2018/4/17, 96
2018/4/18, 68
2018/4/19, 89
2018/4/20, 60
2018/4/21, 63
2018/4/22, 99
2018/4/23, 75
2018/4/24, 139
2018/4/25, 158
2018/4/26, 124
2018/4/27, 110
2018/4/28, 88
2018/4/29, 119
2018/4/30, 85
2018/5/1, 85
2018/5/2, 88
2018/5/3, 146
2018/5/4, 97
2018/5/5, 89
2018/5/6, 105
2018/5/7, 98
2018/5/8, 154
2018/5/9, 181
2018/5/10, 96
2018/5/11, 95
2018/5/12, 96
2018/5/13, 32
2018/5/14, 22
2018/5/15, 21
2018/5/16, 82
2018/5/17, 118
2018/5/18, 88
2018/5/19, 125
2018/5/20, 136
2018/5/24, 117
2018/5/25, 161
2018/5/26, 148
2018/5/27, 98
2018/5/28, 157
2018/5/29, 94
2018/5/30, 126
2018/5/31, 151
2018/6/1, 167
2018/6/2, 136
2018/6/3, 115
2018/6/4, 99
2018/6/5, 164
2018/6/6, 161
2018/6/7, 152
2018/6/8, 130
2018/6/9, 138
2018/6/10, 152
2018/6/11, 155
2018/6/12, 159
2018/6/13, 177
2018/6/14, 154
2018/6/15, 130
2018/6/16, 127
2018/6/17, 139
2018/6/18, 140
2018/6/19, 160
2018/6/20, 138
2018/6/21, 137
2018/6/22, 94
2018/6/23, 101
2018/6/24, 70
2018/6/25, 126
2018/6/26, 148
2018/6/27, 145
2018/6/28, 128
2018/6/29, 83
2018/6/30, 90
2018/7/1, 146
2018/1/11, 999
2018/1/12, 26
2018/1/13, 20
2018/1/14, 27
2018/1/15, 22
2018/1/16, 145
2018/1/17, 951
2018/1/18, 999
2017/11/1, 69
2017/11/2, 66
2017/11/3, 67
2017/11/4, 37
2017/11/5, 35
2017/11/6, 54
2017/11/7, 56
2017/11/8, 54
2017/11/9, 32
2017/11/10, 58
2017/11/11, 43
2017/11/12, 39
2017/11/13, 64
2017/11/14, 40
2017/11/15, 41
2017/11/16, 37
2017/11/17, 57
2017/11/18, 36
2017/11/19, 28
2017/11/20, 29
2017/11/21, 27
2017/11/22, 22
2017/11/24, 27
2017/11/25, 29
2017/11/26, 21
2017/11/27, 22
2017/11/28, 50
2017/11/29, 42
2017/11/30, 21
2017/12/1, 26
2017/12/2, 36
2017/12/3, 31
2017/12/4, 34
2017/12/5, 21
2017/12/6, 14
2017/12/7, 13
2017/12/8, 18
2017/12/9, 20
2017/12/10, 17
2017/12/11, 21
2017/12/12, 17
2017/12/13, 999
2017/12/16, 45
2017/12/17, 39
2017/12/18, 28
2017/12/19, 24
2017/12/20, 31
2017/12/21, 49
2017/12/22, 48
2017/12/23, 53
2017/12/24, 55
2017/12/25, 106
2017/12/26, 909
2017/12/27, 999