date, pm25, so2
2023/11/7, 13, 
2023/11/8, 20, 
2023/11/9, 25, 
2023/11/10, 16, 
2023/11/11, 14, 
2023/11/12, 20, 
2023/11/13, 9, 
2023/11/14, 15, 
2023/11/15, 14, 
2023/10/2, 36, 
2023/10/3, 31, 
2023/10/4, 24, 
2023/10/6, 41, 
2023/10/7, 22, 
2023/10/8, 27, 
2023/10/9, 34, 
2023/10/10, 30, 
2023/10/11, 33, 
2023/10/12, 39, 
2023/10/13, 40, 
2023/10/14, 29, 
2023/10/15, 36, 
2023/10/16, 37, 
2023/10/17, 39, 
2023/10/18, 36, 
2023/10/19, 38, 
2023/10/20, 37, 
2023/10/21, 29, 
2023/10/22, 28, 
2023/10/23, 29, 
2023/10/24, 30, 
2023/10/31, 29, 
2023/7/2, 54, 
2023/7/3, 37, 
2023/7/4, 41, 
2023/7/5, 46, 
2023/7/6, 56, 
2023/7/7, 57, 
2023/7/8, 53, 
2023/7/9, 45, 
2023/7/10, 38, 
2023/7/11, 50, 
2023/7/12, 51, 
2023/7/13, 47, 
2023/7/14, 36, 
2023/7/15, 35, 
2023/7/16, 28, 
2023/7/17, 31, 
2023/7/18, 40, 
2023/7/19, 56, 
2023/7/20, 54, 
2023/7/21, 49, 
2023/7/22, 43, 
2023/7/23, 44, 
2023/7/24, 37, 
2023/7/25, 32, 
2023/7/26, 25, 
2023/7/27, 30, 
2023/7/28, 34, 
2023/7/29, 36, 
2023/7/30, 47, 
2023/7/31, 43, 
2023/8/1, 36, 
2023/8/2, 44, 
2023/8/3, 42, 
2023/8/4, 38, 
2023/8/5, 37, 
2023/8/6, 70, 
2023/8/7, 43, 
2023/8/8, 43, 
2023/8/9, 28, 
2023/8/10, 30, 
2023/8/11, 26, 
2023/8/12, 29, 
2023/8/13, 25, 
2023/8/14, 29, 
2023/8/15, 30, 
2023/8/16, 28, 
2023/8/17, 29, 
2023/8/18, 31, 
2023/8/19, 28, 
2023/8/20, 26, 
2023/8/21, 33, 
2023/8/22, 45, 
2023/8/23, 38, 
2023/8/24, 42, 
2023/8/25, 27, 
2023/8/26, 37, 
2023/8/27, 43, 
2023/8/28, 29, 
2023/8/29, 27, 
2023/8/30, 28, 
2023/8/31, 30, 
2023/9/1, 32, 
2023/9/2, 21, 
2023/9/3, 24, 
2023/9/4, 27, 
2023/9/5, 45, 
2023/9/6, 30, 
2023/9/7, 25, 
2023/9/8, 29, 
2023/9/9, 30, 
2023/9/10, 35, 
2023/9/11, 18, 
2023/9/12, 16, 
2023/9/13, 28, 
2023/9/14, 31, 
2023/9/15, 42, 
2023/9/16, 31, 
2023/9/17, 23, 
2023/9/18, 43, 
2023/9/19, 33, 
2023/9/20, 34, 
2023/9/21, 31, 
2023/9/22, 34, 
2023/9/23, 23, 
2023/9/24, 20, 
2023/9/25, 65, 
2023/9/26, 41, 
2023/9/27, 50, 
2023/9/28, 23, 
2023/9/29, 19, 
2023/9/30, 31, 
2023/10/1, 29, 
2023/4/2, 32, 
2023/4/3, 33, 
2023/4/4, 33, 
2023/4/5, 36, 
2023/4/6, 40, 
2023/4/7, 63, 
2023/4/8, 41, 
2023/4/9, 34, 
2023/4/10, 40, 
2023/4/11, 49, 
2023/4/12, 44, 
2023/4/13, 55, 
2023/4/14, 54, 
2023/4/15, 45, 
2023/4/16, 42, 
2023/4/17, 39, 
2023/4/18, 40, 
2023/4/19, 40, 
2023/4/20, 48, 
2023/4/21, 46, 
2023/4/22, 50, 
2023/4/23, 47, 
2023/4/24, 44, 
2023/4/25, 39, 
2023/4/26, 46, 
2023/4/27, 38, 
2023/4/28, 51, 
2023/4/29, 49, 
2023/4/30, 56, 
2023/5/1, 39, 
2023/5/2, 31, 
2023/5/3, 40, 
2023/5/4, 46, 
2023/5/5, 29, 
2023/5/6, 39, 
2023/5/7, 41, 
2023/5/8, 52, 
2023/5/9, 55, 
2023/5/10, 59, 
2023/5/11, 52, 
2023/5/12, 53, 
2023/5/13, 50, 
2023/5/14, 51, 
2023/5/15, 45, 
2023/5/16, 40, 
2023/5/17, 49, 
2023/5/18, 51, 
2023/5/19, 45, 
2023/5/20, 25, 
2023/5/21, 37, 
2023/5/22, 43, 
2023/5/23, 39, 
2023/5/24, 41, 
2023/5/25, 49, 
2023/5/26, 48, 
2023/5/27, 47, 
2023/5/28, 44, 
2023/5/29, 40, 
2023/5/30, 34, 
2023/5/31, 51, 
2023/6/1, 50, 
2023/6/2, 38, 
2023/6/3, 33, 
2023/6/4, 43, 
2023/6/5, 46, 
2023/6/6, 50, 
2023/6/7, 47, 
2023/6/8, 47, 
2023/6/9, 51, 
2023/6/10, 53, 
2023/6/11, 48, 
2023/6/12, 36, 
2023/6/13, 28, 
2023/6/14, 36, 
2023/6/15, 44, 
2023/6/16, 53, 
2023/6/17, 52, 
2023/6/18, 54, 
2023/6/19, 40, 
2023/6/20, 40, 
2023/6/21, 55, 
2023/6/22, 44, 
2023/6/23, 29, 
2023/6/24, 41, 
2023/6/25, 35, 
2023/6/26, 32, 
2023/6/27, 40, 
2023/6/28, 34, 
2023/6/29, 38, 
2023/6/30, 35, 
2023/7/1, 41, 
2023/1/3, 48, 
2023/1/4, 50, 
2023/1/5, 44, 
2023/1/6, 39, 
2023/1/7, 53, 
2023/1/8, 53, 
2023/1/9, 35, 
2023/1/10, 49, 
2023/1/11, 61, 
2023/1/12, 57, 
2023/1/13, 41, 
2023/1/14, 53, 
2023/1/15, 54, 
2023/1/16, 43, 
2023/1/17, 42, 
2023/1/18, 49, 
2023/1/19, 54, 
2023/1/20, 58, 
2023/1/21, 55, 
2023/1/22, 48, 
2023/1/23, 42, 
2023/1/24, 43, 
2023/1/25, 53, 
2023/1/26, 51, 
2023/1/27, 47, 
2023/1/28, 47, 
2023/1/29, 46, 
2023/1/30, 40, 
2023/1/31, 39, 
2023/2/1, 41, 
2023/2/2, 52, 
2023/2/3, 42, 
2023/2/4, 33, 
2023/2/5, 24, 
2023/2/6, 15, 
2023/2/7, 15, 
2023/2/8, 38, 
2023/2/9, 44, 
2023/2/10, 48, 
2023/2/11, 65, 
2023/2/12, 55, 
2023/2/13, 50, 
2023/2/14, 55, 
2023/2/15, 59, 
2023/2/16, 54, 
2023/2/17, 39, 
2023/2/18, 45, 
2023/2/19, 42, 
2023/2/20, 50, 
2023/2/21, 38, 
2023/2/22, 43, 
2023/2/23, 41, 
2023/2/24, 56, 
2023/2/25, 44, 
2023/2/26, 42, 
2023/2/27, 37, 
2023/2/28, 45, 
2023/3/1, 50, 
2023/3/2, 48, 
2023/3/3, 54, 
2023/3/4, 47, 
2023/3/5, 53, 
2023/3/6, 43, 
2023/3/7, 38, 
2023/3/8, 46, 
2023/3/9, 49, 
2023/3/10, 40, 
2023/3/11, 43, 
2023/3/12, 34, 
2023/3/13, 38, 
2023/3/14, 30, 
2023/3/15, 35, 
2023/3/16, 52, 
2023/3/17, 42, 
2023/3/18, 38, 
2023/3/19, 36, 
2023/3/20, 32, 
2023/3/21, 24, 
2023/3/22, 32, 
2023/3/23, 42, 
2023/3/24, 45, 
2023/3/25, 42, 
2023/3/26, 36, 
2023/3/27, 31, 
2023/3/28, 38, 
2023/3/29, 59, 
2023/3/30, 51, 
2023/3/31, 51, 
2023/4/1, 46, 
2022/10/2, 59, 
2022/10/3, 52, 
2022/10/4, 57, 
2022/10/5, 46, 
2022/10/6, 55, 
2022/10/7, 62, 
2022/10/8, 46, 
2022/10/9, 34, 
2022/10/10, 40, 
2022/10/11, 40, 
2022/10/12, 42, 
2022/10/13, 49, 
2022/10/14, 43, 
2022/10/15, 42, 
2022/10/16, 46, 
2022/10/17, 56, 
2022/10/18, 49, 
2022/10/19, 48, 
2022/10/20, 46, 
2022/10/21, 41, 
2022/10/22, 44, 
2022/10/23, 42, 
2022/10/24, 52, 
2022/10/25, 50, 
2022/10/26, 40, 
2022/10/27, 37, 
2022/10/28, 50, 
2022/10/29, 46, 
2022/10/30, 41, 
2022/10/31, 40, 
2022/11/1, 43, 
2022/11/2, 45, 
2022/11/3, 59, 
2022/11/4, 72, 
2022/11/5, 52, 
2022/11/6, 45, 
2022/11/7, 46, 
2022/11/8, 51, 
2022/11/9, 45, 
2022/11/10, 54, 
2022/11/11, 49, 
2022/11/12, 57, 
2022/11/13, 46, 
2022/11/14, 43, 
2022/11/15, 43, 
2022/11/16, 30, 
2022/11/17, 44, 
2022/11/18, 34, 
2022/11/19, 35, 
2022/11/20, 37, 
2022/11/21, 28, 
2022/11/22, 37, 
2022/11/23, 43, 
2022/11/24, 52, 
2022/11/25, 48, 
2022/11/26, 62, 
2022/11/27, 48, 
2022/11/28, 38, 
2022/11/29, 26, 
2022/11/30, 21, 
2022/12/1, 33, 
2022/12/2, 46, 
2022/12/3, 46, 
2022/12/4, 44, 
2022/12/5, 43, 
2022/12/6, 45, 
2022/12/7, 43, 
2022/12/8, 42, 
2022/12/9, 41, 
2022/12/10, 36, 
2022/12/11, 42, 
2022/12/12, 39, 
2022/12/13, 40, 
2022/12/14, 49, 
2022/12/15, 78, 
2022/12/16, 50, 
2022/12/17, 25, 
2022/12/18, 31, 
2022/12/19, 34, 
2022/12/20, 47, 
2022/12/21, 55, 
2022/12/22, 62, 
2022/12/23, 55, 
2022/12/24, 46, 
2022/12/25, 48, 
2022/12/26, 44, 
2022/12/27, 49, 
2022/12/28, 67, 
2022/12/29, 62, 
2022/12/30, 55, 
2022/12/31, 51, 
2023/1/1, 59, 
2023/1/2, 64, 
2022/7/2, 43, 
2022/7/3, 58, 
2022/7/4, 54, 
2022/7/5, 56, 
2022/7/6, 51, 
2022/7/7, 56, 
2022/7/8, 57, 
2022/7/9, 32, 
2022/7/10, 49, 
2022/7/11, 51, 
2022/7/12, 64, 
2022/7/13, 71, 
2022/7/14, 44, 
2022/7/15, 42, 
2022/7/16, 46, 
2022/7/17, 44, 
2022/7/18, 58, 
2022/7/19, 52, 
2022/7/20, 60, 
2022/7/21, 70, 
2022/7/22, 67, 
2022/7/23, 60, 
2022/7/24, 65, 
2022/7/25, 63, 
2022/7/26, 60, 
2022/7/27, 72, 
2022/7/28, 68, 
2022/7/29, 51, 
2022/7/30, 69, 
2022/7/31, 39, 
2022/8/1, 48, 
2022/8/2, 51, 
2022/8/3, 60, 
2022/8/4, 51, 
2022/8/5, 70, 
2022/8/6, 75, 
2022/8/7, 45, 
2022/8/8, 59, 
2022/8/9, 52, 
2022/8/10, 56, 
2022/8/11, 51, 
2022/8/12, 41, 
2022/8/13, 39, 
2022/8/14, 53, 
2022/8/15, 54, 
2022/8/16, 50, 
2022/8/17, 54, 
2022/8/18, 60, 
2022/8/19, 61, 
2022/8/20, 59, 
2022/8/21, 61, 
2022/8/22, 50, 
2022/8/23, 55, 
2022/8/24, 66, 
2022/8/25, 60, 
2022/8/26, 59, 
2022/8/27, 61, 
2022/8/28, 53, 
2022/8/29, 61, 
2022/8/30, 53, 
2022/8/31, 65, 
2022/9/1, 55, 
2022/9/2, 53, 
2022/9/3, 51, 
2022/9/4, 51, 
2022/9/5, 57, 
2022/9/6, 62, 
2022/9/7, 65, 
2022/9/8, 58, 
2022/9/9, 52, 
2022/9/10, 42, 
2022/9/11, 49, 
2022/9/12, 42, 
2022/9/13, 37, 
2022/9/14, 37, 
2022/9/15, 52, 
2022/9/16, 62, 
2022/9/17, 43, 
2022/9/18, 49, 
2022/9/19, 54, 
2022/9/20, 48, 
2022/9/21, 34, 
2022/9/22, 40, 
2022/9/23, 48, 
2022/9/24, 45, 
2022/9/25, 41, 
2022/9/26, 47, 
2022/9/27, 46, 
2022/9/28, 49, 
2022/9/29, 49, 
2022/9/30, 45, 
2022/10/1, 50, 
2022/4/2, 43, 
2022/4/3, 42, 
2022/4/4, 42, 
2022/4/5, 57, 
2022/4/6, 38, 
2022/4/7, 33, 
2022/4/8, 37, 
2022/4/9, 41, 
2022/4/10, 37, 
2022/4/11, 23, 
2022/4/12, 22, 
2022/4/13, 26, 
2022/4/14, 35, 
2022/4/15, 36, 
2022/4/16, 48, 
2022/4/17, 45, 
2022/4/18, 42, 
2022/4/19, 41, 
2022/4/20, 63, 
2022/4/21, 54, 
2022/4/22, 62, 
2022/4/23, 66, 
2022/4/24, 50, 
2022/4/25, 47, 
2022/4/26, 49, 
2022/4/27, 54, 
2022/4/28, 51, 
2022/4/29, 43, 
2022/4/30, 35, 
2022/5/1, 67, 
2022/5/2, 49, 
2022/5/3, 45, 
2022/5/4, 53, 
2022/5/5, 53, 
2022/5/6, 54, 
2022/5/7, 61, 
2022/5/8, 47, 
2022/5/9, 40, 
2022/5/10, 45, 
2022/5/11, 57, 
2022/5/12, 51, 
2022/5/13, 50, 
2022/5/14, 61, 
2022/5/15, 69, 
2022/5/16, 65, 
2022/5/17, 60, 
2022/5/18, 70, 
2022/5/19, 60, 
2022/5/20, 78, 
2022/5/21, 63, 
2022/5/22, 63, 
2022/5/23, 58, 
2022/5/24, 52, 
2022/5/25, 49, 
2022/5/26, 52, 
2022/5/27, 59, 
2022/5/28, 58, 
2022/5/29, 45, 
2022/5/30, 50, 
2022/5/31, 49, 
2022/6/1, 46, 
2022/6/2, 48, 
2022/6/3, 55, 
2022/6/4, 73, 
2022/6/5, 62, 
2022/6/6, 51, 
2022/6/7, 46, 
2022/6/8, 57, 
2022/6/9, 36, 
2022/6/10, 33, 
2022/6/11, 53, 
2022/6/12, 56, 
2022/6/13, 53, 
2022/6/14, 59, 
2022/6/15, 42, 
2022/6/16, 48, 
2022/6/17, 45, 
2022/6/18, 50, 
2022/6/19, 51, 
2022/6/20, 50, 
2022/6/21, 61, 
2022/6/22, 47, 
2022/6/23, 53, 
2022/6/24, 50, 
2022/6/25, 55, 
2022/6/26, 48, 
2022/6/27, 43, 
2022/6/28, 44, 
2022/6/29, 55, 
2022/6/30, 49, 
2022/7/1, 47, 
2022/1/4, 52, 
2022/1/5, 46, 
2022/1/6, 50, 
2022/1/7, 53, 
2022/1/8, 52, 
2022/1/9, 47, 
2022/1/10, 43, 
2022/1/11, 51, 
2022/1/12, 59, 
2022/1/13, 49, 
2022/1/14, 46, 
2022/1/15, 54, 
2022/1/16, 52, 
2022/1/17, 43, 
2022/1/18, 51, 
2022/1/19, 52, 
2022/1/20, 55, 
2022/1/21, 46, 
2022/1/22, 39, 
2022/1/23, 39, 
2022/1/24, 31, 
2022/1/25, 43, 
2022/1/26, 42, 
2022/1/27, 45, 
2022/1/28, 51, 
2022/1/29, 46, 
2022/1/30, 50, 
2022/1/31, 35, 
2022/2/1, 46, 
2022/2/2, 51, 
2022/2/3, 51, 
2022/2/4, 59, 
2022/2/5, 54, 
2022/2/6, 53, 
2022/2/7, 51, 
2022/2/8, 52, 
2022/2/9, 51, 
2022/2/10, 54, 
2022/2/11, 53, 
2022/2/12, 67, 
2022/2/13, 72, 
2022/2/14, 63, 
2022/2/15, 61, 
2022/2/16, 48, 
2022/2/17, 50, 
2022/2/18, 60, 
2022/2/19, 42, 
2022/2/20, 55, 
2022/2/21, 43, 
2022/2/22, 54, 
2022/2/23, 45, 
2022/2/24, 50, 
2022/2/25, 31, 
2022/2/26, 10, 
2022/2/27, 12, 
2022/2/28, 20, 
2022/3/1, 39, 
2022/3/2, 33, 
2022/3/3, 37, 
2022/3/4, 29, 
2022/3/5, 45, 
2022/3/6, 45, 
2022/3/7, 39, 
2022/3/8, 40, 
2022/3/9, 41, 
2022/3/10, 37, 
2022/3/11, 40, 
2022/3/12, 28, 
2022/3/13, 25, 
2022/3/14, 40, 
2022/3/15, 51, 
2022/3/16, 63, 
2022/3/17, 48, 
2022/3/18, 51, 
2022/3/19, 58, 
2022/3/20, 74, 
2022/3/21, 66, 
2022/3/22, 56, 
2022/3/23, 53, 
2022/3/24, 51, 
2022/3/25, 54, 
2022/3/26, 44, 
2022/3/27, 54, 
2022/3/28, 48, 
2022/3/29, 46, 
2022/3/30, 47, 
2022/3/31, 44, 
2022/4/1, 35, 
2021/10/2, 60, 
2021/10/3, 50, 
2021/10/4, 51, 
2021/10/5, 48, 
2021/10/6, 55, 
2021/10/7, 64, 
2021/10/8, 66, 
2021/10/9, 52, 
2021/10/10, 49, 
2021/10/11, 53, 
2021/10/12, 53, 
2021/10/13, 53, 
2021/10/14, 54, 
2021/10/15, 51, 
2021/10/16, 47, 
2021/10/17, 58, 
2021/10/18, 55, 
2021/10/19, 62, 
2021/10/20, 58, 
2021/10/21, 55, 
2021/10/22, 60, 
2021/10/23, 56, 
2021/10/24, 56, 
2021/10/25, 51, 
2021/10/26, 49, 
2021/10/27, 54, 
2021/10/28, 56, 
2021/10/29, 63, 
2021/10/30, 63, 
2021/10/31, 63, 
2021/11/1, 52, 
2021/11/2, 56, 
2021/11/3, 57, 
2021/11/4, 59, 
2021/11/5, 49, 
2021/11/6, 49, 
2021/11/7, 55, 
2021/11/8, 59, 
2021/11/9, 54, 
2021/11/10, 51, 
2021/11/11, 56, 
2021/11/12, 57, 
2021/11/13, 48, 
2021/11/14, 52, 
2021/11/15, 48, 
2021/11/16, 44, 
2021/11/17, 45, 
2021/11/18, 43, 
2021/11/19, 65, 
2021/11/20, 59, 
2021/11/21, 57, 
2021/11/22, 55, 
2021/11/23, 55, 
2021/11/24, 42, 
2021/11/25, 42, 
2021/11/26, 63, 
2021/11/27, 58, 
2021/11/28, 57, 
2021/11/29, 57, 
2021/11/30, 52, 
2021/12/1, 49, 
2021/12/2, 43, 
2021/12/3, 67, 
2021/12/4, 56, 
2021/12/5, 61, 
2021/12/6, 51, 
2021/12/7, 54, 
2021/12/8, 60, 
2021/12/9, 59, 
2021/12/10, 49, 
2021/12/11, 48, 
2021/12/12, 54, 
2021/12/13, 49, 
2021/12/14, 44, 
2021/12/15, 54, 
2021/12/16, 56, 
2021/12/17, 52, 
2021/12/18, 53, 
2021/12/19, 45, 
2021/12/20, 42, 
2021/12/21, 36, 
2021/12/22, 43, 
2021/12/23, 40, 
2021/12/24, 43, 
2021/12/25, 42, 
2021/12/26, 49, 
2021/12/27, 45, 
2021/12/28, 43, 
2021/12/29, 40, 
2021/12/30, 42, 
2021/12/31, 44, 
2022/1/1, 57, 
2022/1/2, 79, 
2022/1/3, 44, 
2021/7/8, 88, 
2021/7/9, 52, 
2021/7/10, 61, 
2021/7/11, 60, 
2021/7/12, 6, 
2021/7/13, 8, 
2021/7/14, 35, 
2021/7/15, 73, 
2021/7/16, 62, 
2021/7/17, 61, 
2021/7/18, 58, 
2021/7/19, 77, 
2021/7/20, 73, 
2021/7/21, 79, 
2021/7/22, 106, 
2021/7/23, 80, 
2021/7/24, 77, 
2021/7/25, 65, 
2021/7/26, 59, 
2021/7/27, 54, 
2021/7/28, 48, 
2021/7/29, 56, 
2021/7/30, 70, 
2021/7/31, 69, 
2021/8/1, 57, 
2021/8/2, 69, 
2021/8/3, 70, 
2021/8/4, 65, 
2021/8/5, 69, 
2021/8/6, 77, 
2021/8/7, 69, 
2021/8/8, 62, 
2021/8/9, 56, 
2021/8/10, 44, 
2021/8/11, 41, 
2021/8/12, 46, 
2021/8/13, 44, 
2021/8/14, 50, 
2021/8/15, 56, 
2021/8/16, 55, 
2021/8/17, 59, 
2021/8/18, 62, 
2021/8/19, 63, 
2021/8/20, 58, 
2021/8/21, 54, 
2021/8/22, 42, 
2021/8/23, 39, 
2021/8/24, 38, 
2021/8/25, 29, 
2021/8/26, 32, 
2021/8/27, 43, 
2021/8/28, 35, 
2021/8/29, 88, 
2021/8/30, 81, 
2021/8/31, 61, 
2021/9/1, 65, 
2021/9/2, 56, 
2021/9/3, 52, 
2021/9/4, 52, 
2021/9/5, 55, 
2021/9/6, 48, 
2021/9/7, 41, 
2021/9/8, 43, 
2021/9/9, 56, 
2021/9/10, 53, 
2021/9/11, 60, 
2021/9/12, 59, 
2021/9/13, 64, 
2021/9/14, 65, 
2021/9/15, 52, 
2021/9/16, 51, 
2021/9/17, 57, 
2021/9/18, 60, 
2021/9/19, 72, 
2021/9/20, 49, 
2021/9/21, 44, 
2021/9/22, 43, 
2021/9/23, 52, 
2021/9/24, 57, 
2021/9/25, 52, 
2021/9/26, 60, 
2021/9/27, 60, 
2021/9/28, 52, 
2021/9/29, 44, 
2021/9/30, 50, 
2021/10/1, 51, 
2021/4/2, 43, 
2021/4/3, 32, 
2021/4/4, 17, 
2021/4/5, 20, 
2021/4/6, 44, 
2021/4/7, 30, 
2021/4/8, 23, 
2021/4/9, 25, 
2021/4/10, 25, 
2021/4/11, 28, 
2021/4/12, 35, 
2021/4/13, 50, 
2021/4/14, 47, 
2021/4/15, 46, 
2021/4/16, 43, 
2021/4/17, 37, 
2021/4/18, 44, 
2021/4/19, 51, 
2021/4/20, 55, 
2021/4/21, 55, 
2021/4/22, 31, 
2021/4/23, 22, 
2021/4/24, 37, 
2021/4/25, 38, 
2021/4/26, 35, 
2021/4/27, 36, 
2021/4/28, 49, 
2021/4/29, 41, 
2021/4/30, 41, 
2021/5/1, 44, 
2021/5/2, 50, 
2021/5/3, 57, 
2021/5/4, 5, 
2021/5/5, 4, 
2021/1/5, 39, 
2021/1/6, 41, 
2021/1/7, 39, 
2021/1/8, 42, 
2021/1/9, 44, 
2021/1/10, 45, 
2021/1/11, 40, 
2021/1/12, 41, 
2021/1/13, 48, 
2021/1/14, 37, 
2021/1/15, 43, 
2021/1/16, 45, 
2021/1/17, 43, 
2021/1/18, 42, 
2021/1/19, 37, 
2021/1/20, 49, 
2021/1/21, 44, 
2021/1/22, 50, 
2021/1/23, 60, 
2021/1/24, 44, 
2021/1/25, 37, 
2021/1/26, 45, 
2021/1/27, 58, 
2021/1/28, 46, 
2021/1/29, 36, 
2021/1/30, 43, 
2021/1/31, 37, 
2021/2/1, 44, 
2021/2/2, 40, 
2021/2/3, 35, 
2021/2/4, 33, 
2021/2/5, 35, 
2021/2/6, 46, 
2021/2/7, 40, 
2021/2/8, 39, 
2021/2/9, 40, 
2021/2/10, 40, 
2021/2/11, 35, 
2021/2/12, 32, 
2021/2/13, 43, 
2021/2/14, 53, 
2021/2/15, 56, 
2021/2/16, 53, 
2021/2/17, 47, 
2021/2/18, 52, 
2021/2/19, 55, 
2021/2/20, 56, 
2021/2/21, 46, 
2021/2/22, 44, 
2021/2/23, 32, 
2021/2/24, 13, 
2021/2/25, 10, 
2021/2/26, 18, 
2021/2/27, 37, 
2021/2/28, 43, 
2021/3/1, 40, 
2021/3/2, 41, 
2021/3/3, 46, 
2021/3/4, 34, 
2021/3/5, 37, 
2021/3/6, 33, 
2021/3/7, 40, 
2021/3/8, 42, 
2021/3/9, 38, 
2021/3/10, 34, 
2021/3/11, 35, 
2021/3/12, 37, 
2021/3/13, 32, 
2021/3/14, 42, 
2021/3/15, 43, 
2021/3/16, 35, 
2021/3/17, 38, 
2021/3/18, 36, 
2021/3/19, 45, 
2021/3/20, 45, 
2021/3/21, 49, 
2021/3/22, 54, 
2021/3/23, 46, 
2021/3/24, 49, 
2021/3/25, 44, 
2021/3/26, 42, 
2021/3/27, 41, 
2021/3/28, 42, 
2021/3/29, 42, 
2021/3/30, 45, 
2021/3/31, 48, 
2021/4/1, 48, 
2020/10/2, 43, 
2020/10/3, 39, 
2020/10/4, 31, 
2020/10/5, 38, 
2020/10/6, 40, 
2020/10/7, 36, 
2020/10/8, 34, 
2020/10/9, 48, 
2020/10/10, 47, 
2020/10/11, 45, 
2020/10/12, 41, 
2020/10/13, 42, 
2020/10/14, 41, 
2020/10/15, 40, 
2020/10/16, 40, 
2020/10/17, 49, 
2020/10/18, 58, 
2020/10/19, 48, 
2020/10/20, 38, 
2020/10/21, 32, 
2020/10/22, 31, 
2020/10/23, 36, 
2020/10/24, 38, 
2020/10/25, 38, 
2020/10/26, 32, 
2020/10/27, 31, 
2020/10/28, 32, 
2020/10/29, 38, 
2020/10/30, 37, 
2020/10/31, 46, 
2020/11/1, 54, 
2020/11/2, 51, 
2020/11/3, 51, 
2020/11/4, 46, 
2020/11/5, 57, 
2020/11/6, 56, 
2020/11/7, 48, 
2020/11/8, 42, 
2020/11/9, 31, 
2020/11/10, 35, 
2020/11/11, 51, 
2020/11/12, 47, 
2020/11/13, 44, 
2020/11/14, 47, 
2020/11/15, 47, 
2020/11/16, 40, 
2020/11/17, 42, 
2020/11/18, 47, 
2020/11/19, 52, 
2020/11/20, 48, 
2020/11/21, 50, 
2020/11/22, 58, 
2020/11/23, 55, 
2020/11/24, 42, 
2020/11/25, 46, 
2020/11/26, 39, 
2020/11/27, 34, 
2020/11/28, 41, 
2020/11/29, 53, 
2020/11/30, 49, 
2020/12/1, 50, 
2020/12/2, 44, 
2020/12/3, 40, 
2020/12/4, 40, 
2020/12/5, 41, 
2020/12/6, 44, 
2020/12/7, 49, 
2020/12/8, 53, 
2020/12/9, 45, 
2020/12/10, 50, 
2020/12/11, 47, 
2020/12/12, 49, 
2020/12/13, 42, 
2020/12/14, 50, 
2020/12/15, 53, 
2020/12/16, 45, 
2020/12/17, 45, 
2020/12/18, 52, 
2020/12/19, 48, 
2020/12/20, 44, 
2020/12/21, 36, 
2020/12/22, 44, 
2020/12/23, 44, 
2020/12/24, 41, 
2020/12/25, 48, 
2020/12/26, 57, 
2020/12/27, 46, 
2020/12/28, 40, 
2020/12/29, 35, 
2020/12/30, 47, 
2020/12/31, 58, 
2021/1/1, 52, 
2021/1/2, 55, 
2021/1/3, 29, 
2021/1/4, 30, 
2020/7/2, 57, 
2020/7/3, 53, 
2020/7/4, 51, 
2020/7/5, 57, 
2020/7/6, 49, 
2020/7/7, 52, 
2020/7/8, 48, 
2020/7/9, 53, 
2020/7/10, 61, 
2020/7/11, 48, 
2020/7/12, 46, 
2020/7/13, 51, 
2020/7/14, 45, 
2020/7/15, 69, 
2020/7/16, 84, 
2020/7/17, 81, 
2020/7/18, 65, 
2020/7/19, 54, 
2020/7/20, 49, 
2020/7/21, 53, 
2020/7/22, 52, 
2020/7/23, 50, 
2020/7/24, 48, 
2020/7/25, 42, 
2020/7/26, 53, 
2020/7/27, 64, 
2020/7/28, 58, 
2020/7/29, 55, 
2020/7/30, 52, 
2020/7/31, 53, 
2020/8/1, 60, 
2020/8/2, 63, 
2020/8/3, 51, 
2020/8/4, 54, 
2020/8/5, 49, 
2020/8/6, 45, 
2020/8/7, 51, 
2020/8/8, 55, 
2020/8/9, 61, 
2020/8/10, 64, 
2020/8/11, 62, 
2020/8/12, 55, 
2020/8/13, 51, 
2020/8/14, 54, 
2020/8/15, 53, 
2020/8/16, 51, 
2020/8/17, 52, 
2020/8/18, 51, 
2020/8/19, 32, 
2020/8/20, 35, 
2020/8/21, 45, 
2020/8/22, 58, 
2020/8/23, 60, 
2020/8/24, 52, 
2020/8/25, 31, 
2020/8/26, 37, 
2020/8/27, 41, 
2020/8/28, 42, 
2020/8/29, 31, 
2020/8/30, 30, 
2020/8/31, 41, 
2020/9/1, 34, 
2020/9/2, 26, 
2020/9/3, 34, 
2020/9/4, 40, 
2020/9/5, 38, 
2020/9/6, 50, 
2020/9/7, 52, 
2020/9/8, 49, 
2020/9/9, 46, 
2020/9/10, 52, 
2020/9/11, 53, 
2020/9/12, 55, 
2020/9/13, 40, 
2020/9/14, 39, 
2020/9/15, 46, 
2020/9/16, 46, 
2020/9/17, 43, 
2020/9/18, 57, 
2020/9/19, 70, 
2020/9/20, 62, 
2020/9/21, 53, 
2020/9/22, 52, 
2020/9/23, 65, 
2020/9/24, 52, 
2020/9/25, 52, 
2020/9/26, 48, 
2020/9/27, 43, 
2020/9/28, 40, 
2020/9/29, 39, 
2020/9/30, 41, 
2020/10/1, 42, 
2020/4/2, 45, 
2020/4/3, 41, 
2020/4/4, 47, 
2020/4/5, 43, 
2020/4/6, 35, 
2020/4/7, 44, 
2020/4/8, 42, 
2020/4/9, 39, 
2020/4/10, 35, 
2020/4/11, 29, 
2020/4/12, 33, 
2020/4/13, 24, 
2020/4/14, 32, 
2020/4/15, 37, 
2020/4/16, 36, 
2020/4/17, 32, 
2020/4/18, 59, 
2020/4/19, 52, 
2020/4/20, 52, 
2020/4/21, 43, 
2020/4/22, 50, 
2020/4/23, 51, 
2020/4/24, 47, 
2020/4/25, 38, 
2020/4/26, 54, 
2020/4/27, 47, 
2020/4/28, 43, 
2020/4/29, 44, 
2020/4/30, 40, 
2020/5/1, 31, 
2020/5/2, 49, 
2020/5/3, 49, 
2020/5/4, 50, 
2020/5/5, 45, 
2020/5/6, 52, 
2020/5/7, 52, 
2020/5/8, 53, 
2020/5/9, 62, 
2020/5/10, 63, 
2020/5/11, 65, 
2020/5/12, 66, 
2020/5/13, 56, 
2020/5/14, 61, 
2020/5/15, 61, 
2020/5/16, 67, 
2020/5/17, 64, 
2020/5/18, 56, 
2020/5/19, 54, 
2020/5/20, 46, 
2020/5/21, 44, 
2020/5/22, 55, 
2020/5/23, 54, 
2020/5/24, 58, 
2020/5/25, 56, 
2020/5/26, 49, 
2020/5/27, 43, 
2020/5/28, 52, 
2020/5/29, 45, 
2020/5/30, 28, 
2020/5/31, 32, 
2020/6/1, 34, 
2020/6/2, 31, 
2020/6/3, 36, 
2020/6/4, 28, 
2020/6/5, 35, 
2020/6/6, 51, 
2020/6/7, 58, 
2020/6/8, 46, 
2020/6/9, 42, 
2020/6/10, 53, 
2020/6/11, 41, 
2020/6/12, 26, 
2020/6/13, 26, 
2020/6/14, 38, 
2020/6/15, 48, 
2020/6/16, 35, 
2020/6/17, 34, 
2020/6/18, 31, 
2020/6/19, 52, 
2020/6/20, 47, 
2020/6/21, 34, 
2020/6/22, 42, 
2020/6/23, 50, 
2020/6/24, 41, 
2020/6/25, 44, 
2020/6/26, 46, 
2020/6/27, 50, 
2020/6/28, 50, 
2020/6/29, 54, 
2020/6/30, 49, 
2020/7/1, 50, 
2020/1/2, 71, 
2020/1/3, 24, 
2020/1/4, 30, 
2020/1/5, 33, 
2020/1/6, 29, 
2020/1/7, 30, 
2020/1/8, 31, 
2020/1/9, 35, 
2020/1/10, 40, 
2020/1/11, 40, 
2020/1/12, 34, 
2020/1/13, 43, 
2020/1/14, 37, 
2020/1/15, 28, 
2020/1/16, 29, 
2020/1/17, 28, 
2020/1/18, 27, 
2020/1/19, 26, 
2020/1/20, 30, 
2020/1/21, 25, 
2020/1/22, 22, 
2020/1/23, 22, 
2020/1/24, 18, 
2020/1/25, 18, 
2020/1/26, 16, 
2020/1/27, 23, 
2020/1/28, 25, 
2020/1/29, 27, 
2020/1/30, 26, 
2020/1/31, 30, 
2020/2/1, 34, 
2020/2/2, 44, 
2020/2/3, 39, 
2020/2/4, 39, 
2020/2/5, 38, 
2020/2/6, 34, 
2020/2/7, 36, 
2020/2/8, 42, 
2020/2/9, 41, 
2020/2/10, 35, 
2020/2/11, 35, 
2020/2/12, 37, 
2020/2/13, 35, 
2020/2/14, 37, 
2020/2/15, 37, 
2020/2/16, 35, 
2020/2/17, 33, 
2020/2/18, 40, 
2020/2/19, 36, 
2020/2/20, 32, 
2020/2/21, 28, 
2020/2/22, 35, 
2020/2/23, 28, 
2020/2/24, 21, 
2020/2/25, 21, 
2020/2/26, 26, 
2020/2/27, 25, 
2020/2/28, 32, 
2020/2/29, 26, 
2020/3/1, 44, 
2020/3/2, 35, 
2020/3/3, 33, 
2020/3/4, 37, 
2020/3/5, 32, 
2020/3/6, 32, 
2020/3/7, 31, 
2020/3/8, 38, 
2020/3/9, 44, 
2020/3/10, 42, 
2020/3/11, 34, 
2020/3/12, 11, 
2020/3/13, 7, 
2020/3/14, 10, 
2020/3/15, 24, 
2020/3/16, 31, 
2020/3/17, 28, 
2020/3/18, 28, 
2020/3/19, 33, 
2020/3/20, 30, 
2020/3/21, 32, 
2020/3/22, 32, 
2020/3/23, 32, 
2020/3/24, 29, 
2020/3/25, 27, 
2020/3/26, 30, 
2020/3/27, 27, 
2020/3/28, 26, 
2020/3/29, 34, 
2020/3/30, 42, 
2020/3/31, 37, 
2020/4/1, 44, 
2019/10/2, 42, 
2019/10/3, 43, 
2019/10/4, 37, 
2019/10/5, 41, 
2019/10/6, 34, 
2019/10/7, 40, 
2019/10/8, 53, 
2019/10/9, 53, 
2019/10/10, 56, 
2019/10/11, 60, 
2019/10/12, 52, 
2019/10/13, 48, 
2019/10/14, 48, 
2019/10/15, 40, 
2019/10/16, 41, 
2019/10/17, 40, 
2019/10/18, 52, 
2019/10/19, 48, 
2019/10/20, 40, 
2019/10/21, 46, 
2019/10/22, 45, 
2019/10/23, 49, 
2019/10/24, 51, 
2019/10/25, 58, 
2019/10/26, 58, 
2019/10/27, 51, 
2019/10/28, 52, 
2019/10/29, 44, 
2019/10/30, 38, 
2019/10/31, 33, 
2019/11/1, 29, 
2019/11/2, 33, 
2019/11/3, 40, 
2019/11/4, 50, 
2019/11/5, 37, 
2019/11/6, 32, 
2019/11/7, 40, 
2019/11/8, 43, 
2019/11/9, 49, 
2019/11/10, 40, 
2019/11/11, 41, 
2019/11/12, 44, 
2019/11/13, 48, 
2019/11/14, 49, 
2019/11/15, 43, 
2019/11/16, 37, 
2019/11/17, 45, 
2019/11/18, 39, 
2019/11/19, 41, 
2019/11/20, 45, 
2019/11/21, 46, 
2019/11/22, 36, 
2019/11/23, 49, 
2019/11/24, 34, 
2019/11/25, 34, 
2019/11/26, 34, 
2019/11/27, 44, 
2019/11/28, 56, 
2019/11/29, 50, 
2019/11/30, 36, 
2019/12/1, 47, 
2019/12/2, 53, 
2019/12/3, 55, 
2019/12/4, 54, 
2019/12/7, 40, 
2019/12/11, 36, 
2019/12/12, 30, 
2019/12/13, 32, 
2019/12/14, 30, 
2019/12/15, 36, 
2019/12/16, 36, 
2019/12/17, 32, 
2019/12/18, 30, 
2019/12/19, 33, 
2019/12/20, 41, 
2019/12/21, 41, 
2019/12/22, 44, 
2019/12/23, 38, 
2019/12/24, 35, 
2019/12/25, 34, 
2019/12/26, 40, 
2019/12/27, 35, 
2019/12/28, 36, 
2019/12/29, 38, 
2019/12/30, 33, 
2019/7/2, 50, 
2019/7/3, 50, 
2019/7/4, 72, 
2019/7/5, 43, 
2019/7/6, 49, 
2019/7/7, 56, 
2019/7/8, 60, 
2019/7/9, 59, 
2019/7/10, 60, 
2019/7/11, 60, 
2019/7/12, 45, 
2019/7/13, 53, 
2019/7/14, 63, 
2019/7/15, 63, 
2019/7/16, 55, 
2019/7/17, 52, 
2019/7/18, 54, 
2019/7/19, 67, 
2019/7/20, 72, 
2019/7/21, 69, 
2019/7/22, 58, 
2019/7/23, 51, 
2019/7/24, 46, 
2019/7/25, 34, 
2019/7/26, 27, 
2019/7/27, 39, 
2019/7/28, 58, 
2019/7/29, 54, 
2019/7/30, 52, 
2019/7/31, 63, 
2019/8/1, 51, 
2019/8/2, 53, 
2019/8/3, 56, 
2019/8/4, 60, 
2019/8/5, 54, 
2019/8/6, 53, 
2019/8/7, 62, 
2019/8/8, 63, 
2019/8/9, 62, 
2019/8/10, 53, 
2019/8/11, 51, 
2019/8/12, 51, 
2019/8/13, 57, 
2019/8/14, 65, 
2019/8/15, 60, 
2019/8/16, 62, 
2019/8/17, 59, 
2019/8/18, 52, 
2019/8/19, 52, 
2019/8/20, 54, 
2019/8/21, 56, 
2019/8/22, 56, 
2019/8/23, 56, 
2019/8/24, 57, 
2019/8/25, 54, 
2019/8/26, 52, 
2019/8/27, 60, 
2019/8/28, 65, 
2019/8/29, 54, 
2019/8/30, 52, 
2019/8/31, 58, 
2019/9/1, 55, 
2019/9/2, 50, 
2019/9/3, 42, 
2019/9/4, 42, 
2019/9/5, 51, 
2019/9/6, 53, 
2019/9/7, 54, 
2019/9/8, 44, 
2019/9/9, 40, 
2019/9/10, 31, 
2019/9/11, 37, 
2019/9/12, 40, 
2019/9/13, 43, 
2019/9/14, 43, 
2019/9/15, 49, 
2019/9/16, 53, 
2019/9/17, 48, 
2019/9/18, 52, 
2019/9/19, 54, 
2019/9/20, 47, 
2019/9/21, 51, 
2019/9/22, 49, 
2019/9/23, 54, 
2019/9/24, 47, 
2019/9/25, 52, 
2019/9/26, 50, 
2019/9/27, 49, 
2019/9/28, 39, 
2019/9/29, 48, 
2019/9/30, 55, 
2019/10/1, 51, 
2019/4/2, 38, 
2019/4/3, 31, 
2019/4/4, 29, 
2019/4/5, 35, 
2019/4/6, 34, 
2019/4/7, 40, 
2019/4/8, 46, 
2019/4/9, 52, 
2019/4/10, 42, 
2019/4/11, 36, 
2019/4/12, 46, 
2019/4/13, 48, 
2019/4/14, 46, 
2019/4/15, 49, 
2019/4/16, 51, 
2019/4/17, 57, 
2019/4/18, 52, 
2019/4/19, 52, 
2019/4/20, 50, 
2019/4/21, 46, 
2019/4/22, 42, 
2019/4/23, 48, 
2019/4/24, 48, 
2019/4/25, 43, 
2019/4/26, 39, 
2019/4/27, 41, 
2019/4/28, 51, 
2019/4/29, 51, 
2019/4/30, 38, 
2019/5/1, 40, 
2019/5/2, 54, 
2019/5/3, 52, 
2019/5/4, 49, 
2019/5/5, 48, 
2019/5/6, 56, 
2019/5/7, 55, 
2019/5/8, 55, 
2019/5/9, 55, 
2019/5/10, 49, 
2019/5/11, 44, 
2019/5/12, 37, 
2019/5/13, 39, 
2019/5/14, 48, 
2019/5/15, 63, 
2019/5/16, 60, 
2019/5/17, 69, 
2019/5/18, 60, 
2019/5/19, 45, 
2019/5/20, 39, 
2019/5/21, 39, 
2019/5/22, 42, 
2019/5/23, 48, 
2019/5/24, 51, 
2019/5/25, 61, 
2019/5/26, 51, 
2019/5/27, 29, 
2019/5/28, 28, 
2019/5/29, 41, 
2019/5/30, 52, 
2019/5/31, 46, 
2019/6/1, 44, 
2019/6/2, 51, 
2019/6/3, 53, 
2019/6/4, 55, 
2019/6/5, 63, 
2019/6/6, 55, 
2019/6/7, 43, 
2019/6/8, 42, 
2019/6/9, 34, 
2019/6/10, 39, 
2019/6/11, 44, 
2019/6/12, 65, 
2019/6/13, 53, 
2019/6/14, 53, 
2019/6/15, 60, 
2019/6/16, 51, 
2019/6/17, 45, 
2019/6/18, 48, 
2019/6/19, 58, 
2019/6/20, 59, 
2019/6/21, 41, 
2019/6/22, 41, 
2019/6/23, 163, 
2019/6/24, 167, 
2019/6/25, 66, 
2019/6/26, 41, 
2019/6/27, 49, 
2019/6/28, 52, 
2019/6/29, 53, 
2019/6/30, 59, 
2019/7/1, 58, 
2019/1/2, 67, 
2019/1/3, 27, 
2019/1/4, 25, 
2019/1/5, 22, 
2019/1/6, 21, 
2019/1/7, 22, 
2019/1/8, 23, 
2019/1/9, 24, 
2019/1/10, 25, 
2019/1/11, 22, 
2019/1/12, 20, 
2019/1/13, 20, 
2019/1/14, 25, 
2019/1/15, 24, 
2019/1/16, 22, 
2019/1/17, 20, 
2019/1/18, 21, 
2019/1/19, 23, 
2019/1/20, 22, 
2019/1/21, 25, 
2019/1/22, 23, 
2019/1/23, 28, 
2019/1/24, 24, 
2019/1/25, 26, 
2019/1/26, 27, 
2019/1/27, 27, 
2019/2/1, 24, 
2019/2/2, 27, 
2019/2/3, 36, 
2019/2/4, 37, 
2019/2/5, 20, 
2019/2/6, 14, 
2019/2/7, 20, 
2019/2/8, 25, 
2019/2/9, 27, 
2019/2/10, 59, 
2019/2/11, 102, 
2019/2/13, 30, 
2019/2/14, 35, 
2019/2/15, 31, 
2019/2/16, 29, 
2019/2/17, 25, 
2019/2/18, 34, 
2019/2/19, 24, 
2019/2/20, 29, 
2019/2/21, 33, 
2019/2/22, 38, 
2019/2/23, 37, 
2019/2/24, 37, 
2019/2/25, 24, 
2019/2/26, 13, 
2019/2/27, 22, 
2019/2/28, 26, 
2019/3/1, 14, 
2019/3/2, 7, 
2019/3/3, 6, 
2019/3/4, 34, 
2019/3/5, 40, 
2019/3/6, 40, 
2019/3/7, 39, 
2019/3/8, 37, 
2019/3/9, 39, 
2019/3/10, 46, 
2019/3/11, 40, 
2019/3/12, 39, 
2019/3/13, 39, 
2019/3/14, 35, 
2019/3/15, 38, 
2019/3/16, 34, 
2019/3/17, 42, 
2019/3/18, 47, 
2019/3/19, 43, 
2019/3/20, 46, 
2019/3/21, 43, 
2019/3/22, 44, 
2019/3/23, 54, 
2019/3/24, 57, 
2019/3/25, 47, 
2019/3/26, 42, 
2019/3/27, 48, 
2019/3/28, 52, 
2019/3/29, 45, 
2019/3/30, 44, 
2019/3/31, 46, 
2018/10/2, 37, 
2018/10/3, 30, 
2018/10/4, 35, 
2018/10/5, 35, 
2018/10/6, 37, 
2018/10/7, 41, 
2018/10/8, 45, 
2018/10/9, 38, 
2018/10/10, 41, 
2018/10/11, 50, 
2018/10/12, 36, 
2018/10/13, 22, 
2018/10/14, 24, 
2018/10/15, 31, 
2018/10/16, 35, 
2018/10/17, 31, 
2018/10/18, 28, 
2018/10/19, 40, 
2018/10/20, 40, 
2018/10/21, 37, 
2018/10/22, 36, 
2018/10/23, 21, 
2018/10/24, 23, 
2018/10/25, 46, 
2018/10/26, 44, 
2018/10/27, 50, 
2018/10/28, 42, 
2018/10/29, 35, 
2018/10/30, 25, 
2018/10/31, 19, 
2018/11/1, 27, 
2018/11/2, 31, 
2018/11/3, 21, 
2018/11/4, 20, 
2018/11/5, 27, 
2018/11/6, 32, 
2018/11/7, 37, 
2018/11/8, 42, 
2018/11/9, 40, 
2018/11/10, 26, 
2018/11/11, 20, 
2018/11/12, 23, 
2018/11/13, 30, 
2018/11/14, 47, 
2018/11/15, 44, 
2018/11/16, 33, 
2018/11/17, 24, 
2018/11/18, 35, 
2018/11/19, 30, 
2018/11/20, 27, 
2018/11/21, 30, 
2018/11/22, 30, 
2018/11/23, 27, 
2018/11/24, 35, 
2018/11/27, 28, 
2018/11/28, 31, 
2018/11/29, 33, 
2018/11/30, 19, 
2018/12/1, 9, 
2018/12/2, 11, 
2018/12/3, 16, 
2018/12/4, 19, 
2018/12/5, 24, 
2018/12/6, 35, 
2018/12/7, 45, 
2018/12/8, 25, 
2018/12/9, 24, 
2018/12/10, 32, 
2018/12/11, 32, 
2018/12/12, 26, 
2018/12/13, 29, 
2018/12/14, 23, 
2018/12/15, 26, 
2018/12/16, 27, 
2018/12/17, 23, 
2018/12/18, 23, 
2018/12/19, 28, 
2018/12/20, 31, 
2018/12/21, 31, 
2018/12/22, 23, 
2018/12/23, 24, 
2018/12/24, 28, 
2018/12/25, 29, 
2018/12/26, 32, 
2018/12/27, 31, 
2018/12/28, 34, 
2018/12/29, 33, 
2018/12/30, 43, 
2018/12/31, 36, 
2018/7/2, 65, 
2018/7/3, 59, 
2018/7/4, 48, 
2018/7/5, 51, 
2018/7/6, 57, 
2018/7/7, 64, 
2018/7/8, 62, 
2018/7/9, 52, 
2018/7/10, 40, 
2018/7/11, 36, 
2018/7/12, 56, 
2018/7/13, 66, 
2018/7/14, 66, 
2018/7/15, 67, 
2018/7/16, 71, 
2018/7/17, 66, 
2018/7/18, 65, 
2018/7/19, 56, 
2018/7/20, 58, 
2018/7/21, 56, 
2018/7/22, 50, 
2018/7/23, 55, 
2018/7/24, 39, 
2018/7/25, 31, 
2018/7/26, 41, 
2018/7/27, 49, 
2018/7/28, 38, 
2018/7/29, 42, 
2018/7/30, 51, 
2018/7/31, 41, 
2018/8/1, 56, 
2018/8/2, 52, 
2018/8/3, 52, 
2018/8/4, 69, 
2018/8/5, 57, 
2018/8/6, 42, 
2018/8/7, 48, 
2018/8/8, 54, 
2018/8/9, 55, 
2018/8/10, 56, 
2018/8/11, 53, 
2018/8/12, 53, 
2018/8/13, 50, 
2018/8/14, 45, 
2018/8/15, 45, 
2018/8/16, 56, 
2018/8/17, 56, 
2018/8/18, 50, 
2018/8/19, 52, 
2018/8/20, 43, 
2018/8/21, 45, 
2018/8/22, 51, 
2018/8/23, 58, 
2018/8/24, 54, 
2018/8/25, 52, 
2018/8/26, 46, 
2018/8/27, 33, 
2018/8/28, 39, 
2018/8/29, 41, 
2018/8/30, 45, 
2018/8/31, 39, 
2018/9/1, 32, 
2018/9/2, 39, 
2018/9/3, 50, 
2018/9/4, 48, 
2018/9/5, 37, 
2018/9/6, 34, 
2018/9/7, 34, 
2018/9/8, 40, 
2018/9/9, 50, 
2018/9/10, 55, 
2018/9/11, 52, 
2018/9/12, 54, 
2018/9/13, 49, 
2018/9/14, 40, 
2018/9/15, 43, 
2018/9/16, 51, 
2018/9/17, 45, 
2018/9/18, 48, 
2018/9/19, 48, 
2018/9/20, 54, 
2018/9/21, 50, 
2018/9/22, 46, 
2018/9/23, 34, 
2018/9/24, 31, 
2018/9/25, 37, 
2018/9/26, 44, 
2018/9/27, 40, 
2018/9/28, 41, 
2018/9/29, 40, 
2018/9/30, 46, 
2018/10/1, 44, 
2018/4/2, 48, 
2018/4/3, 49, 
2018/4/4, 51, 
2018/4/5, 53, 
2018/4/6, 52, 
2018/4/7, 41, 
2018/4/8, 55, 
2018/4/9, 46, 
2018/4/10, 43, 
2018/4/11, 45, 
2018/4/12, 50, 
2018/4/13, 41, 
2018/4/14, 31, 
2018/4/15, 35, 
2018/4/16, 44, 
2018/4/17, 44, 
2018/4/18, 39, 
2018/4/19, 43, 
2018/4/20, 47, 
2018/4/21, 44, 
2018/4/22, 53, 
2018/4/23, 53, 
2018/4/24, 53, 
2018/4/25, 52, 
2018/4/26, 53, 
2018/4/27, 54, 
2018/4/28, 56, 
2018/4/29, 50, 
2018/4/30, 51, 
2018/5/1, 48, 
2018/5/2, 52, 
2018/5/3, 49, 
2018/5/4, 43, 
2018/5/5, 43, 
2018/5/6, 41, 
2018/5/7, 49, 
2018/5/8, 51, 
2018/5/9, 53, 
2018/5/10, 50, 
2018/5/11, 48, 
2018/5/12, 52, 
2018/5/13, 51, 
2018/5/14, 41, 
2018/5/15, 52, 
2018/5/16, 55, 
2018/5/17, 56, 
2018/5/18, 59, 
2018/5/19, 56, 
2018/5/20, 63, 
2018/5/21, 53, 
2018/5/22, 50, 
2018/5/23, 56, 
2018/5/24, 66, 
2018/5/25, 72, 
2018/5/26, 73, 
2018/5/27, 67, 
2018/5/28, 65, 
2018/5/29, 64, 
2018/5/30, 64, 
2018/5/31, 66, 
2018/6/1, 67, 
2018/6/2, 59, 
2018/6/3, 55, 
2018/6/4, 53, 
2018/6/5, 56, 
2018/6/6, 69, 
2018/6/7, 66, 
2018/6/8, 66, 
2018/6/9, 65, 
2018/6/10, 61, 
2018/6/11, 54, 
2018/6/12, 49, 
2018/6/13, 55, 
2018/6/14, 56, 
2018/6/15, 58, 
2018/6/16, 65, 
2018/6/17, 90, 
2018/6/18, 100, 
2018/6/19, 78, 
2018/6/20, 71, 
2018/6/21, 71, 
2018/6/22, 67, 
2018/6/23, 51, 
2018/6/24, 30, 
2018/6/25, 41, 
2018/6/26, 50, 
2018/6/27, 57, 
2018/6/28, 58, 
2018/6/29, 46, 
2018/6/30, 36, 
2018/7/1, 56, 
2018/1/2, 65, 
2018/1/3, 31, 
2018/1/4, 39, 
2018/1/5, 51, 
2018/1/6, 40, 
2018/1/7, 35, 
2018/1/8, 26, 
2018/1/9, 34, 
2018/1/10, 43, 
2018/1/11, 44, 
2018/1/12, 42, 
2018/1/13, 45, 
2018/1/14, 45, 
2018/1/15, 45, 
2018/1/16, 40, 
2018/1/17, 51, 
2018/1/18, 49, 
2018/1/19, 45, 
2018/1/20, 47, 
2018/1/21, 51, 
2018/1/22, 43, 
2018/1/23, 49, 
2018/1/24, 46, 
2018/1/25, 44, 
2018/1/26, 46, 
2018/1/27, 50, 
2018/1/28, 49, 
2018/1/29, 47, 
2018/1/30, 43, 
2018/1/31, 44, 
2018/2/1, 46, 
2018/2/2, 53, 
2018/2/3, 46, 
2018/2/4, 46, 
2018/2/5, 41, 
2018/2/6, 40, 
2018/2/7, 45, 
2018/2/8, 53, 
2018/2/9, 47, 
2018/2/10, 43, 
2018/2/11, 39, 
2018/2/12, 36, 
2018/2/13, 45, 
2018/2/14, 44, 
2018/2/15, 41, 
2018/2/16, 40, 
2018/2/17, 41, 
2018/2/18, 16, 
2018/2/19, 11, 
2018/2/20, 14, 
2018/2/21, 32, 
2018/2/22, 33, 
2018/2/23, 29, 
2018/2/24, 27, 
2018/2/25, 24, 
2018/2/26, 24, 
2018/3/3, 35, 
2018/3/4, 40, 
2018/3/5, 56, 
2018/3/6, 51, 
2018/3/7, 44, 
2018/3/8, 53, 
2018/3/9, 54, 
2018/3/10, 57, 
2018/3/11, 55, 
2018/3/12, 51, 
2018/3/13, 45, 
2018/3/14, 49, 
2018/3/15, 47, 
2018/3/16, 39, 
2018/3/17, 43, 
2018/3/18, 41, 
2018/3/19, 40, 
2018/3/20, 38, 
2018/3/21, 40, 
2018/3/22, 46, 
2018/3/23, 43, 
2018/3/24, 40, 
2018/3/25, 43, 
2018/3/26, 38, 
2018/3/27, 39, 
2018/3/28, 41, 
2018/3/29, 41, 
2018/3/30, 40, 
2018/3/31, 50, 
2018/4/1, 52, 
2017/10/2, 50, 
2017/10/3, 52, 
2017/10/4, 51, 
2017/10/5, 45, 
2017/10/6, 43, 
2017/10/7, 57, 
2017/10/8, 51, 
2017/10/9, 44, 
2017/10/10, 43, 
2017/10/11, 42, 
2017/10/12, 39, 
2017/10/13, 42, 
2017/10/14, 47, 
2017/10/15, 56, 
2017/10/16, 56, 
2017/10/17, 52, 
2017/10/18, 60, 
2017/10/19, 63, 
2017/10/20, 60, 
2017/10/21, 53, 
2017/10/22, 43, 
2017/10/23, 43, 
2017/10/24, 47, 
2017/10/25, 50, 
2017/10/27, 52, 
2017/10/28, 46, 
2017/10/29, 42, 
2017/10/30, 41, 
2017/10/31, 48, 
2017/11/1, 48, 
2017/11/2, 61, 
2017/11/3, 50, 
2017/11/4, 52, 
2017/11/5, 52, 
2017/11/6, 40, 
2017/11/7, 32, 
2017/11/8, 36, 
2017/11/9, 44, 
2017/11/10, 38, 
2017/11/11, 34, 
2017/11/12, 29, 
2017/11/13, 31, 
2017/11/14, 34, 
2017/11/15, 36, 
2017/11/16, 35, 
2017/11/17, 39, 
2017/11/18, 33, 
2017/11/19, 38, 
2017/11/20, 36, 
2017/11/21, 40, 
2017/11/22, 47, 
2017/11/24, 49, 
2017/11/25, 45, 
2017/11/26, 56, 
2017/11/27, 53, 
2017/11/28, 48, 
2017/11/29, 55, 
2017/11/30, 56, 
2017/12/1, 63, 
2017/12/2, 59, 
2017/12/3, 53, 
2017/12/4, 53, 
2017/12/5, 55, 
2017/12/6, 54, 
2017/12/7, 51, 
2017/12/8, 58, 
2017/12/9, 56, 
2017/12/10, 52, 
2017/12/11, 53, 
2017/12/12, 41, 
2017/12/13, 46, 
2017/12/14, 54, 
2017/12/15, 55, 
2017/12/16, 46, 
2017/12/17, 48, 
2017/12/18, 45, 
2017/12/19, 37, 
2017/12/20, 38, 
2017/12/21, 42, 
2017/12/22, 44, 
2017/12/23, 47, 
2017/12/24, 43, 
2017/12/25, 43, 
2017/12/26, 49, 
2017/12/27, 44, 
2017/12/28, 46, 
2017/12/29, 49, 
2017/12/30, 41, 
2017/12/31, 43, 
2018/1/1, 37, 
2017/7/2, 56, 
2017/7/3, 65, 
2017/7/4, 68, 
2017/7/5, 52, 
2017/7/6, 66, 
2017/7/7, 61, 
2017/7/8, 63, 
2017/7/9, 64, 
2017/7/10, 60, 
2017/7/11, 55, 
2017/7/12, 53, 
2017/7/13, 53, 
2017/7/14, 44, 
2017/7/15, 58, 
2017/7/16, 52, 
2017/7/17, 45, 
2017/7/18, 42, 
2017/7/19, 48, 
2017/7/20, 58, 
2017/7/21, 63, 
2017/7/22, 50, 
2017/7/23, 53, 
2017/7/24, 62, 
2017/7/25, 69, 
2017/7/26, 69, 
2017/7/27, 67, 
2017/7/28, 60, 
2017/7/29, 53, 
2017/7/30, 53, 
2017/7/31, 51, 
2017/8/1, 52, 
2017/8/2, 54, 
2017/8/3, 57, 
2017/8/4, 54, 
2017/8/5, 59, 
2017/8/6, 63, 
2017/8/7, 68, 
2017/8/8, 62, 
2017/8/9, 58, 
2017/8/10, 58, 
2017/8/11, 53, 
2017/8/12, 45, 
2017/8/13, 37, 
2017/8/14, 49, 
2017/8/15, 54, 
2017/8/16, 50, 
2017/8/17, 51, 
2017/8/18, 57, 
2017/8/19, 61, 
2017/8/20, 53, 
2017/8/21, 59, 
2017/8/22, 56, 
2017/8/23, 52, 
2017/8/24, 52, 
2017/8/25, 54, 
2017/8/26, 56, 
2017/8/27, 59, 
2017/8/28, 55, 
2017/8/29, 52, 
2017/8/30, 54, 
2017/8/31, 57, 
2017/9/1, 51, 
2017/9/2, 48, 
2017/9/3, 51, 
2017/9/4, 54, 
2017/9/5, 47, 
2017/9/6, 42, 
2017/9/11, 37, 
2017/9/12, 46, 
2017/9/13, 40, 
2017/9/14, 45, 
2017/9/15, 53, 
2017/9/16, 45, 
2017/9/17, 49, 
2017/9/18, 53, 
2017/9/19, 68, 
2017/9/20, 84, 
2017/9/21, 59, 
2017/9/22, 51, 
2017/9/23, 42, 
2017/9/24, 45, 
2017/9/25, 46, 
2017/9/26, 38, 
2017/9/27, 55, 
2017/9/28, 55, 
2017/9/29, 53, 
2017/9/30, 49, 
2017/10/1, 58, 
2017/4/2, 56, 
2017/4/3, 59, 
2017/4/4, 50, 
2017/4/5, 49, 
2017/4/6, 56, 
2017/4/7, 58, 
2017/4/8, 56, 
2017/4/9, 61, 
2017/4/10, 60, 
2017/4/11, 59, 
2017/4/12, 54, 
2017/4/13, 54, 
2017/4/14, 57, 
2017/4/15, 57, 
2017/4/16, 55, 
2017/4/17, 55, 
2017/4/18, 52, 
2017/4/19, 47, 
2017/4/20, 46, 
2017/4/21, 49, 
2017/4/22, 64, 
2017/4/23, 57, 
2017/4/24, 56, 
2017/4/25, 55, 
2017/4/26, 55, 
2017/4/27, 58, 
2017/4/28, 55, 
2017/4/29, 57, 
2017/4/30, 64, 
2017/5/1, 65, 
2017/5/2, 60, 
2017/5/3, 57, 
2017/5/4, 68, 
2017/5/5, 57, 
2017/5/6, 52, 
2017/5/7, 59, 
2017/5/8, 53, 
2017/5/9, 47, 
2017/5/10, 53, 
2017/5/11, 53, 
2017/5/12, 48, 
2017/5/13, 43, 
2017/5/15, 50, 
2017/5/16, 51, 
2017/5/17, 29, 
2017/5/18, 43, 
2017/5/19, 47, 
2017/5/20, 46, 
2017/5/21, 43, 
2017/5/22, 51, 
2017/5/23, 56, 
2017/5/24, 53, 
2017/5/25, 50, 
2017/5/26, 47, 
2017/5/27, 49, 
2017/5/28, 58, 
2017/5/29, 65, 
2017/5/30, 54, 
2017/5/31, 57, 
2017/6/1, 57, 
2017/6/2, 55, 
2017/6/3, 51, 
2017/6/4, 50, 
2017/6/5, 53, 
2017/6/6, 53, 
2017/6/7, 56, 
2017/6/8, 54, 
2017/6/9, 48, 
2017/6/10, 51, 
2017/6/11, 52, 
2017/6/12, 46, 
2017/6/13, 46, 
2017/6/14, 46, 
2017/6/15, 60, 
2017/6/16, 69, 
2017/6/17, 62, 
2017/6/18, 63, 
2017/6/19, 56, 
2017/6/20, 43, 
2017/6/21, 44, 
2017/6/22, 58, 
2017/6/23, 56, 
2017/6/24, 69, 
2017/6/25, 75, 
2017/6/26, 64, 
2017/6/27, 55, 
2017/6/28, 46, 
2017/6/29, 45, 
2017/6/30, 40, 
2017/7/1, 40, 
2017/1/3, 28, 
2017/1/4, 18, 
2017/1/5, 25, 
2017/1/6, 21, 
2017/1/7, 26, 
2017/1/8, 23, 
2017/1/9, 34, 
2017/1/10, 24, 
2017/1/11, 19, 
2017/1/12, 14, 
2017/1/13, 15, 
2017/1/14, 21, 
2017/1/15, 24, 
2017/1/16, 20, 
2017/1/17, 23, 
2017/1/18, 31, 
2017/1/19, 34, 
2017/1/21, 13, 
2017/1/22, 22, 
2017/1/23, 13, 
2017/1/24, 17, 
2017/1/25, 20, 
2017/1/26, 23, 
2017/1/27, 29, 
2017/1/28, 31, 
2017/1/29, 33, 
2017/1/30, 35, 
2017/1/31, 35, 
2017/2/1, 48, 
2017/2/2, 42, 
2017/2/3, 47, 
2017/2/4, 51, 
2017/2/5, 47, 
2017/2/6, 42, 
2017/2/7, 35, 
2017/2/8, 34, 
2017/2/9, 34, 
2017/2/10, 44, 
2017/2/11, 38, 
2017/2/12, 32, 
2017/2/13, 23, 
2017/2/14, 31, 
2017/2/15, 30, 
2017/2/25, 30, 
2017/2/26, 16, 
2017/2/27, 11, 
2017/2/28, 13, 
2017/3/1, 20, 
2017/3/2, 42, 
2017/3/3, 54, 
2017/3/4, 54, 
2017/3/5, 60, 
2017/3/6, 54, 
2017/3/7, 57, 
2017/3/8, 60, 
2017/3/9, 61, 
2017/3/10, 60, 
2017/3/11, 57, 
2017/3/12, 58, 
2017/3/13, 58, 
2017/3/14, 58, 
2017/3/15, 58, 
2017/3/16, 58, 
2017/3/17, 54, 
2017/3/18, 50, 
2017/3/19, 54, 
2017/3/20, 51, 
2017/3/21, 48, 
2017/3/22, 53, 
2017/3/23, 57, 
2017/3/24, 60, 
2017/3/25, 63, 
2017/3/26, 61, 
2017/3/27, 53, 
2017/3/28, 53, 
2017/3/29, 53, 
2017/3/30, 54, 
2017/3/31, 55, 
2017/4/1, 51, 
2016/10/2, 37, 
2016/10/3, 34, 
2016/10/4, 36, 
2016/10/5, 47, 
2016/10/6, 41, 
2016/10/7, 32, 
2016/10/8, 30, 
2016/10/9, 32, 
2016/10/10, 34, 
2016/10/11, 38, 
2016/10/12, 50, 
2016/10/13, 59, 
2016/10/14, 58, 
2016/10/15, 57, 
2016/10/16, 52, 
2016/10/17, 38, 
2016/10/18, 28, 
2016/10/19, 33, 
2016/10/20, 44, 
2016/10/21, 33, 
2016/10/22, 32, 
2016/10/23, 37, 
2016/10/24, 37, 
2016/10/25, 36, 
2016/10/26, 40, 
2016/10/27, 33, 
2016/10/28, 26, 
2016/10/29, 34, 
2016/10/30, 32, 
2016/10/31, 38, 
2016/11/1, 37, 
2016/11/2, 38, 
2016/11/3, 39, 
2016/11/4, 33, 
2016/11/5, 33, 
2016/11/6, 45, 
2016/11/7, 42, 
2016/11/8, 43, 
2016/11/9, 35, 
2016/11/10, 40, 
2016/11/11, 49, 
2016/11/12, 44, 
2016/11/13, 29, 
2016/11/14, 28, 
2016/11/15, 29, 
2016/11/16, 31, 
2016/11/17, 35, 
2016/11/18, 47, 
2016/11/19, 50, 
2016/11/20, 54, 
2016/11/21, 49, 
2016/11/22, 36, 
2016/11/23, 32, 
2016/11/24, 37, 
2016/11/25, 42, 
2016/11/26, 36, 
2016/11/27, 32, 
2016/11/28, 38, 
2016/11/29, 34, 
2016/11/30, 42, 
2016/12/1, 42, 
2016/12/2, 75, 
2016/12/3, 43, 
2016/12/4, 40, 
2016/12/5, 46, 
2016/12/6, 39, 
2016/12/7, 38, 
2016/12/8, 38, 
2016/12/9, 38, 
2016/12/10, 26, 
2016/12/11, 25, 
2016/12/12, 27, 
2016/12/13, 22, 
2016/12/14, 30, 
2016/12/15, 33, 
2016/12/16, 40, 
2016/12/17, 46, 
2016/12/18, 31, 
2016/12/19, 29, 
2016/12/20, 27, 
2016/12/21, 36, 
2016/12/22, 32, 
2016/12/23, 26, 
2016/12/24, 23, 
2016/12/25, 28, 
2016/12/26, 39, 
2016/12/27, 28, 
2016/12/28, 25, 
2016/12/29, 21, 
2016/12/30, 26, 
2016/12/31, 28, 
2017/1/1, 33, 
2017/1/2, 62, 
2016/7/2, 58, 
2016/7/3, 27, 
2016/7/4, 23, 
2016/7/5, 18, 
2016/7/6, 24, 
2016/7/7, 49, 
2016/7/8, 46, 
2016/7/9, 52, 
2016/7/10, 87, 
2016/7/11, 89, 
2016/7/12, 46, 
2016/7/13, 53, 
2016/7/14, 58, 
2016/7/15, 57, 
2016/7/16, 50, 
2016/7/17, 49, 
2016/7/18, 48, 
2016/7/19, 46, 
2016/7/20, 52, 
2016/7/21, 62, 
2016/7/22, 62, 
2016/7/23, 57, 
2016/7/24, 58, 
2016/7/25, 58, 
2016/7/26, 48, 
2016/7/27, 60, 
2016/7/28, 53, 
2016/7/29, 39, 
2016/7/30, 36, 
2016/7/31, 44, 
2016/8/1, 46, 
2016/8/2, 69, 
2016/8/3, 63, 
2016/8/4, 54, 
2016/8/5, 52, 
2016/8/6, 51, 
2016/8/7, 44, 
2016/8/8, 55, 
2016/8/9, 48, 
2016/8/10, 51, 
2016/8/11, 62, 
2016/8/12, 59, 
2016/8/13, 66, 
2016/8/14, 63, 
2016/8/15, 55, 
2016/8/16, 62, 
2016/8/17, 58, 
2016/8/18, 48, 
2016/8/19, 45, 
2016/8/20, 45, 
2016/8/21, 49, 
2016/8/22, 57, 
2016/8/23, 50, 
2016/8/24, 60, 
2016/8/25, 58, 
2016/8/26, 54, 
2016/8/27, 49, 
2016/8/28, 47, 
2016/8/29, 56, 
2016/8/30, 45, 
2016/8/31, 50, 
2016/9/1, 48, 
2016/9/2, 44, 
2016/9/3, 55, 
2016/9/4, 55, 
2016/9/5, 47, 
2016/9/6, 48, 
2016/9/7, 58, 
2016/9/8, 59, 
2016/9/9, 52, 
2016/9/10, 56, 
2016/9/11, 66, 
2016/9/12, 54, 
2016/9/13, 50, 
2016/9/14, 41, 
2016/9/15, 53, 
2016/9/16, 51, 
2016/9/17, 53, 
2016/9/18, 62, 
2016/9/19, 64, 
2016/9/20, 59, 
2016/9/21, 53, 
2016/9/22, 45, 
2016/9/23, 47, 
2016/9/24, 49, 
2016/9/25, 54, 
2016/9/26, 54, 
2016/9/27, 50, 
2016/9/28, 50, 
2016/9/29, 55, 
2016/9/30, 59, 
2016/10/1, 50, 
2016/4/2, 47, 
2016/4/3, 33, 
2016/4/5, 45, 
2016/4/6, 31, 
2016/4/7, 27, 
2016/4/8, 37, 
2016/4/9, 37, 
2016/4/10, 33, 
2016/4/11, 32, 
2016/4/12, 22, 
2016/4/13, 28, 
2016/4/14, 33, 
2016/4/15, 45, 
2016/4/16, 34, 
2016/4/17, 33, 
2016/4/18, 48, 
2016/4/19, 39, 
2016/4/20, 44, 
2016/4/21, 32, 
2016/4/22, 45, 
2016/4/23, 30, 
2016/4/24, 34, 
2016/4/25, 46, 
2016/4/26, 29, 
2016/4/27, 29, 
2016/4/28, 29, 
2016/4/29, 29, 
2016/4/30, 28, 46
2016/5/1, 42, 18
2016/5/2, 60, 17
2016/5/3, 50, 
2016/5/4, 53, 
2016/5/5, 45, 
2016/5/6, 39, 
2016/5/7, 50, 
2016/5/8, 62, 
2016/5/9, 49, 
2016/5/10, 32, 
2016/5/11, 51, 
2016/5/12, 43, 
2016/5/13, 46, 
2016/5/14, 60, 
2016/5/15, 48, 
2016/5/16, 44, 
2016/5/17, 44, 
2016/5/18, 36, 
2016/5/19, 33, 
2016/5/20, 50, 
2016/5/21, 65, 
2016/5/22, 46, 
2016/5/23, 48, 
2016/5/24, 50, 
2016/5/25, 55, 
2016/5/27, 57, 
2016/5/28, 60, 
2016/5/29, 56, 
2016/5/30, 52, 
2016/5/31, 57, 
2016/6/1, 58, 
2016/6/2, 58, 
2016/6/3, 75, 
2016/6/4, 80, 
2016/6/5, 51, 
2016/6/6, 51, 
2016/6/7, 51, 
2016/6/8, 49, 
2016/6/9, 51, 
2016/6/10, 58, 
2016/6/11, 64, 
2016/6/12, 67, 
2016/6/13, 58, 
2016/6/14, 53, 
2016/6/15, 51, 
2016/6/16, 61, 
2016/6/17, 64, 
2016/6/18, 51, 
2016/6/19, 38, 
2016/6/20, 53, 
2016/6/21, 53, 
2016/6/22, 59, 
2016/6/23, 62, 
2016/6/24, 61, 
2016/6/25, 56, 
2016/6/26, 48, 
2016/6/27, 44, 
2016/6/28, 60, 
2016/6/29, 51, 
2016/6/30, 105, 
2016/7/1, 80, 
2016/2/23, 27, 
2016/2/24, 28, 
2016/2/25, 32, 
2016/2/26, 37, 
2016/2/27, 28, 
2016/2/28, 25, 
2016/2/29, 29, 
2016/3/1, 32, 
2016/3/2, 34, 
2016/3/3, 32, 
2016/3/4, 41, 
2016/3/5, 41, 
2016/3/6, 39, 
2016/3/7, 42, 
2016/3/8, 38, 
2016/3/9, 32, 
2016/3/10, 34, 
2016/3/11, 39, 
2016/3/12, 41, 
2016/3/13, 36, 
2016/3/14, 34, 
2016/3/15, 36, 
2016/3/16, 39, 
2016/3/17, 37, 
2016/3/18, 32, 
2016/3/19, 28, 
2016/3/20, 28, 
2016/3/21, 32, 
2016/3/22, 40, 
2016/3/23, 38, 
2016/3/24, 33, 
2016/3/25, 9, 
2016/3/26, 10, 
2016/3/27, 14, 
2016/3/28, 48, 
2016/3/29, 41, 
2016/3/30, 38, 
2016/3/31, 45, 
2016/4/1, 53, 